"run_id","package_version","source_archive_sha256","cpu_profile","requested_blas_threads","reported_blas_threads","loaded_blas_library","scenario_id","design_partition","factor_name","factor_value","factor_label","task_type","method","route","backend","svd_method","xprod_requested","xprod_used","precision","n_train","n_test","p","q","class_count","latent_rank","max_ncomp","requested_prefixes","crosscov_mb","replicate","data_seed","fit_seed","oversample","power","rsvd_control_profile","rsvd_case_audit_available","rsvd_case_audit_certified","rsvd_deterministic_fallbacks","rsvd_audit_max_attempts","rsvd_effective_oversample","rsvd_effective_power","rsvd_max_triplet_residual","rsvd_max_omitted_direction_ratio","direction_rule","directions_per_solve","candidate_block_refresh","fresh_start","refresh_width","refresh_iterations","baseline_rss_mb","rss_after_fit_mb","rss_after_prediction_mb","process_peak_rss_mb","incremental_peak_rss_mb","gpu_process_peak_mb","gpu_total_baseline_mb","gpu_total_peak_mb","gpu_total_incremental_mb","fit_sec","prediction_sec","total_sec","model_size_mb","input_size_mb","rmsd","q2","accuracy","prediction_relative_error","prediction_correlation","label_agreement","score_relative_error","score_correlation","metric_absolute_difference","numerical_status","status","warnings","error"
"13_class_count_5__cpu_irlba_explicit__rep1","0.99.39",NA,"reference_1",1,1,"/Library/Frameworks/R.framework/Versions/4.6/Resources/lib/libRblas.0.dylib","13_class_count_5","one_factor","class_count",5,5,"classification","simpls","cpu_irlba_explicit","cpu","irlba","explicit",FALSE,"float64",2000,400,400,5,5,20,4,1,0.0152587890625,1,10013,124,32,5,NA,NA,NA,NA,NA,NA,NA,NA,NA,"fresh_per_component",1,FALSE,TRUE,NA,NA,225.3125,232.078125,232.15625,232.078,6.7655,NA,NA,NA,NA,0.00900000000000001,0.001,0.01,0.0528106689453125,7.33570861816406,NA,NA,0.65,0,1,1,0,1,0,"deterministic_reference","success",NA,NA
"13_class_count_5__cpu_rsvd_auto__rep1","0.99.39",NA,"reference_1",1,1,"/Library/Frameworks/R.framework/Versions/4.6/Resources/lib/libRblas.0.dylib","13_class_count_5","one_factor","class_count",5,5,"classification","simpls","cpu_rsvd_auto","cpu","rsvd","auto",FALSE,"float64",2000,400,400,5,5,20,4,1,0.0152587890625,1,10013,124,NA,NA,"ordinary_fast",FALSE,NA,NA,NA,32,5,NA,NA,"fresh_oversampled_sketch_per_component",1,FALSE,TRUE,NA,NA,228.671875,235.421875,235.5,235.422,6.750125,NA,NA,NA,NA,0.011,0.002,0.013,0.0578994750976562,7.33570861816406,NA,NA,0.65,NA,NA,1,7.5924326800441e-16,1,0,"within_tolerance","success",NA,NA
"13_class_count_5__metal_rsvd_auto__rep1","0.99.39",NA,"reference_1",1,1,"/Library/Frameworks/R.framework/Versions/4.6/Resources/lib/libRblas.0.dylib","13_class_count_5","one_factor","class_count",5,5,"classification","simpls","metal_rsvd_auto","metal","rsvd","auto",FALSE,"float64",2000,400,400,5,5,20,4,1,0.0152587890625,1,10013,124,NA,NA,"ordinary_fast",FALSE,NA,NA,NA,32,5,NA,NA,"fresh_oversampled_sketch_per_component",1,FALSE,TRUE,NA,NA,231.453125,247.375,247.734375,247.734,16.280875,NA,NA,NA,NA,0.056,0.006,0.062,0.12506103515625,7.33570861816406,NA,NA,0.65,NA,NA,1,1.0654757414861e-07,0.99999999999999,0,"within_tolerance","success",NA,NA
"14_class_count_50__cpu_irlba_explicit__rep1","0.99.39",NA,"reference_1",1,1,"/Library/Frameworks/R.framework/Versions/4.6/Resources/lib/libRblas.0.dylib","14_class_count_50","one_factor","class_count",50,50,"classification","simpls","cpu_irlba_explicit","cpu","irlba","explicit",FALSE,"float64",2000,400,400,50,50,20,4,1,0.152587890625,1,10014,124,32,5,NA,NA,NA,NA,NA,NA,NA,NA,NA,"fresh_per_component",1,FALSE,TRUE,NA,NA,223.53125,236.578125,236.6875,236.672,13.14075,NA,NA,NA,NA,0.025,0.004,0.029,0.213386535644531,7.3411865234375,NA,NA,0.1725,0,1,1,0,1,0,"deterministic_reference","success",NA,NA
"14_class_count_50__cpu_rsvd_auto__rep1","0.99.39",NA,"reference_1",1,1,"/Library/Frameworks/R.framework/Versions/4.6/Resources/lib/libRblas.0.dylib","14_class_count_50","one_factor","class_count",50,50,"classification","simpls","cpu_rsvd_auto","cpu","rsvd","auto",FALSE,"float64",2000,400,400,50,50,20,4,1,0.152587890625,1,10014,124,NA,NA,"ordinary_fast",FALSE,NA,NA,NA,32,5,NA,NA,"fresh_oversampled_sketch_per_component",1,FALSE,TRUE,NA,NA,226.890625,227.8125,227.890625,227.812,0.921375000000012,NA,NA,NA,NA,0.054,0.004,0.058,0.218475341796875,7.3411865234375,NA,NA,0.1725,NA,NA,1,3.80711588556647e-06,0.999999999990441,0,"within_tolerance","success",NA,NA
"14_class_count_50__metal_rsvd_auto__rep1","0.99.39",NA,"reference_1",1,1,"/Library/Frameworks/R.framework/Versions/4.6/Resources/lib/libRblas.0.dylib","14_class_count_50","one_factor","class_count",50,50,"classification","simpls","metal_rsvd_auto","metal","rsvd","auto",FALSE,"float64",2000,400,400,50,50,20,4,1,0.152587890625,1,10014,124,NA,NA,"ordinary_fast",FALSE,NA,NA,NA,32,5,NA,NA,"fresh_oversampled_sketch_per_component",1,FALSE,TRUE,NA,NA,226.75,246.5,246.53125,246.641,19.891,NA,NA,NA,NA,0.062,0.005,0.067,0.268211364746094,7.3411865234375,NA,NA,0.1725,NA,NA,1,2.7021437408418e-06,0.999999999995186,0,"within_tolerance","success",NA,NA
"15_crosscov_mb_4_0__cpu_irlba_explicit__rep1","0.99.39",NA,"reference_1",1,1,"/Library/Frameworks/R.framework/Versions/4.6/Resources/lib/libRblas.0.dylib","15_crosscov_mb_4_0","one_factor","crosscov_mb",3.997802734375,4,"regression","simpls","cpu_irlba_explicit","cpu","irlba","explicit",FALSE,"float64",1500,300,1000,524,NA,20,10,1,3.997802734375,1,10015,124,32,5,NA,NA,NA,NA,NA,NA,NA,NA,NA,"fresh_per_component",1,FALSE,TRUE,NA,NA,257.46875,297.625,297.703125,298.266,40.79725,NA,NA,NA,NA,0.467,0.0489999999999999,0.516,4.14591217041016,20.9302520751953,0.822214214420182,0.329465196766159,NA,0,1,NA,NA,NA,0,"deterministic_reference","success",NA,NA
"15_crosscov_mb_4_0__cpu_rsvd_auto__rep1","0.99.39",NA,"reference_1",1,1,"/Library/Frameworks/R.framework/Versions/4.6/Resources/lib/libRblas.0.dylib","15_crosscov_mb_4_0","one_factor","crosscov_mb",3.997802734375,4,"regression","simpls","cpu_rsvd_auto","cpu","rsvd","auto",FALSE,"float64",1500,300,1000,524,NA,20,10,1,3.997802734375,1,10015,124,NA,NA,"high_response_stable",FALSE,NA,NA,NA,48,6,NA,NA,"fresh_oversampled_sketch_per_component",1,FALSE,TRUE,NA,NA,263.0625,299.734375,299.8125,299.812,36.7495,NA,NA,NA,NA,2.917,0.0489999999999999,2.966,4.15101623535156,20.9302520751953,0.82221309013958,0.329467030518825,NA,8.93134266591747e-05,0.99999999601529,NA,NA,NA,1.12428060183856e-06,"within_tolerance","success",NA,NA
"15_crosscov_mb_4_0__cpu_rsvd_explicit__rep1","0.99.39",NA,"reference_1",1,1,"/Library/Frameworks/R.framework/Versions/4.6/Resources/lib/libRblas.0.dylib","15_crosscov_mb_4_0","one_factor","crosscov_mb",3.997802734375,4,"regression","simpls","cpu_rsvd_explicit","cpu","rsvd","explicit",FALSE,"float64",1500,300,1000,524,NA,20,10,1,3.997802734375,1,10015,124,32,5,"explicit",FALSE,NA,NA,NA,32,5,NA,NA,"fresh_oversampled_sketch_per_component",1,FALSE,TRUE,NA,NA,257.515625,293.59375,293.6875,293.656,36.140375,NA,NA,NA,NA,1.732,0.0489999999999999,1.781,4.1510009765625,20.9302520751953,0.82221309013958,0.329467030518826,NA,8.93134266601232e-05,0.99999999601529,NA,NA,NA,1.12428060183856e-06,"within_tolerance","success",NA,NA
"15_crosscov_mb_4_0__cpu_rsvd_implicit__rep1","0.99.39",NA,"reference_1",1,1,"/Library/Frameworks/R.framework/Versions/4.6/Resources/lib/libRblas.0.dylib","15_crosscov_mb_4_0","one_factor","crosscov_mb",3.997802734375,4,"regression","simpls","cpu_rsvd_implicit","cpu","rsvd","implicit",TRUE,"float64",1500,300,1000,524,NA,20,10,1,3.997802734375,1,10015,124,32,5,"explicit",FALSE,NA,NA,NA,32,5,NA,NA,"fresh_oversampled_sketch_per_component",1,FALSE,TRUE,NA,NA,262.8125,271.796875,271.890625,271.875,9.0625,NA,NA,NA,NA,6.189,0.048,6.237,4.15129089355469,20.9302520751953,0.82221309013958,0.329467030518826,NA,8.93134266788552e-05,0.999999996015291,NA,NA,NA,1.12428060217162e-06,"within_tolerance","success",NA,NA
"15_crosscov_mb_4_0__metal_rsvd_auto__rep1","0.99.39",NA,"reference_1",1,1,"/Library/Frameworks/R.framework/Versions/4.6/Resources/lib/libRblas.0.dylib","15_crosscov_mb_4_0","one_factor","crosscov_mb",3.997802734375,4,"regression","simpls","metal_rsvd_auto","metal","rsvd","auto",FALSE,"float64",1500,300,1000,524,NA,20,10,1,3.997802734375,1,10015,124,NA,NA,"high_response_stable",FALSE,NA,NA,NA,48,6,NA,NA,"fresh_oversampled_sketch_per_component",1,FALSE,TRUE,NA,NA,258.625,337.859375,337.953125,340.562,81.937,NA,NA,NA,NA,1.041,0.0129999999999999,1.054,4.38153839111328,20.9302520751953,0.822213093547953,0.329467024959616,NA,8.94137768104001e-05,0.999999996006299,NA,NA,NA,1.1208722288103e-06,"within_tolerance","success",NA,NA
"15_crosscov_mb_4_0__metal_rsvd_explicit__rep1","0.99.39",NA,"reference_1",1,1,"/Library/Frameworks/R.framework/Versions/4.6/Resources/lib/libRblas.0.dylib","15_crosscov_mb_4_0","one_factor","crosscov_mb",3.997802734375,4,"regression","simpls","metal_rsvd_explicit","metal","rsvd","explicit",FALSE,"float64",1500,300,1000,524,NA,20,10,1,3.997802734375,1,10015,124,32,5,"explicit",FALSE,NA,NA,NA,32,5,NA,NA,"fresh_oversampled_sketch_per_component",1,FALSE,TRUE,NA,NA,263.015625,336.796875,336.890625,339.219,76.203375,NA,NA,NA,NA,0.842,0.012,0.854,4.38152313232422,20.9302520751953,0.822213095228402,0.329467022218726,NA,8.91675367992891e-05,0.99999999602828,NA,NA,NA,1.11919177991915e-06,"within_tolerance","success",NA,NA
"15_crosscov_mb_4_0__metal_rsvd_implicit__rep1","0.99.39",NA,"reference_1",1,1,"/Library/Frameworks/R.framework/Versions/4.6/Resources/lib/libRblas.0.dylib","15_crosscov_mb_4_0","one_factor","crosscov_mb",3.997802734375,4,"regression","simpls","metal_rsvd_implicit","metal","rsvd","implicit",FALSE,"float64",1500,300,1000,524,NA,20,10,1,3.997802734375,1,10015,124,32,5,"explicit",FALSE,NA,NA,NA,32,5,NA,NA,"fresh_oversampled_sketch_per_component",1,FALSE,TRUE,NA,NA,261.46875,334.921875,335.28125,341.203,79.73425,NA,NA,NA,NA,0.84,0.01,0.85,4.38152313232422,20.9302520751953,0.822213095228402,0.329467022218726,NA,8.91675367992891e-05,0.99999999602828,NA,NA,NA,1.11919177991915e-06,"within_tolerance","success",NA,NA
"16_crosscov_mb_40_0__cpu_irlba_explicit__rep1","0.99.39",NA,"reference_1",1,1,"/Library/Frameworks/R.framework/Versions/4.6/Resources/lib/libRblas.0.dylib","16_crosscov_mb_40_0","one_factor","crosscov_mb",40.0009155273438,40,"regression","simpls","cpu_irlba_explicit","cpu","irlba","explicit",FALSE,"float64",1500,300,1000,5243,NA,20,10,1,40.0009155273438,1,10016,124,32,5,NA,NA,NA,NA,NA,NA,NA,NA,NA,"fresh_per_component",1,FALSE,TRUE,NA,NA,463.03125,485.3125,533.859375,566.688,103.65675,NA,NA,NA,NA,4.278,0.475000000000001,4.753,40.5450592041016,85.7358551025391,0.834208611387595,0.315049763192054,NA,0,1,NA,NA,NA,0,"deterministic_reference","success",NA,NA
"16_crosscov_mb_40_0__cpu_rsvd_auto__rep1","0.99.39",NA,"reference_1",1,1,"/Library/Frameworks/R.framework/Versions/4.6/Resources/lib/libRblas.0.dylib","16_crosscov_mb_40_0","one_factor","crosscov_mb",40.0009155273438,40,"regression","simpls","cpu_rsvd_auto","cpu","rsvd","auto",TRUE,"float64",1500,300,1000,5243,NA,20,10,1,40.0009155273438,1,10016,124,NA,NA,"high_response_stable",FALSE,NA,NA,NA,48,6,NA,NA,"fresh_oversampled_sketch_per_component",1,FALSE,TRUE,NA,NA,459.78125,328.9375,418.09375,512.781,52.99975,NA,NA,NA,NA,44.183,0.478999999999999,44.662,40.5504531860352,85.7358551025391,0.834208574010082,0.315049824571751,NA,1.06888113811137e-05,0.999999999942835,NA,NA,NA,3.73775128625908e-08,"within_tolerance","success",NA,NA
"16_crosscov_mb_40_0__cpu_rsvd_explicit__rep1","0.99.39",NA,"reference_1",1,1,"/Library/Frameworks/R.framework/Versions/4.6/Resources/lib/libRblas.0.dylib","16_crosscov_mb_40_0","one_factor","crosscov_mb",40.0009155273438,40,"regression","simpls","cpu_rsvd_explicit","cpu","rsvd","explicit",FALSE,"float64",1500,300,1000,5243,NA,20,10,1,40.0009155273438,1,10016,124,32,5,"explicit",FALSE,NA,NA,NA,32,5,NA,NA,"fresh_oversampled_sketch_per_component",1,FALSE,TRUE,NA,NA,460.21875,492.34375,558.046875,562.812,102.59325,NA,NA,NA,NA,16.512,0.477,16.989,40.5501480102539,85.7358551025391,0.834208574010082,0.31504982457175,NA,1.06888113811873e-05,0.999999999942835,NA,NA,NA,3.73775128625908e-08,"within_tolerance","success",NA,NA
"16_crosscov_mb_40_0__cpu_rsvd_implicit__rep1","0.99.39",NA,"reference_1",1,1,"/Library/Frameworks/R.framework/Versions/4.6/Resources/lib/libRblas.0.dylib","16_crosscov_mb_40_0","one_factor","crosscov_mb",40.0009155273438,40,"regression","simpls","cpu_rsvd_implicit","cpu","rsvd","implicit",TRUE,"float64",1500,300,1000,5243,NA,20,10,1,40.0009155273438,1,10016,124,32,5,"explicit",FALSE,NA,NA,NA,32,5,NA,NA,"fresh_oversampled_sketch_per_component",1,FALSE,TRUE,NA,NA,463.140625,551.359375,563.453125,587.484,124.343375,NA,NA,NA,NA,25.289,0.474999999999998,25.764,40.5504379272461,85.7358551025391,0.834208574010082,0.315049824571751,NA,1.06888113793332e-05,0.999999999942834,NA,NA,NA,3.73775129736131e-08,"within_tolerance","success",NA,NA
"16_crosscov_mb_40_0__metal_rsvd_auto__rep1","0.99.39",NA,"reference_1",1,1,"/Library/Frameworks/R.framework/Versions/4.6/Resources/lib/libRblas.0.dylib","16_crosscov_mb_40_0","one_factor","crosscov_mb",40.0009155273438,40,"regression","simpls","metal_rsvd_auto","metal","rsvd","auto",FALSE,"float64",1500,300,1000,5243,NA,20,10,1,40.0009155273438,1,10016,124,NA,NA,"high_response_stable",FALSE,NA,NA,NA,48,6,NA,NA,"fresh_oversampled_sketch_per_component",1,FALSE,TRUE,NA,NA,469.078125,755.921875,774.15625,846.906,377.827875,NA,NA,NA,NA,4.568,0.0310000000000006,4.599,41.1407165527344,85.7358551025391,0.83420857617926,0.315049821009611,NA,1.0645015034931e-05,0.999999999943379,NA,NA,NA,3.52083343591048e-08,"within_tolerance","success",NA,NA
"16_crosscov_mb_40_0__metal_rsvd_explicit__rep1","0.99.39",NA,"reference_1",1,1,"/Library/Frameworks/R.framework/Versions/4.6/Resources/lib/libRblas.0.dylib","16_crosscov_mb_40_0","one_factor","crosscov_mb",40.0009155273438,40,"regression","simpls","metal_rsvd_explicit","metal","rsvd","explicit",FALSE,"float64",1500,300,1000,5243,NA,20,10,1,40.0009155273438,1,10016,124,32,5,"explicit",FALSE,NA,NA,NA,32,5,NA,NA,"fresh_oversampled_sketch_per_component",1,FALSE,TRUE,NA,NA,464.28125,737.46875,783.4375,812.844,348.56275,NA,NA,NA,NA,2.865,0.0300000000000002,2.895,41.1407012939453,85.7358551025391,0.83420857560536,0.315049821951998,NA,1.06023630465601e-05,0.999999999943736,NA,NA,NA,3.57822346197523e-08,"within_tolerance","success",NA,NA
"16_crosscov_mb_40_0__metal_rsvd_implicit__rep1","0.99.39",NA,"reference_1",1,1,"/Library/Frameworks/R.framework/Versions/4.6/Resources/lib/libRblas.0.dylib","16_crosscov_mb_40_0","one_factor","crosscov_mb",40.0009155273438,40,"regression","simpls","metal_rsvd_implicit","metal","rsvd","implicit",FALSE,"float64",1500,300,1000,5243,NA,20,10,1,40.0009155273438,1,10016,124,32,5,"explicit",FALSE,NA,NA,NA,32,5,NA,NA,"fresh_oversampled_sketch_per_component",1,FALSE,TRUE,NA,NA,466.3125,817.421875,840.90625,827.25,360.9375,NA,NA,NA,NA,2.866,0.0340000000000007,2.9,41.1407012939453,85.7358551025391,0.83420857560536,0.315049821951998,NA,1.06023630465601e-05,0.999999999943736,NA,NA,NA,3.57822346197523e-08,"within_tolerance","success",NA,NA
"01_n_500__cpu_irlba_explicit__rep1","0.99.39",NA,"reference_1",1,1,"/Library/Frameworks/R.framework/Versions/4.6/Resources/lib/libRblas.0.dylib","01_n_500","one_factor","n",500,500,"regression","simpls","cpu_irlba_explicit","cpu","irlba","explicit",FALSE,"float64",500,100,400,100,NA,30,20,1,0.30517578125,1,10001,124,32,5,NA,NA,NA,NA,NA,NA,NA,NA,NA,"fresh_per_component",1,FALSE,TRUE,NA,NA,208.9375,210.125,210.203125,210.125,1.1875,NA,NA,NA,NA,0.043,0.002,0.045,0.400917053222656,2.29011535644531,0.74069400873912,0.451673185285172,NA,0,1,NA,NA,NA,0,"deterministic_reference","success",NA,NA
"01_n_500__cpu_rsvd_auto__rep1","0.99.39",NA,"reference_1",1,1,"/Library/Frameworks/R.framework/Versions/4.6/Resources/lib/libRblas.0.dylib","01_n_500","one_factor","n",500,500,"regression","simpls","cpu_rsvd_auto","cpu","rsvd","auto",FALSE,"float64",500,100,400,100,NA,30,20,1,0.30517578125,1,10001,124,NA,NA,"high_response_stable",FALSE,NA,NA,NA,48,6,NA,NA,"fresh_oversampled_sketch_per_component",1,FALSE,TRUE,NA,NA,206.203125,208.3125,208.40625,208.328,2.124875,NA,NA,NA,NA,0.533,0.002,0.535,0.406021118164062,2.29011535644531,0.740693943654504,0.451673281647876,NA,1.45213470111085e-05,0.999999999894447,NA,NA,NA,6.50846160299423e-08,"within_tolerance","success",NA,NA
"01_n_500__metal_rsvd_auto__rep1","0.99.39",NA,"reference_1",1,1,"/Library/Frameworks/R.framework/Versions/4.6/Resources/lib/libRblas.0.dylib","01_n_500","one_factor","n",500,500,"regression","simpls","metal_rsvd_auto","metal","rsvd","auto",FALSE,"float64",500,100,400,100,NA,30,20,1,0.30517578125,1,10001,124,NA,NA,"high_response_stable",FALSE,NA,NA,NA,48,6,NA,NA,"fresh_oversampled_sketch_per_component",1,FALSE,TRUE,NA,NA,213.109375,239.3125,239.375,239.375,26.265625,NA,NA,NA,NA,0.294,0.003,0.297,0.558418273925781,2.29011535644531,0.740693951540879,0.451673269971498,NA,1.44206686865414e-05,0.999999999895905,NA,NA,NA,5.71982406993854e-08,"within_tolerance","success",NA,NA
"02_n_2000__cpu_irlba_explicit__rep1","0.99.39",NA,"reference_1",1,1,"/Library/Frameworks/R.framework/Versions/4.6/Resources/lib/libRblas.0.dylib","02_n_2000","one_factor","n",2000,2000,"regression","simpls","cpu_irlba_explicit","cpu","irlba","explicit",FALSE,"float64",2000,400,400,100,NA,30,20,1,0.30517578125,1,10002,124,32,5,NA,NA,NA,NA,NA,NA,NA,NA,NA,"fresh_per_component",1,FALSE,TRUE,NA,NA,228.75,243.171875,243.25,243.328,14.578,NA,NA,NA,NA,0.0720000000000001,0.005,0.0770000000000001,0.400917053222656,9.15657043457031,0.557082541516984,0.704109147827775,NA,0,1,NA,NA,NA,0,"deterministic_reference","success",NA,NA
"02_n_2000__cpu_rsvd_auto__rep1","0.99.39",NA,"reference_1",1,1,"/Library/Frameworks/R.framework/Versions/4.6/Resources/lib/libRblas.0.dylib","02_n_2000","one_factor","n",2000,2000,"regression","simpls","cpu_rsvd_auto","cpu","rsvd","auto",FALSE,"float64",2000,400,400,100,NA,30,20,1,0.30517578125,1,10002,124,NA,NA,"ordinary_fast",FALSE,NA,NA,NA,32,5,NA,NA,"fresh_oversampled_sketch_per_component",1,FALSE,TRUE,NA,NA,231.109375,237.875,237.953125,237.938,6.82862499999999,NA,NA,NA,NA,0.31,0.006,0.316,0.406005859375,9.15657043457031,0.557082600330366,0.704109085351061,NA,7.20488881256779e-06,0.999999999974051,NA,NA,NA,5.88133821644021e-08,"within_tolerance","success",NA,NA
"02_n_2000__metal_rsvd_auto__rep1","0.99.39",NA,"reference_1",1,1,"/Library/Frameworks/R.framework/Versions/4.6/Resources/lib/libRblas.0.dylib","02_n_2000","one_factor","n",2000,2000,"regression","simpls","metal_rsvd_auto","metal","rsvd","auto",FALSE,"float64",2000,400,400,100,NA,30,20,1,0.30517578125,1,10002,124,NA,NA,"ordinary_fast",FALSE,NA,NA,NA,32,5,NA,NA,"fresh_oversampled_sketch_per_component",1,FALSE,TRUE,NA,NA,237.921875,261.171875,261.203125,267,29.078125,NA,NA,NA,NA,0.35,0.006,0.356,0.787284851074219,9.15657043457031,0.557082608825776,0.704109076326493,NA,7.26654051278205e-06,0.999999999973604,NA,NA,NA,6.73087923175331e-08,"within_tolerance","success",NA,NA
"07_ncomp_5__cpu_irlba_explicit__rep1","0.99.39",NA,"reference_1",1,1,"/Library/Frameworks/R.framework/Versions/4.6/Resources/lib/libRblas.0.dylib","07_ncomp_5","one_factor","ncomp",5,5,"regression","simpls","cpu_irlba_explicit","cpu","irlba","explicit",FALSE,"float64",2000,400,500,100,NA,100,5,1,0.3814697265625,1,10007,124,32,5,NA,NA,NA,NA,NA,NA,NA,NA,NA,"fresh_per_component",1,FALSE,TRUE,NA,NA,237.578125,253.5625,253.65625,253.562,15.983875,NA,NA,NA,NA,0.052,0.006,0.058,0.425315856933594,10.9876251220703,0.926066863843666,0.139781993182277,NA,0,1,NA,NA,NA,0,"deterministic_reference","success",NA,NA
"07_ncomp_5__cpu_rsvd_auto__rep1","0.99.39",NA,"reference_1",1,1,"/Library/Frameworks/R.framework/Versions/4.6/Resources/lib/libRblas.0.dylib","07_ncomp_5","one_factor","ncomp",5,5,"regression","simpls","cpu_rsvd_auto","cpu","rsvd","auto",FALSE,"float64",2000,400,500,100,NA,100,5,1,0.3814697265625,1,10007,124,NA,NA,"ordinary_fast",FALSE,NA,NA,NA,32,5,NA,NA,"fresh_oversampled_sketch_per_component",1,FALSE,TRUE,NA,NA,235.125,252.609375,253.375,252.609,17.484,NA,NA,NA,NA,0.125,0.0069999999999999,0.132,0.430404663085938,10.9876251220703,0.926067117767678,0.139781521445189,NA,0.000228318972645867,0.999999973938863,NA,NA,NA,2.53924012039164e-07,"within_tolerance","success",NA,NA
"07_ncomp_5__metal_rsvd_auto__rep1","0.99.39",NA,"reference_1",1,1,"/Library/Frameworks/R.framework/Versions/4.6/Resources/lib/libRblas.0.dylib","07_ncomp_5","one_factor","ncomp",5,5,"regression","simpls","metal_rsvd_auto","metal","rsvd","auto",FALSE,"float64",2000,400,500,100,NA,100,5,1,0.3814697265625,1,10007,124,NA,NA,"ordinary_fast",FALSE,NA,NA,NA,32,5,NA,NA,"fresh_oversampled_sketch_per_component",1,FALSE,TRUE,NA,NA,238.9375,265.34375,268.421875,268.922,29.9845,NA,NA,NA,NA,0.126,0.005,0.131,0.529403686523438,10.9876251220703,0.926066879283537,0.139781964498265,NA,5.61784165480946e-06,0.99999999998423,NA,NA,NA,1.54398710483505e-08,"within_tolerance","success",NA,NA
"08_ncomp_40__cpu_irlba_explicit__rep1","0.99.39",NA,"reference_1",1,1,"/Library/Frameworks/R.framework/Versions/4.6/Resources/lib/libRblas.0.dylib","08_ncomp_40","one_factor","ncomp",40,40,"regression","simpls","cpu_irlba_explicit","cpu","irlba","explicit",FALSE,"float64",2000,400,500,100,NA,100,40,1,0.3814697265625,1,10008,124,32,5,NA,NA,NA,NA,NA,NA,NA,NA,NA,"fresh_per_component",1,FALSE,TRUE,NA,NA,242.078125,258.21875,258.3125,258.234,16.155875,NA,NA,NA,NA,0.171,0.006,0.177,0.585548400878906,10.9876251220703,0.601124739067994,0.645696734178412,NA,0,1,NA,NA,NA,0,"deterministic_reference","success",NA,NA
"08_ncomp_40__cpu_rsvd_auto__rep1","0.99.39",NA,"reference_1",1,1,"/Library/Frameworks/R.framework/Versions/4.6/Resources/lib/libRblas.0.dylib","08_ncomp_40","one_factor","ncomp",40,40,"regression","simpls","cpu_rsvd_auto","cpu","rsvd","auto",FALSE,"float64",2000,400,500,100,NA,100,40,1,0.3814697265625,1,10008,124,NA,NA,"ordinary_fast",FALSE,NA,NA,NA,32,5,NA,NA,"fresh_oversampled_sketch_per_component",1,FALSE,TRUE,NA,NA,238.03125,249.890625,249.984375,249.891,11.85975,NA,NA,NA,NA,0.745,0.0069999999999999,0.752,0.59063720703125,10.9876251220703,0.601126217632314,0.645694991242951,NA,0.00183126304150426,0.999998323156293,NA,NA,NA,1.47856432020088e-06,"within_tolerance","success",NA,NA
"08_ncomp_40__metal_rsvd_auto__rep1","0.99.39",NA,"reference_1",1,1,"/Library/Frameworks/R.framework/Versions/4.6/Resources/lib/libRblas.0.dylib","08_ncomp_40","one_factor","ncomp",40,40,"regression","simpls","metal_rsvd_auto","metal","rsvd","auto",FALSE,"float64",2000,400,500,100,NA,100,40,1,0.3814697265625,1,10008,124,NA,NA,"ordinary_fast",FALSE,NA,NA,NA,32,5,NA,NA,"fresh_oversampled_sketch_per_component",1,FALSE,TRUE,NA,NA,243.9375,272.03125,272.125,278.094,34.1565,NA,NA,NA,NA,0.712,0.00800000000000001,0.72,1.38390350341797,10.9876251220703,0.601124786984183,0.645696677694751,NA,9.20978407555567e-05,0.999999995758811,NA,NA,NA,4.79161891275837e-08,"within_tolerance","success",NA,NA
"03_p_100__cpu_irlba_explicit__rep1","0.99.39",NA,"reference_1",1,1,"/Library/Frameworks/R.framework/Versions/4.6/Resources/lib/libRblas.0.dylib","03_p_100","one_factor","p",100,100,"regression","simpls","cpu_irlba_explicit","cpu","irlba","explicit",FALSE,"float64",2000,400,100,100,NA,30,20,1,0.0762939453125,1,10003,124,32,5,NA,NA,NA,NA,NA,NA,NA,NA,NA,"fresh_per_component",1,FALSE,TRUE,NA,NA,212.359375,217.703125,217.78125,217.703,5.343625,NA,NA,NA,NA,0.0219999999999999,0.002,0.0239999999999999,0.121681213378906,3.66340637207031,0.359013492828977,0.871591281714988,NA,0,1,NA,NA,NA,0,"deterministic_reference","success",NA,NA
"03_p_100__cpu_rsvd_auto__rep1","0.99.39",NA,"reference_1",1,1,"/Library/Frameworks/R.framework/Versions/4.6/Resources/lib/libRblas.0.dylib","03_p_100","one_factor","p",100,100,"regression","simpls","cpu_rsvd_auto","cpu","rsvd","auto",FALSE,"float64",2000,400,100,100,NA,30,20,1,0.0762939453125,1,10003,124,NA,NA,"ordinary_fast",FALSE,NA,NA,NA,32,5,NA,NA,"fresh_oversampled_sketch_per_component",1,FALSE,TRUE,NA,NA,210.984375,214.734375,214.828125,214.906,3.92162500000001,NA,NA,NA,NA,0.0770000000000001,0.002,0.0790000000000001,0.12677001953125,3.66340637207031,0.359013490929389,0.871591283073842,NA,1.26459892411301e-06,0.999999999999198,NA,NA,NA,1.89958798690881e-09,"within_tolerance","success",NA,NA
"03_p_100__metal_rsvd_auto__rep1","0.99.39",NA,"reference_1",1,1,"/Library/Frameworks/R.framework/Versions/4.6/Resources/lib/libRblas.0.dylib","03_p_100","one_factor","p",100,100,"regression","simpls","metal_rsvd_auto","metal","rsvd","auto",FALSE,"float64",2000,400,100,100,NA,30,20,1,0.0762939453125,1,10003,124,NA,NA,"ordinary_fast",FALSE,NA,NA,NA,32,5,NA,NA,"fresh_oversampled_sketch_per_component",1,FALSE,TRUE,NA,NA,215.25,227.125,227.25,227.359,12.109,NA,NA,NA,NA,0.164,0.016,0.18,0.462272644042969,3.66340637207031,0.359013485135491,0.871591287218461,NA,1.30901073151202e-06,0.999999999999149,NA,NA,NA,7.69348584839236e-09,"within_tolerance","success",NA,NA
"04_p_1000__cpu_irlba_explicit__rep1","0.99.39",NA,"reference_1",1,1,"/Library/Frameworks/R.framework/Versions/4.6/Resources/lib/libRblas.0.dylib","04_p_1000","one_factor","p",1000,1000,"regression","simpls","cpu_irlba_explicit","cpu","irlba","explicit",FALSE,"float64",2000,400,1000,100,NA,30,20,1,0.762939453125,1,10004,124,32,5,NA,NA,NA,NA,NA,NA,NA,NA,NA,"fresh_per_component",1,FALSE,TRUE,NA,NA,251.640625,267.703125,267.78125,267.766,16.125375,NA,NA,NA,NA,0.174,0.014,0.188,0.959388732910156,20.1428985595703,0.676680061543369,0.554538562166924,NA,0,1,NA,NA,NA,0,"deterministic_reference","success",NA,NA
"04_p_1000__cpu_rsvd_auto__rep1","0.99.39",NA,"reference_1",1,1,"/Library/Frameworks/R.framework/Versions/4.6/Resources/lib/libRblas.0.dylib","04_p_1000","one_factor","p",1000,1000,"regression","simpls","cpu_rsvd_auto","cpu","rsvd","auto",FALSE,"float64",2000,400,1000,100,NA,30,20,1,0.762939453125,1,10004,124,NA,NA,"ordinary_fast",FALSE,NA,NA,NA,32,5,NA,NA,"fresh_oversampled_sketch_per_component",1,FALSE,TRUE,NA,NA,248.265625,264.1875,264.359375,264.344,16.078375,NA,NA,NA,NA,0.802,0.0129999999999999,0.815,0.9644775390625,20.1428985595703,0.676680121366248,0.554538483403592,NA,1.42664285429552e-05,0.99999999989824,NA,NA,NA,5.98228793169397e-08,"within_tolerance","success",NA,NA
"04_p_1000__metal_rsvd_auto__rep1","0.99.39",NA,"reference_1",1,1,"/Library/Frameworks/R.framework/Versions/4.6/Resources/lib/libRblas.0.dylib","04_p_1000","one_factor","p",1000,1000,"regression","simpls","metal_rsvd_auto","metal","rsvd","auto",FALSE,"float64",2000,400,1000,100,NA,30,20,1,0.762939453125,1,10004,124,NA,NA,"ordinary_fast",FALSE,NA,NA,NA,32,5,NA,NA,"fresh_oversampled_sketch_per_component",1,FALSE,TRUE,NA,NA,253.296875,289,301.296875,295.531,42.234125,NA,NA,NA,NA,0.635,0.00800000000000001,0.643,1.43730926513672,20.1428985595703,0.676680114212452,0.554538492822344,NA,1.44605467992925e-05,0.999999999895459,NA,NA,NA,5.2669082539758e-08,"within_tolerance","success",NA,NA
"09_prefix_count_1__cpu_irlba_explicit__rep1","0.99.39",NA,"reference_1",1,1,"/Library/Frameworks/R.framework/Versions/4.6/Resources/lib/libRblas.0.dylib","09_prefix_count_1","one_factor","prefix_count",1,1,"regression","simpls","cpu_irlba_explicit","cpu","irlba","explicit",FALSE,"float64",2000,400,400,100,NA,30,1,1,0.30517578125,1,10009,124,32,5,NA,NA,NA,NA,NA,NA,NA,NA,NA,"fresh_per_component",1,FALSE,TRUE,NA,NA,228.671875,241.609375,241.6875,241.672,13.000125,NA,NA,NA,NA,0.033,0.00599999999999989,0.0389999999999999,0.328422546386719,9.15657043457031,0.968517581618575,0.0596853798804081,NA,0,1,NA,NA,NA,0,"deterministic_reference","success",NA,NA
"09_prefix_count_1__cpu_rsvd_auto__rep1","0.99.39",NA,"reference_1",1,1,"/Library/Frameworks/R.framework/Versions/4.6/Resources/lib/libRblas.0.dylib","09_prefix_count_1","one_factor","prefix_count",1,1,"regression","simpls","cpu_rsvd_auto","cpu","rsvd","auto",FALSE,"float64",2000,400,400,100,NA,30,1,1,0.30517578125,1,10009,124,NA,NA,"ordinary_fast",FALSE,NA,NA,NA,32,5,NA,NA,"fresh_oversampled_sketch_per_component",1,FALSE,TRUE,NA,NA,234.203125,247.25,248.59375,248.594,14.390875,NA,NA,NA,NA,0.045,0.006,0.051,0.333511352539062,9.15657043457031,0.968517566622216,0.0596854089997474,NA,2.46400063909512e-05,0.999999999696653,NA,NA,NA,1.49963588214064e-08,"within_tolerance","success",NA,NA
"09_prefix_count_1__metal_rsvd_auto__rep1","0.99.39",NA,"reference_1",1,1,"/Library/Frameworks/R.framework/Versions/4.6/Resources/lib/libRblas.0.dylib","09_prefix_count_1","one_factor","prefix_count",1,1,"regression","simpls","metal_rsvd_auto","metal","rsvd","auto",FALSE,"float64",2000,400,400,100,NA,30,1,1,0.30517578125,1,10009,124,NA,NA,"ordinary_fast",FALSE,NA,NA,NA,32,5,NA,NA,"fresh_oversampled_sketch_per_component",1,FALSE,TRUE,NA,NA,232.78125,251.96875,252,253.844,21.06275,NA,NA,NA,NA,0.044,0.01,0.054,0.352401733398438,9.15657043457031,0.968517566482388,0.0596854092712513,NA,2.45072930804934e-05,0.999999999699918,NA,NA,NA,1.51361868594435e-08,"within_tolerance","success",NA,NA
"10_prefix_count_10__cpu_irlba_explicit__rep1","0.99.39",NA,"reference_1",1,1,"/Library/Frameworks/R.framework/Versions/4.6/Resources/lib/libRblas.0.dylib","10_prefix_count_10","one_factor","prefix_count",10,10,"regression","simpls","cpu_irlba_explicit","cpu","irlba","explicit",FALSE,"float64",2000,400,400,100,NA,30,20,10,0.30517578125,1,10010,124,32,5,NA,NA,NA,NA,NA,NA,NA,NA,NA,"fresh_per_component",1,FALSE,TRUE,NA,NA,228.484375,242.90625,242.984375,242.984,14.499625,NA,NA,NA,NA,0.0730000000000001,0.048,0.121,3.14848327636719,9.15657043457031,0.529238829911983,0.711786949562157,NA,0,1,NA,NA,NA,0,"deterministic_reference","success",NA,NA
"10_prefix_count_10__cpu_rsvd_auto__rep1","0.99.39",NA,"reference_1",1,1,"/Library/Frameworks/R.framework/Versions/4.6/Resources/lib/libRblas.0.dylib","10_prefix_count_10","one_factor","prefix_count",10,10,"regression","simpls","cpu_rsvd_auto","cpu","rsvd","auto",FALSE,"float64",2000,400,400,100,NA,30,20,10,0.30517578125,1,10010,124,NA,NA,"ordinary_fast",FALSE,NA,NA,NA,32,5,NA,NA,"fresh_oversampled_sketch_per_component",1,FALSE,TRUE,NA,NA,230.765625,251.640625,251.734375,251.734,20.968375,NA,NA,NA,NA,0.311,0.049,0.36,3.15357208251953,9.15657043457031,0.529238837980874,0.711786940773834,NA,2.6898388819049e-06,0.99999999999638,NA,NA,NA,8.06889099980168e-09,"within_tolerance","success",NA,NA
"10_prefix_count_10__metal_rsvd_auto__rep1","0.99.39",NA,"reference_1",1,1,"/Library/Frameworks/R.framework/Versions/4.6/Resources/lib/libRblas.0.dylib","10_prefix_count_10","one_factor","prefix_count",10,10,"regression","simpls","metal_rsvd_auto","metal","rsvd","auto",FALSE,"float64",2000,400,400,100,NA,30,20,10,0.30517578125,1,10010,124,NA,NA,"ordinary_fast",FALSE,NA,NA,NA,32,5,NA,NA,"fresh_oversampled_sketch_per_component",1,FALSE,TRUE,NA,NA,230.359375,259.828125,259.890625,260.047,29.687625,NA,NA,NA,NA,0.355,0.02,0.375,3.67197418212891,9.15657043457031,0.529238846400979,0.71178693160299,NA,2.6839609922536e-06,0.999999999996391,NA,NA,NA,1.64889967235737e-08,"within_tolerance","success",NA,NA
"05_q_25__cpu_irlba_explicit__rep1","0.99.39",NA,"reference_1",1,1,"/Library/Frameworks/R.framework/Versions/4.6/Resources/lib/libRblas.0.dylib","05_q_25","one_factor","q",25,25,"regression","simpls","cpu_irlba_explicit","cpu","irlba","explicit",FALSE,"float64",2000,400,400,25,NA,30,20,1,0.0762939453125,1,10005,124,32,5,NA,NA,NA,NA,NA,NA,NA,NA,NA,"fresh_per_component",1,FALSE,TRUE,NA,NA,228.40625,236.140625,236.234375,236.156,7.74975000000001,NA,NA,NA,NA,0.03,0.002,0.032,0.160018920898438,7.78327941894531,0.379412742350778,0.859567903702025,NA,0,1,NA,NA,NA,0,"deterministic_reference","success",NA,NA
"05_q_25__cpu_rsvd_auto__rep1","0.99.39",NA,"reference_1",1,1,"/Library/Frameworks/R.framework/Versions/4.6/Resources/lib/libRblas.0.dylib","05_q_25","one_factor","q",25,25,"regression","simpls","cpu_rsvd_auto","cpu","rsvd","auto",FALSE,"float64",2000,400,400,25,NA,30,20,1,0.0762939453125,1,10005,124,NA,NA,"ordinary_fast",FALSE,NA,NA,NA,32,5,NA,NA,"fresh_oversampled_sketch_per_component",1,FALSE,TRUE,NA,NA,226.515625,233.546875,233.625,233.547,7.031375,NA,NA,NA,NA,0.098,0.002,0.1,0.165107727050781,7.78327941894531,0.379412700682153,0.859567934547653,NA,1.5430651273344e-06,0.99999999999881,NA,NA,NA,4.16686248283504e-08,"within_tolerance","success",NA,NA
"05_q_25__metal_rsvd_auto__rep1","0.99.39",NA,"reference_1",1,1,"/Library/Frameworks/R.framework/Versions/4.6/Resources/lib/libRblas.0.dylib","05_q_25","one_factor","q",25,25,"regression","simpls","metal_rsvd_auto","metal","rsvd","auto",FALSE,"float64",2000,400,400,25,NA,30,20,1,0.0762939453125,1,10005,124,NA,NA,"ordinary_fast",FALSE,NA,NA,NA,32,5,NA,NA,"fresh_oversampled_sketch_per_component",1,FALSE,TRUE,NA,NA,228.796875,248.15625,248.1875,250.172,21.375125,NA,NA,NA,NA,0.187,0.006,0.193,0.534942626953125,7.78327941894531,0.379412734890621,0.859567909224483,NA,1.45146794318999e-06,0.999999999998947,NA,NA,NA,7.46015693664503e-09,"within_tolerance","success",NA,NA
"06_q_500__cpu_irlba_explicit__rep1","0.99.39",NA,"reference_1",1,1,"/Library/Frameworks/R.framework/Versions/4.6/Resources/lib/libRblas.0.dylib","06_q_500","one_factor","q",500,500,"regression","simpls","cpu_irlba_explicit","cpu","irlba","explicit",FALSE,"float64",2000,400,400,500,NA,30,20,1,1.52587890625,1,10006,124,32,5,NA,NA,NA,NA,NA,NA,NA,NA,NA,"fresh_per_component",1,FALSE,TRUE,NA,NA,259.359375,290.609375,290.734375,290.719,31.359625,NA,NA,NA,NA,0.305,0.0249999999999999,0.33,1.68570709228516,16.4807891845703,0.605655952325667,0.649126191145255,NA,0,1,NA,NA,NA,0,"deterministic_reference","success",NA,NA
"06_q_500__cpu_rsvd_auto__rep1","0.99.39",NA,"reference_1",1,1,"/Library/Frameworks/R.framework/Versions/4.6/Resources/lib/libRblas.0.dylib","06_q_500","one_factor","q",500,500,"regression","simpls","cpu_rsvd_auto","cpu","rsvd","auto",FALSE,"float64",2000,400,400,500,NA,30,20,1,1.52587890625,1,10006,124,NA,NA,"high_response_stable",FALSE,NA,NA,NA,48,6,NA,NA,"fresh_oversampled_sketch_per_component",1,FALSE,TRUE,NA,NA,265.578125,296.8125,296.890625,296.875,31.296875,NA,NA,NA,NA,2.14,0.0260000000000002,2.166,1.69081115722656,16.4807891845703,0.605656237664592,0.649125860535181,NA,9.54135256946445e-06,0.999999999954526,NA,NA,NA,2.85338924266298e-07,"within_tolerance","success",NA,NA
"06_q_500__metal_rsvd_auto__rep1","0.99.39",NA,"reference_1",1,1,"/Library/Frameworks/R.framework/Versions/4.6/Resources/lib/libRblas.0.dylib","06_q_500","one_factor","q",500,500,"regression","simpls","metal_rsvd_auto","metal","rsvd","auto",FALSE,"float64",2000,400,400,500,NA,30,20,1,1.52587890625,1,10006,124,NA,NA,"high_response_stable",FALSE,NA,NA,NA,48,6,NA,NA,"fresh_oversampled_sketch_per_component",1,FALSE,TRUE,NA,NA,264.890625,339.171875,339.171875,342.109,77.218375,NA,NA,NA,NA,1.311,0.00700000000000012,1.318,2.13312530517578,16.4807891845703,0.605656233120553,0.649125865800172,NA,9.52548713233772e-06,0.999999999954624,NA,NA,NA,2.8079488567645e-07,"within_tolerance","success",NA,NA
"11_rank_5__cpu_irlba_explicit__rep1","0.99.39",NA,"reference_1",1,1,"/Library/Frameworks/R.framework/Versions/4.6/Resources/lib/libRblas.0.dylib","11_rank_5","one_factor","rank",5,5,"regression","simpls","cpu_irlba_explicit","cpu","irlba","explicit",FALSE,"float64",2000,400,400,100,NA,5,5,1,0.30517578125,1,10011,124,32,5,NA,NA,NA,NA,NA,NA,NA,NA,NA,"fresh_per_component",1,FALSE,TRUE,NA,NA,229.84375,243.078125,243.15625,243.156,13.31225,NA,NA,NA,NA,0.036,0.006,0.042,0.343681335449219,9.15657043457031,0.442421035993419,0.807957802207731,NA,0,1,NA,NA,NA,0,"deterministic_reference","success",NA,NA
"11_rank_5__cpu_rsvd_auto__rep1","0.99.39",NA,"reference_1",1,1,"/Library/Frameworks/R.framework/Versions/4.6/Resources/lib/libRblas.0.dylib","11_rank_5","one_factor","rank",5,5,"regression","simpls","cpu_rsvd_auto","cpu","rsvd","auto",FALSE,"float64",2000,400,400,100,NA,5,5,1,0.30517578125,1,10011,124,NA,NA,"ordinary_fast",FALSE,NA,NA,NA,32,5,NA,NA,"fresh_oversampled_sketch_per_component",1,FALSE,TRUE,NA,NA,233.765625,242.453125,242.578125,242.547,8.781375,NA,NA,NA,NA,0.101,0.006,0.107,0.348770141601562,9.15657043457031,0.442421035993419,0.807957802207731,NA,1.38960404874862e-15,1,NA,NA,NA,5.55111512312578e-17,"within_tolerance","success",NA,NA
"11_rank_5__metal_rsvd_auto__rep1","0.99.39",NA,"reference_1",1,1,"/Library/Frameworks/R.framework/Versions/4.6/Resources/lib/libRblas.0.dylib","11_rank_5","one_factor","rank",5,5,"regression","simpls","metal_rsvd_auto","metal","rsvd","auto",FALSE,"float64",2000,400,400,100,NA,5,5,1,0.30517578125,1,10011,124,NA,NA,"ordinary_fast",FALSE,NA,NA,NA,32,5,NA,NA,"fresh_oversampled_sketch_per_component",1,FALSE,TRUE,NA,NA,237.3125,256.6875,256.71875,258.812,21.4995,NA,NA,NA,NA,0.101,0.003,0.104,0.443954467773438,9.15657043457031,0.442421030104426,0.807957807320215,NA,2.11628247643248e-07,0.999999999999973,NA,NA,NA,5.88899295994594e-09,"within_tolerance","success",NA,NA
"12_rank_40__cpu_irlba_explicit__rep1","0.99.39",NA,"reference_1",1,1,"/Library/Frameworks/R.framework/Versions/4.6/Resources/lib/libRblas.0.dylib","12_rank_40","one_factor","rank",40,40,"regression","simpls","cpu_irlba_explicit","cpu","irlba","explicit",FALSE,"float64",2000,400,400,100,NA,40,5,1,0.30517578125,1,10012,124,32,5,NA,NA,NA,NA,NA,NA,NA,NA,NA,"fresh_per_component",1,FALSE,TRUE,NA,NA,233.125,246.015625,246.09375,246.016,12.891,NA,NA,NA,NA,0.043,0.005,0.048,0.343681335449219,9.15657043457031,0.860590052501842,0.249810542461053,NA,0,1,NA,NA,NA,0,"deterministic_reference","success",NA,NA
"12_rank_40__cpu_rsvd_auto__rep1","0.99.39",NA,"reference_1",1,1,"/Library/Frameworks/R.framework/Versions/4.6/Resources/lib/libRblas.0.dylib","12_rank_40","one_factor","rank",40,40,"regression","simpls","cpu_rsvd_auto","cpu","rsvd","auto",FALSE,"float64",2000,400,400,100,NA,40,5,1,0.30517578125,1,10012,124,NA,NA,"ordinary_fast",FALSE,NA,NA,NA,32,5,NA,NA,"fresh_oversampled_sketch_per_component",1,FALSE,TRUE,NA,NA,230,237.390625,237.46875,237.391,7.39099999999999,NA,NA,NA,NA,0.101,0.006,0.107,0.348770141601562,9.15657043457031,0.860590020477873,0.249810598292612,NA,5.45700909643959e-06,0.999999999985115,NA,NA,NA,3.20239691431468e-08,"within_tolerance","success",NA,NA
"12_rank_40__metal_rsvd_auto__rep1","0.99.39",NA,"reference_1",1,1,"/Library/Frameworks/R.framework/Versions/4.6/Resources/lib/libRblas.0.dylib","12_rank_40","one_factor","rank",40,40,"regression","simpls","metal_rsvd_auto","metal","rsvd","auto",FALSE,"float64",2000,400,400,100,NA,40,5,1,0.30517578125,1,10012,124,NA,NA,"ordinary_fast",FALSE,NA,NA,NA,32,5,NA,NA,"fresh_oversampled_sketch_per_component",1,FALSE,TRUE,NA,NA,236.515625,256.546875,256.609375,259.453,22.937375,NA,NA,NA,NA,0.105,0.006,0.111,0.443954467773438,9.15657043457031,0.860590026427909,0.249810587919127,NA,3.46392921866796e-06,0.999999999994005,NA,NA,NA,2.60739330126825e-08,"within_tolerance","success",NA,NA
