"package_version","accelerator","dataset","method","ncomp","cpu_total_sec","accelerator_total_sec","cpu_accelerator_ratio","metric_cpu","metric_accelerator","metric_delta","prediction_agreement","cpu_peak_rss_mb","accelerator_peak_rss_mb","cpu_incremental_rss_mb","accelerator_incremental_rss_mb","cpu_ok","accelerator_ok"
"0.99.39","cuda","cbmc_citeseq","plssvd",10,0.141,0.322,0.437888198757764,1096.50042330597,1096.50042330598,9.09494701772928e-12,0.999999999999879,524.02734375,856.5390625,71.109375,403.7734375,3,3
"0.99.39","cuda","cbmc_citeseq","simpls",49,0.609,0.51,1.19411764705882,1050.8632661615,1050.86326613946,-2.20343281398527e-08,0.999999999920545,573.22265625,860.28125,120.38671875,407.453125,3,3
"0.99.39","cuda","cbmc_citeseq","opls",48,0.716,0.638,1.12225705329154,1051.00988214273,1051.00988209333,-4.94078449264634e-08,0.999999999832153,632.6640625,909.1796875,179.87109375,456.33984375,3,3
"0.99.39","cuda","cbmc_citeseq","kernelpls",49,0.613,0.509,1.20432220039293,1050.8632661615,1050.86326613946,-2.20343281398527e-08,0.999999999920545,573.51953125,860.1953125,120.63671875,407.40234375,3,3
"0.99.39","cuda","ccle","plssvd",17,0.022,0.28,0.0785714285714286,0.647887323943662,0.647887323943662,0,1,462.91796875,810.50390625,69.75,417.4140625,3,3
"0.99.39","cuda","ccle","simpls",26,0.124,0.34,0.364705882352941,0.71830985915493,0.71830985915493,0,1,462.71875,814.75390625,69.5703125,421.63671875,3,3
"0.99.39","cuda","ccle","opls",25,0.13,0.341,0.381231671554252,0.676056338028169,0.676056338028169,0,1,471.41015625,819.734375,78.26953125,426.5234375,3,3
"0.99.39","cuda","ccle","kernelpls",26,0.126,0.341,0.36950146627566,0.71830985915493,0.71830985915493,0,1,462.75390625,814.484375,69.6171875,421.27734375,3,3
"0.99.39","cuda","cifar100","plssvd",99,5.528,0.728,7.59340659340659,0.874,0.874,0,1,1226.36328125,1509.96875,487.7421875,771.3671875,3,3
"0.99.39","cuda","cifar100","simpls",263,20.314,1.284,15.8208722741433,0.8912,0.8907,-0.000499999999999945,0.9949,1447.26953125,1466.69921875,708.51953125,728.08203125,3,3
"0.99.39","cuda","cifar100","opls",286,24.546,4.111,5.97081002189248,0.8909,0.8903,-0.000600000000000045,0.9963,1779.2578125,1797.8984375,1040.5390625,1059.2734375,3,3
"0.99.39","cuda","cifar100","kernelpls",263,20.288,1.283,15.8129384255651,0.8912,0.8907,-0.000499999999999945,0.9949,1446.83984375,1467.3125,708.16796875,728.6171875,3,3
"0.99.39","cuda","gtex_v8","plssvd",30,0.132,0.304,0.43421052631579,0.941028858218319,0.941028858218319,0,1,496.4453125,842.8203125,78.796875,425.08203125,3,3
"0.99.39","cuda","gtex_v8","simpls",190,2.924,0.922,3.17136659436009,0.963613550815558,0.963613550815558,0,1,498.8515625,849.59765625,81.22265625,431.87890625,3,3
"0.99.39","cuda","gtex_v8","opls",179,2.857,0.963,2.96677050882658,0.961104140526976,0.961104140526976,0,1,540.94140625,868.66015625,123.265625,451.0234375,3,3
"0.99.39","cuda","gtex_v8","kernelpls",190,2.928,0.924,3.16883116883117,0.963613550815558,0.963613550815558,0,1,499.4921875,849.30859375,81.72265625,431.57421875,3,3
"0.99.39","cuda","metref","plssvd",21,0.018,0.28,0.0642857142857144,0.8,0.8,0,1,462.828125,808.8671875,71.87109375,418.046875,3,3
"0.99.39","cuda","metref","simpls",118,0.273,0.542,0.503690036900369,0.97,0.97,0,1,464.7421875,812.52734375,73.88671875,421.671875,3,3
"0.99.39","cuda","metref","opls",118,0.279,0.549,0.508196721311475,0.97,0.97,0,1,462.9375,816.71875,72.08203125,425.8125,3,3
"0.99.39","cuda","metref","kernelpls",118,0.275,0.541,0.508317929759704,0.97,0.97,0,1,464.671875,812.36328125,73.78515625,421.46484375,3,3
"0.99.39","cuda","prism","plssvd",7,0.8,0.335,2.38805970149254,0.549632284339813,0.549632285916224,1.57641111275808e-09,0.999999926333563,548.62109375,897.4140625,136.51171875,485.28125,3,3
"0.99.39","cuda","prism","simpls",6,5.522,0.455,12.1362637362637,0.54775881621046,0.547758816210583,1.2312373343093e-13,0.999999999980808,548.8046875,901.96875,136.71875,489.8359375,3,3
"0.99.39","cuda","prism","opls",5,12.811,8.68,1.47592165898617,0.549646861459998,0.549646861460298,3.00759417370955e-13,0.999999999982526,596.56640625,903.9765625,184.5,491.80859375,3,3
"0.99.39","cuda","prism","kernelpls",6,5.579,0.449,12.4253897550111,0.54775881621046,0.547758816210583,1.2312373343093e-13,0.999999999980808,548.88671875,901.41015625,136.71875,489.21875,3,3
"0.99.39","cuda","retina","plssvd",11,0.0559999999999999,0.302,0.185430463576159,0.927251629027939,0.927251629027939,0,1,510.91796875,860.47265625,97.2421875,446.8125,3,3
"0.99.39","cuda","retina","simpls",30,0.0790000000000001,0.34,0.232352941176471,0.967776488440596,0.967776488440596,0,1,509.12890625,856.609375,95.5078125,442.8984375,3,3
"0.99.39","cuda","retina","opls",22,0.097,0.356,0.272471910112359,0.94974560385611,0.94974560385611,0,1,508.375,857.3984375,94.8203125,443.6640625,3,3
"0.99.39","cuda","retina","kernelpls",30,0.0810000000000001,0.339,0.238938053097345,0.967776488440596,0.967776488440596,0,1,509.06640625,857.078125,95.53125,443.546875,3,3
"0.99.39","cuda","tabula","plssvd",31,0.326,0.481,0.677754677754678,0.779999600471444,0.779999600471444,0,1,631.34765625,993.26953125,191.203125,553.1328125,3,3
"0.99.39","cuda","tabula","simpls",44,0.379,0.602,0.629568106312292,0.800435486126371,0.800435486126371,0,1,607.51953125,943.8359375,167.32421875,503.703125,3,3
"0.99.39","cuda","tabula","opls",47,0.438,0.69,0.634782608695652,0.798138196927625,0.798138196927625,0,1,621.9140625,954.64453125,181.77734375,514.4765625,3,3
"0.99.39","cuda","tabula","kernelpls",44,0.38,0.597,0.636515912897822,0.800435486126371,0.800435486126371,0,1,607.734375,950.6640625,167.51171875,510.54296875,3,3
"0.99.39","cuda","tcga_brca","plssvd",3,0.016,0.282,0.0567375886524823,0.840909090909091,0.840909090909091,0,1,464.56640625,807.98828125,69.6875,413.046875,3,3
"0.99.39","cuda","tcga_brca","simpls",7,0.0239999999999999,0.302,0.0794701986754963,0.852272727272727,0.852272727272727,0,1,464.58203125,812.37890625,69.66015625,417.55078125,3,3
"0.99.39","cuda","tcga_brca","opls",5,0.0319999999999999,0.301,0.106312292358804,0.818181818181818,0.818181818181818,0,1,465.40234375,818.46875,70.53125,423.60546875,3,3
"0.99.39","cuda","tcga_brca","kernelpls",7,0.025,0.307,0.0814332247557004,0.852272727272727,0.852272727272727,0,1,464.19140625,812.59375,69.24609375,417.73046875,3,3
"0.99.39","cuda","tcga_hnsc_methylation","plssvd",1,0.0119999999999999,0.278,0.0431654676258989,1,1,0,1,461.70703125,806.93359375,69.91015625,415.09375,3,3
"0.99.39","cuda","tcga_hnsc_methylation","simpls",2,0.0139999999999999,0.273,0.0512820512820509,1,1,0,1,461.55078125,787.80859375,69.62890625,395.99609375,3,3
"0.99.39","cuda","tcga_hnsc_methylation","opls",1,0.0199999999999999,0.273,0.0732600732600729,1,1,0,1,467.58984375,789.56640625,75.6875,397.72265625,3,3
"0.99.39","cuda","tcga_hnsc_methylation","kernelpls",2,0.0159999999999999,0.273,0.0586080586080583,1,1,0,1,461.61328125,787.84375,69.69921875,395.91796875,3,3
"0.99.39","cuda","tcga_pan_cancer","plssvd",30,0.113,0.299,0.377926421404683,0.882892057026477,0.882892057026477,0,1,493.03125,839.85546875,78.61328125,425.3671875,3,3
"0.99.39","cuda","tcga_pan_cancer","simpls",185,2.382,0.891,2.67340067340067,0.940936863543788,0.940936863543788,0,1,495.4609375,846.12109375,80.90625,431.6328125,3,3
"0.99.39","cuda","tcga_pan_cancer","opls",182,2.399,0.948,2.53059071729958,0.938900203665988,0.938900203665988,0,1,529.0234375,861.8203125,114.5546875,447.26953125,3,3
"0.99.39","cuda","tcga_pan_cancer","kernelpls",185,2.373,0.889,2.66929133858268,0.940936863543788,0.940936863543788,0,1,495.83203125,845.99609375,81.36328125,431.47265625,3,3
