"dataset","comparison_profile","implementation","timing_mode","cpu_profile","measurement_scope","requested_blas_threads","reported_blas_threads","loaded_blas_library","function_name","estimator","solver","output_contract","repetitions_attempted","repetitions_completed","median_fit_sec","iqr_fit_sec","median_prediction_sec","iqr_prediction_sec","median_total_sec","iqr_total_sec","median_preprocess_crosscov_sec","median_estimator_sec","median_coefficient_path_sec","median_fitted_values_sec","median_model_assembly_sec","median_cpp_total_sec","median_r_wrapper_fit_overhead_sec","median_accuracy","median_fit_object_mb","median_process_peak_rss_mb","iqr_process_peak_rss_mb","median_prefit_process_rss_mb","iqr_prefit_process_rss_mb","median_baseline_corrected_peak_increment_mb","iqr_baseline_corrected_peak_increment_mb","median_final_process_rss_mb","median_coefficient_path_mb","median_score_outputs_mb","median_loading_outputs_mb","median_fitted_outputs_mb","theoretical_cross_covariance_mb","theoretical_final_coefficient_mb","theoretical_coefficient_path_mb","theoretical_fitted_path_mb","theoretical_residual_path_mb","theoretical_train_scores_mb","theoretical_test_scores_mb","theoretical_largest_retained_name","theoretical_largest_retained_mb","failures","failure_messages"
"ccle","complete_workflow","fastpls","steady_process_batch","reference_1","phase_decomposition",1,1,"/usr/lib/x86_64-linux-gnu/blas/libblas.so.3.10.0","fastPLS::pls","deterministic SIMPLS","IRLBA","ordinary public fit object plus final test predictions",50,50,0.0514520406723023,0.00239360332489012,0.00137758255004883,0.00018483400344849,0.0528329610824585,0.00237536430358887,0.0047454335,0.0245871255,0.000178693,0,5.2514e-05,0.029790081,0.0216184956309814,0.71830985915493,0.392913818359375,511.5078125,0,400.41015625,0,111.09765625,0,444.28125,0.137542724609375,0,0,0,0.1373291015625,0.1373291015625,3.570556640625,1.95309448242188,1.95309448242188,0.108505249023438,0.0097503662109375,"final coefficient matrix (p x q)",0.1373291015625,0,"NA"
"cifar100","complete_workflow","fastpls","steady_process_batch","reference_1","phase_decomposition",1,1,"/usr/lib/x86_64-linux-gnu/blas/libblas.so.3.10.0","fastPLS::pls","deterministic SIMPLS","IRLBA","ordinary public fit object plus final test predictions",10,10,30.6383618116378,0.107921361923246,1.12292146682739,0.0107257366180427,31.7594797611237,0.105414271354647,2.2982591045,13.320957685,0.011260742,0,0.000252475,15.633505728,15.0255439307704,0.8912,2.53443908691406,2995.57421875,0,1917.05859375,0,1078.515625,0,2155.86328125,0.586151123046875,0,0,0,0.5859375,0.5859375,154.1015625,10032.6538085938,10032.6538085938,100.326538085938,7.62939453125,"final coefficient matrix (p x q)",0.5859375,0,"NA"
"gtex_v8","complete_workflow","fastpls","steady_process_batch","reference_1","phase_decomposition",1,1,"/usr/lib/x86_64-linux-gnu/blas/libblas.so.3.10.0","fastPLS::pls","deterministic SIMPLS","IRLBA","ordinary public fit object plus final test predictions",30,30,1.60972392559052,0.0688552856445377,0.0611821413040162,0.00228989124298096,1.67032480239869,0.0687202811241152,0.0539259075,0.9061818305,0.003278316,0,0.000214893,0.9646828715,0.642825901786194,0.963613550815558,1.86763000488281,680.421875,0,435.23828125,0,245.18359375,0,613.0625,0.244354248046875,0,0,0,0.244140625,0.244140625,46.38671875,139.16015625,139.16015625,4.3487548828125,0.194580078125,"final coefficient matrix (p x q)",0.244140625,0,"NA"
"metref","complete_workflow","fastpls","steady_process_batch","reference_1","phase_decomposition",1,1,"/usr/lib/x86_64-linux-gnu/blas/libblas.so.3.10.0","fastPLS::pls","deterministic SIMPLS","IRLBA","ordinary public fit object plus final test predictions",50,50,0.103801012039185,0.0026856064796445,0.00246059894561767,0.0001797080039978,0.106351613998413,0.002490639686584,0.0030451985,0.0615378005,0.000369541,0,6.5352e-05,0.0651287475,0.0390787387230834,0.97,0.503463745117188,505.71484375,0,401.828125,0,103.88671875,0,438.37109375,0.0631561279296875,0,0,0,0.0629425048828125,0.0629425048828125,7.42721557617188,15.3099670410156,15.3099670410156,0.695907592773438,0.01678466796875,"final coefficient matrix (p x q)",0.0629425048828125,0,"NA"
"retina","complete_workflow","fastpls","steady_process_batch","reference_1","phase_decomposition",1,1,"/usr/lib/x86_64-linux-gnu/blas/libblas.so.3.10.0","fastPLS::pls","deterministic SIMPLS","IRLBA","ordinary public fit object plus final test predictions",50,50,0.0992671251296997,0.0108563303947446,0.0245723724365235,0.00188177824020385,0.12351644039154,0.0126904249191288,0.033091839,0.0011434385,1.0289e-05,0,3.46805e-05,0.0342776765,0.0648934431296997,0.967776488440596,0.057281494140625,614.0859375,0,447.68359375,0,166.40234375,0,546.69140625,0.004791259765625,0,0,0,0.00457763671875,0.00457763671875,0.1373291015625,61.5289306640625,61.5289306640625,5.12741088867188,2.05133056640625,"final coefficient matrix (p x q)",0.00457763671875,0,"NA"
"tabula","complete_workflow","fastpls","steady_process_batch","reference_1","phase_decomposition",1,1,"/usr/lib/x86_64-linux-gnu/blas/libblas.so.3.10.0","fastPLS::pls","deterministic SIMPLS","IRLBA","ordinary public fit object plus final test predictions",30,30,0.325774073600769,0.0347722172737115,0.0965431928634644,0.0047121047973633,0.422176361083984,0.0349968671798712,0.11010654,0.0025895645,3.1611e-05,0,4.38205e-05,0.1128131215,0.207501588204528,0.800435486126371,0.0936737060546875,791.953125,0,504.91796875,0,287.03515625,0,724.515625,0.012420654296875,0,0,0,0.01220703125,0.01220703125,0.537109375,537.5712890625,537.5712890625,16.7991027832031,12.221435546875,"final coefficient matrix (p x q)",0.01220703125,0,"NA"
"tcga_brca","complete_workflow","fastpls","steady_process_batch","reference_1","phase_decomposition",1,1,"/usr/lib/x86_64-linux-gnu/blas/libblas.so.3.10.0","fastPLS::pls","deterministic SIMPLS","IRLBA","ordinary public fit object plus final test predictions",50,50,0.0298830270767211,0.0110747218132019,0.00104618072509765,0.000204265117645267,0.0307776927947998,0.0111687779426575,0.00381042,0.004446986,1.7735e-05,0,4.42935e-05,0.008373949,0.0213986444828491,0.852272727272727,0.132392883300781,516.296875,0,402.16015625,0,114.13671875,0,448.84765625,0.038360595703125,0,0,0,0.03814697265625,0.03814697265625,0.26702880859375,0.201873779296875,0.201873779296875,0.040374755859375,0.00335693359375,"final coefficient matrix (p x q)",0.03814697265625,0,"NA"
"tcga_hnsc_methylation","complete_workflow","fastpls","steady_process_batch","reference_1","phase_decomposition",1,1,"/usr/lib/x86_64-linux-gnu/blas/libblas.so.3.10.0","fastPLS::pls","deterministic SIMPLS","IRLBA","ordinary public fit object plus final test predictions",50,50,0.0105286836624146,0.00338536500930782,0.000478029251098633,1.62720680236819e-05,0.0110131502151489,0.00339955091476444,0.001526462,0.0006723565,2.8515e-06,0,3.47725e-05,0.0022552515,0.00831577345904541,1,0.0580978393554688,502.953125,0,398.3046875,0,104.6484375,0,435.40234375,0.01214599609375,0,0,0,0.011932373046875,0.011932373046875,0.02386474609375,0.015869140625,0.015869140625,0.0079345703125,0.000885009765625,"final coefficient matrix (p x q)",0.011932373046875,0,"NA"
"tcga_pan_cancer","complete_workflow","fastpls","steady_process_batch","reference_1","phase_decomposition",1,1,"/usr/lib/x86_64-linux-gnu/blas/libblas.so.3.10.0","fastPLS::pls","deterministic SIMPLS","IRLBA","ordinary public fit object plus final test predictions",30,30,1.29187548160553,0.0614684224128725,0.0640038251876831,0.00248664617538449,1.35807538032532,0.0607425570487952,0.0399177365,0.727450266,0.002741588,0,0.0001784445,0.771199308,0.518056334811401,0.940936863543788,1.57804870605469,668.65234375,0,432.55078125,0,236.1015625,0,601.41015625,0.207733154296875,0,0,0,0.20751953125,0.20751953125,38.39111328125,135.498046875,135.498046875,4.23431396484375,0.23974609375,"final coefficient matrix (p x q)",0.20751953125,0,"NA"
"ccle","estimator_kernel","fastpls","steady_process_batch","reference_1","phase_decomposition",1,1,"/usr/lib/x86_64-linux-gnu/blas/libblas.so.3.10.0","fastPLS::pls","deterministic SIMPLS","IRLBA","coefficient path plus final test predictions; scores/loadings/fitted arrays suppressed",50,50,0.0323112010955811,0.00120472908020017,0.00216805934906006,0.000160992145538333,0.034416913986206,0.0013813972473145,0.0046723255,0.0246801245,0.0004042405,0,0.0004007505,0.0305739605,0.00174705200830078,0.71830985915493,3.80620574951172,509.16015625,0,400.90625,0,108.25390625,0,441.44921875,3.57077026367188,0,0,0,0.1373291015625,0.1373291015625,3.570556640625,1.95309448242188,1.95309448242188,0.108505249023438,0.0097503662109375,"coefficient path (p x q x A)",3.570556640625,0,"NA"
"cifar100","estimator_kernel","fastpls","steady_process_batch","reference_1","phase_decomposition",1,1,"/usr/lib/x86_64-linux-gnu/blas/libblas.so.3.10.0","fastPLS::pls","deterministic SIMPLS","IRLBA","coefficient path plus final test predictions; scores/loadings/fitted arrays suppressed",10,10,15.9824440479278,0.0759594440460027,16.3158997297287,0.208712339401227,32.3271927833557,0.179904520511691,2.3108411675,13.5122433515,0.027798244,0,0.0488229075,15.8828862295,0.0937531075444342,0.8912,155.916854858398,2978.09765625,0,1915.875,0,1062.22265625,0,2224.0859375,154.101776123047,0,0,0,0.5859375,0.5859375,154.1015625,10032.6538085938,10032.6538085938,100.326538085938,7.62939453125,"coefficient path (p x q x A)",154.1015625,0,"NA"
"gtex_v8","estimator_kernel","fastpls","steady_process_batch","reference_1","phase_decomposition",1,1,"/usr/lib/x86_64-linux-gnu/blas/libblas.so.3.10.0","fastPLS::pls","deterministic SIMPLS","IRLBA","coefficient path plus final test predictions; scores/loadings/fitted arrays suppressed",30,30,1.06607460975647,0.0709891319274925,0.26776385307312,0.00740170478820801,1.3363778591156,0.070733964443205,0.0660755125,0.9064001725,0.008359618,0,0.0475469615,1.0519422705,0.0125297038820801,0.963613550815558,47.9435882568359,719.890625,0,454.35546875,0,265.53515625,0,651.98828125,46.3869323730469,0,0,0,0.244140625,0.244140625,46.38671875,139.16015625,139.16015625,4.3487548828125,0.194580078125,"coefficient path (p x q x A)",46.38671875,0,"NA"
"metref","estimator_kernel","fastpls","steady_process_batch","reference_1","phase_decomposition",1,1,"/usr/lib/x86_64-linux-gnu/blas/libblas.so.3.10.0","fastPLS::pls","deterministic SIMPLS","IRLBA","coefficient path plus final test predictions; scores/loadings/fitted arrays suppressed",50,50,0.0715416669845581,0.00164449214935299,0.0125004053115845,0.000550866127014125,0.0843747854232788,0.00232040882110598,0.0034621705,0.0618485365,0.001003148,0,0.002198997,0.068031933,0.00348697526275635,0.97,7.82366180419922,530.5703125,0,401.66796875,0,128.90234375,0,463.0546875,7.42742919921875,0,0,0,0.0629425048828125,0.0629425048828125,7.42721557617188,15.3099670410156,15.3099670410156,0.695907592773438,0.01678466796875,"coefficient path (p x q x A)",7.42721557617188,0,"NA"
"retina","estimator_kernel","fastpls","steady_process_batch","reference_1","phase_decomposition",1,1,"/usr/lib/x86_64-linux-gnu/blas/libblas.so.3.10.0","fastPLS::pls","deterministic SIMPLS","IRLBA","coefficient path plus final test predictions; scores/loadings/fitted arrays suppressed",50,50,0.0385984182357788,0.00213444232940675,0.132529377937317,0.00543022155761724,0.17033338546753,0.00801753997802723,0.0330892395,0.0011340755,2.7482e-05,0,4.4023e-05,0.034301404,0.00390295022265625,0.967776488440596,0.170997619628906,583.1484375,0,455.6640625,0,127.484375,0,515.80078125,0.137542724609375,0,0,0,0.00457763671875,0.00457763671875,0.1373291015625,61.5289306640625,61.5289306640625,5.12741088867188,2.05133056640625,"coefficient path (p x q x A)",0.1373291015625,0,"NA"
"tabula","estimator_kernel","fastpls","steady_process_batch","reference_1","phase_decomposition",1,1,"/usr/lib/x86_64-linux-gnu/blas/libblas.so.3.10.0","fastPLS::pls","deterministic SIMPLS","IRLBA","coefficient path plus final test predictions; scores/loadings/fitted arrays suppressed",30,30,0.123770475387573,0.011170208454132,1.06219935417175,0.0745090842247,1.19412589073182,0.0781776905059801,0.1106891725,0.002581278,7.75815e-05,0,7.7798e-05,0.113427596,0.0103748266218261,0.800435486126371,0.587913513183594,839.078125,0,505.0078125,0,334.0703125,0,771.3359375,0.537322998046875,0,0,0,0.01220703125,0.01220703125,0.537109375,537.5712890625,537.5712890625,16.7991027832031,12.221435546875,"coefficient path (p x q x A)",0.537109375,0,"NA"
"tcga_brca","estimator_kernel","fastpls","steady_process_batch","reference_1","phase_decomposition",1,1,"/usr/lib/x86_64-linux-gnu/blas/libblas.so.3.10.0","fastPLS::pls","deterministic SIMPLS","IRLBA","coefficient path plus final test predictions; scores/loadings/fitted arrays suppressed",50,50,0.00840938091278076,0.000596642494201658,0.000928878784179688,0.000116586685180663,0.00932931900024414,0.000758171081542965,0.0022937515,0.0043864225,3.49085e-05,0,0.000119393,0.006884694,0.00154313467553711,0.852272727272727,0.350410461425781,491.95703125,0,402.8125,0,89.14453125,0,424.359375,0.267242431640625,0,0,0,0.03814697265625,0.03814697265625,0.26702880859375,0.201873779296875,0.201873779296875,0.040374755859375,0.00335693359375,"coefficient path (p x q x A)",0.26702880859375,0,"NA"
"tcga_hnsc_methylation","estimator_kernel","fastpls","steady_process_batch","reference_1","phase_decomposition",1,1,"/usr/lib/x86_64-linux-gnu/blas/libblas.so.3.10.0","fastPLS::pls","deterministic SIMPLS","IRLBA","coefficient path plus final test predictions; scores/loadings/fitted arrays suppressed",50,50,0.00379002094268799,0.00010061264038086,0.000391244888305664,1.76429748535155e-05,0.00417876243591309,0.000116407871246337,0.001290977,0.0006262755,3.0435e-06,0,2.3676e-05,0.001944944,0.00184300710772705,1,0.0612564086914062,465.87890625,0,398.17578125,0,67.703125,0,398.29296875,0.024078369140625,0,0,0,0.011932373046875,0.011932373046875,0.02386474609375,0.015869140625,0.015869140625,0.0079345703125,0.000885009765625,"coefficient path (p x q x A)",0.02386474609375,0,"NA"
"tcga_pan_cancer","estimator_kernel","fastpls","steady_process_batch","reference_1","phase_decomposition",1,1,"/usr/lib/x86_64-linux-gnu/blas/libblas.so.3.10.0","fastPLS::pls","deterministic SIMPLS","IRLBA","coefficient path plus final test predictions; scores/loadings/fitted arrays suppressed",30,30,0.857138395309448,0.0632621049880979,0.30014979839325,0.00473248958587624,1.15660440921783,0.0662561655044525,0.054491942,0.731425734,0.00696468649999999,0,0.0133706035,0.818759169,0.0151389503927002,0.940936863543788,39.6944274902344,661.48046875,0,451.1953125,0,210.28515625,0,583.07421875,38.3913269042969,0,0,0,0.20751953125,0.20751953125,38.39111328125,135.498046875,135.498046875,4.23431396484375,0.23974609375,"coefficient path (p x q x A)",38.39111328125,0,"NA"
"ccle","complete_workflow","fastpls","cold_process","reference_1","primary",1,1,"/usr/lib/x86_64-linux-gnu/blas/libblas.so.3.10.0","fastPLS::pls","deterministic SIMPLS","IRLBA","ordinary public fit object plus final test predictions",50,50,0.0673772096633911,0.000944197177886963,0.00199210643768311,0.000143229961395265,0.0693138837814331,0.000990509986877428,,,,,,,,0.71830985915493,0.39178466796875,489.3828125,0.3369140625,397.822265625,0.0927734375,91.52734375,0.3212890625,421.794921875,0.137542724609375,0,0,0,0.1373291015625,0.1373291015625,3.570556640625,1.95309448242188,1.95309448242188,0.108505249023438,0.0097503662109375,"final coefficient matrix (p x q)",0.1373291015625,0,"NA"
"cifar100","complete_workflow","fastpls","cold_process","reference_1","primary",1,1,"/usr/lib/x86_64-linux-gnu/blas/libblas.so.3.10.0","fastPLS::pls","deterministic SIMPLS","IRLBA","ordinary public fit object plus final test predictions",5,5,30.8518414497375,0.0717730522155975,1.12186002731323,0.00549888610839999,31.9728274345398,0.0695662498473979,,,,,,,,0.8912,2.53330993652344,2200.9375,292.24609375,1906.77734375,0.109375,294.1484375,292.44921875,2109.48828125,0.586151123046875,0,0,0,0.5859375,0.5859375,154.1015625,10032.6538085938,10032.6538085938,100.326538085938,7.62939453125,"final coefficient matrix (p x q)",0.5859375,0,"NA"
"gtex_v8","complete_workflow","fastpls","cold_process","reference_1","primary",1,1,"/usr/lib/x86_64-linux-gnu/blas/libblas.so.3.10.0","fastPLS::pls","deterministic SIMPLS","IRLBA","ordinary public fit object plus final test predictions",30,30,1.78416931629181,0.0191454291343651,0.0617924928665161,0.00216251611709592,1.84557473659516,0.01975417137146,,,,,,,,0.963613550815558,1.86650085449219,614.3359375,0.9033203125,428.13671875,0.107421875,186.216796875,0.9072265625,546.8984375,0.244354248046875,0,0,0,0.244140625,0.244140625,46.38671875,139.16015625,139.16015625,4.3487548828125,0.194580078125,"final coefficient matrix (p x q)",0.244140625,0,"NA"
"metref","complete_workflow","fastpls","cold_process","reference_1","primary",1,1,"/usr/lib/x86_64-linux-gnu/blas/libblas.so.3.10.0","fastPLS::pls","deterministic SIMPLS","IRLBA","ordinary public fit object plus final test predictions",50,50,0.117022275924683,0.001416265964508,0.00294935703277588,0.000218272209167483,0.12002420425415,0.0012960433959955,,,,,,,,0.97,0.502334594726562,479.376953125,0.4912109375,395.33203125,0.080078125,84.083984375,0.4091796875,411.876953125,0.0631561279296875,0,0,0,0.0629425048828125,0.0629425048828125,7.42721557617188,15.3099670410156,15.3099670410156,0.695907592773438,0.01678466796875,"final coefficient matrix (p x q)",0.0629425048828125,0,"NA"
"retina","complete_workflow","fastpls","cold_process","reference_1","primary",1,1,"/usr/lib/x86_64-linux-gnu/blas/libblas.so.3.10.0","fastPLS::pls","deterministic SIMPLS","IRLBA","ordinary public fit object plus final test predictions",50,50,0.193706631660462,0.00294685363769498,0.0268105268478393,0.000515222549438546,0.220471024513245,0.00287491083145175,,,,,,,,0.967776488440596,0.05615234375,547.3125,1.974609375,422.365234375,0.1162109375,124.98046875,1.9423828125,479.74609375,0.004791259765625,0,0,0,0.00457763671875,0.00457763671875,0.1373291015625,61.5289306640625,61.5289306640625,5.12741088867188,2.05133056640625,"final coefficient matrix (p x q)",0.00457763671875,0,"NA"
"tabula","complete_workflow","fastpls","cold_process","reference_1","primary",1,1,"/usr/lib/x86_64-linux-gnu/blas/libblas.so.3.10.0","fastPLS::pls","deterministic SIMPLS","IRLBA","ordinary public fit object plus final test predictions",30,30,0.526570796966553,0.0048210024833677,0.100012421607971,0.00155025720596325,0.6264568567276,0.00649315118789728,,,,,,,,0.800435486126371,0.0925445556640625,695.271484375,11.4755859375,477.15625,0.544921875,218.146484375,12.04296875,627.943359375,0.012420654296875,0,0,0,0.01220703125,0.01220703125,0.537109375,537.5712890625,537.5712890625,16.7991027832031,12.221435546875,"final coefficient matrix (p x q)",0.01220703125,0,"NA"
"tcga_brca","complete_workflow","fastpls","cold_process","reference_1","primary",1,1,"/usr/lib/x86_64-linux-gnu/blas/libblas.so.3.10.0","fastPLS::pls","deterministic SIMPLS","IRLBA","ordinary public fit object plus final test predictions",50,50,0.0425915718078613,0.000531911849975607,0.00150024890899659,6.19888305664102e-05,0.0440994501113891,0.000581204891204848,,,,,,,,0.852272727272727,0.131263732910156,499.1171875,0.31640625,399.533203125,0.0830078125,99.556640625,0.3251953125,431.61328125,0.038360595703125,0,0,0,0.03814697265625,0.03814697265625,0.26702880859375,0.201873779296875,0.201873779296875,0.040374755859375,0.00335693359375,"final coefficient matrix (p x q)",0.03814697265625,0,"NA"
"tcga_hnsc_methylation","complete_workflow","fastpls","cold_process","reference_1","primary",1,1,"/usr/lib/x86_64-linux-gnu/blas/libblas.so.3.10.0","fastPLS::pls","deterministic SIMPLS","IRLBA","ordinary public fit object plus final test predictions",50,50,0.0241619348526001,0.0003701448440552,0.000908732414245605,2.92062759399419e-05,0.0250757932662963,0.000387430191040074,,,,,,,,1,0.0569686889648438,481.228515625,0.330078125,396.20703125,0.0927734375,85.02734375,0.2998046875,413.666015625,0.01214599609375,0,0,0,0.011932373046875,0.011932373046875,0.02386474609375,0.015869140625,0.015869140625,0.0079345703125,0.000885009765625,"final coefficient matrix (p x q)",0.011932373046875,0,"NA"
"tcga_pan_cancer","complete_workflow","fastpls","cold_process","reference_1","primary",1,1,"/usr/lib/x86_64-linux-gnu/blas/libblas.so.3.10.0","fastPLS::pls","deterministic SIMPLS","IRLBA","ordinary public fit object plus final test predictions",30,30,1.46518051624298,0.00629144906997481,0.0629274845123291,0.00106132030487061,1.52837920188903,0.00521385669708474,,,,,,,,0.940936863543788,1.57691955566406,598.322265625,1.29296875,425.3046875,0.0908203125,172.9765625,1.1904296875,530.751953125,0.207733154296875,0,0,0,0.20751953125,0.20751953125,38.39111328125,135.498046875,135.498046875,4.23431396484375,0.23974609375,"final coefficient matrix (p x q)",0.20751953125,0,"NA"
"ccle","estimator_kernel","fastpls","cold_process","reference_1","primary",1,1,"/usr/lib/x86_64-linux-gnu/blas/libblas.so.3.10.0","fastPLS::pls","deterministic SIMPLS","IRLBA","coefficient path plus final test predictions; scores/loadings/fitted arrays suppressed",50,50,0.0447590351104736,0.000603258609771742,0.00281918048858642,0.000153362751007082,0.047559380531311,0.000749707221984877,,,,,,,,0.71830985915493,3.80507659912109,472.015625,0.4443359375,397.83203125,0.0888671875,74.16015625,0.4482421875,404.50390625,3.57077026367188,0,0,0,0.1373291015625,0.1373291015625,3.570556640625,1.95309448242188,1.95309448242188,0.108505249023438,0.0097503662109375,"coefficient path (p x q x A)",3.570556640625,0,"NA"
"cifar100","estimator_kernel","fastpls","cold_process","reference_1","primary",1,1,"/usr/lib/x86_64-linux-gnu/blas/libblas.so.3.10.0","fastPLS::pls","deterministic SIMPLS","IRLBA","coefficient path plus final test predictions; scores/loadings/fitted arrays suppressed",5,5,15.9546406269073,0.0233929157256991,16.1540439128876,0.075645685195898,32.1086845397949,0.0522527694702006,,,,,,,,0.8912,155.915725708008,1976.3671875,0.13671875,1906.82421875,0.0546875,69.48046875,0.08203125,1908.75390625,154.101776123047,0,0,0,0.5859375,0.5859375,154.1015625,10032.6538085938,10032.6538085938,100.326538085938,7.62939453125,"coefficient path (p x q x A)",154.1015625,0,"NA"
"gtex_v8","estimator_kernel","fastpls","cold_process","reference_1","primary",1,1,"/usr/lib/x86_64-linux-gnu/blas/libblas.so.3.10.0","fastPLS::pls","deterministic SIMPLS","IRLBA","coefficient path plus final test predictions; scores/loadings/fitted arrays suppressed",30,30,1.10389912128448,0.0058864951133677,0.270457983016968,0.00711494684219349,1.37581825256348,0.00924736261367487,,,,,,,,0.963613550815558,47.9424591064453,575.1171875,0.6640625,428.1953125,0.0947265625,146.92578125,0.5966796875,499.802734375,46.3869323730469,0,0,0,0.244140625,0.244140625,46.38671875,139.16015625,139.16015625,4.3487548828125,0.194580078125,"coefficient path (p x q x A)",46.38671875,0,"NA"
"metref","estimator_kernel","fastpls","cold_process","reference_1","primary",1,1,"/usr/lib/x86_64-linux-gnu/blas/libblas.so.3.10.0","fastPLS::pls","deterministic SIMPLS","IRLBA","coefficient path plus final test predictions; scores/loadings/fitted arrays suppressed",50,50,0.0835542678833008,0.000637769699096749,0.0127292871475219,0.000256538391113276,0.0962224006652832,0.00101500749588017,,,,,,,,0.97,7.82253265380859,476.662109375,0.4111328125,395.28515625,0.0966796875,81.3671875,0.3798828125,409.134765625,7.42742919921875,0,0,0,0.0629425048828125,0.0629425048828125,7.42721557617188,15.3099670410156,15.3099670410156,0.695907592773438,0.01678466796875,"coefficient path (p x q x A)",7.42721557617188,0,"NA"
"retina","estimator_kernel","fastpls","cold_process","reference_1","primary",1,1,"/usr/lib/x86_64-linux-gnu/blas/libblas.so.3.10.0","fastPLS::pls","deterministic SIMPLS","IRLBA","coefficient path plus final test predictions; scores/loadings/fitted arrays suppressed",50,50,0.0515608787536621,0.00129002332687375,0.211220383644104,0.00270581245422402,0.26244330406189,0.00400614738464378,,,,,,,,0.967776488440596,0.169868469238281,523.482421875,1.8974609375,422.384765625,0.091796875,101.1328125,1.873046875,455.787109375,0.137542724609375,0,0,0,0.00457763671875,0.00457763671875,0.1373291015625,61.5289306640625,61.5289306640625,5.12741088867188,2.05133056640625,"coefficient path (p x q x A)",0.1373291015625,0,"NA"
"tabula","estimator_kernel","fastpls","cold_process","reference_1","primary",1,1,"/usr/lib/x86_64-linux-gnu/blas/libblas.so.3.10.0","fastPLS::pls","deterministic SIMPLS","IRLBA","coefficient path plus final test predictions; scores/loadings/fitted arrays suppressed",30,30,0.152042031288147,0.00497317314147899,1.16334319114686,0.0100742578506501,1.31458938121796,0.0076717734336873,,,,,,,,0.800435486126371,0.586784362792969,601.216796875,8.708984375,477.19140625,0.5048828125,124.044921875,8.14453125,602.00390625,0.537322998046875,0,0,0,0.01220703125,0.01220703125,0.537109375,537.5712890625,537.5712890625,16.7991027832031,12.221435546875,"coefficient path (p x q x A)",0.537109375,0,"NA"
"tcga_brca","estimator_kernel","fastpls","cold_process","reference_1","primary",1,1,"/usr/lib/x86_64-linux-gnu/blas/libblas.so.3.10.0","fastPLS::pls","deterministic SIMPLS","IRLBA","coefficient path plus final test predictions; scores/loadings/fitted arrays suppressed",50,50,0.0205998420715332,0.000532448291778575,0.00162875652313233,4.35113906860401e-05,0.022230863571167,0.000569164752960198,,,,,,,,0.852272727272727,0.349281311035156,470.302734375,0.345703125,399.537109375,0.1064453125,70.71484375,0.2646484375,402.759765625,0.267242431640625,0,0,0,0.03814697265625,0.03814697265625,0.26702880859375,0.201873779296875,0.201873779296875,0.040374755859375,0.00335693359375,"coefficient path (p x q x A)",0.26702880859375,0,"NA"
"tcga_hnsc_methylation","estimator_kernel","fastpls","cold_process","reference_1","primary",1,1,"/usr/lib/x86_64-linux-gnu/blas/libblas.so.3.10.0","fastPLS::pls","deterministic SIMPLS","IRLBA","coefficient path plus final test predictions; scores/loadings/fitted arrays suppressed",50,50,0.01278817653656,0.00018638372421265,0.000961184501647949,2.3126602172852e-05,0.0137530565261841,0.000210046768188473,,,,,,,,1,0.0601272583007812,465.74609375,0.283203125,396.216796875,0.0966796875,69.517578125,0.2587890625,398.169921875,0.024078369140625,0,0,0,0.011932373046875,0.011932373046875,0.02386474609375,0.015869140625,0.015869140625,0.0079345703125,0.000885009765625,"coefficient path (p x q x A)",0.02386474609375,0,"NA"
"tcga_pan_cancer","estimator_kernel","fastpls","cold_process","reference_1","primary",1,1,"/usr/lib/x86_64-linux-gnu/blas/libblas.so.3.10.0","fastPLS::pls","deterministic SIMPLS","IRLBA","coefficient path plus final test predictions; scores/loadings/fitted arrays suppressed",30,30,0.901354670524597,0.00658297538757324,0.304954767227173,0.00625312328338617,1.20685696601867,0.011945545673375,,,,,,,,0.940936863543788,39.6932983398438,557.142578125,0.40234375,425.3359375,0.0849609375,131.81640625,0.3544921875,489.5625,38.3913269042969,0,0,0,0.20751953125,0.20751953125,38.39111328125,135.498046875,135.498046875,4.23431396484375,0.23974609375,"coefficient path (p x q x A)",38.39111328125,0,"NA"
"ccle","complete_workflow","pls","cold_process","reference_1","primary",1,1,"/usr/lib/x86_64-linux-gnu/blas/libblas.so.3.10.0","pls::simpls.fit","deterministic SIMPLS","eigen","ordinary public fit object plus final test predictions",50,50,0.0512722730636597,0.000658810138702386,0.00111210346221924,0.000148534774780277,0.0524088144302368,0.000777125358581598,,,,,,,,0.71830985915493,8.46478271484375,489.04296875,0.404296875,397.84375,0.078125,91.20703125,0.361328125,421.38671875,3.64181518554688,0.144157409667969,0.268394470214844,1.98998260498047,0.1373291015625,0.1373291015625,3.570556640625,1.95309448242188,1.95309448242188,0.108505249023438,0.0097503662109375,"fitted/residual response path (n_train x q x A each)",1.95309448242188,0,"NA"
"cifar100","complete_workflow","pls","cold_process","reference_1","primary",,,,,,,,1,0,,,,,,,,,,,,,,,,,,,,,,,,,,,,,,,,,,,,1,"failed_process_137"
"gtex_v8","complete_workflow","pls","cold_process","reference_1","primary",1,1,"/usr/lib/x86_64-linux-gnu/blas/libblas.so.3.10.0","pls::simpls.fit","deterministic SIMPLS","eigen","ordinary public fit object plus final test predictions",15,15,3.09901404380798,0.0192015171051052,0.016505241394043,0.000551581382751451,3.11523056030273,0.020021319389345,,,,,,,,0.963613550815558,337.743965148926,1035.34765625,0.41796875,428.16015625,0.0859375,607.19140625,0.419921875,967.734375,46.4862060546875,4.61312866210938,1.54648590087891,139.427124023438,0.244140625,0.244140625,46.38671875,139.16015625,139.16015625,4.3487548828125,0.194580078125,"fitted/residual response path (n_train x q x A each)",139.16015625,0,"NA"
"metref","complete_workflow","pls","cold_process","reference_1","primary",1,1,"/usr/lib/x86_64-linux-gnu/blas/libblas.so.3.10.0","pls::simpls.fit","deterministic SIMPLS","eigen","ordinary public fit object plus final test predictions",50,50,0.351858973503113,0.00440329313278148,0.000758528709411621,0.000142216682434082,0.352636575698853,0.00441253185272156,,,,,,,,0.97,40.4751129150391,524.595703125,0.4404296875,395.341796875,0.09375,129.265625,0.4599609375,457.09375,7.46001434326172,0.751113891601562,0.368522644042969,15.367057800293,0.0629425048828125,0.0629425048828125,7.42721557617188,15.3099670410156,15.3099670410156,0.695907592773438,0.01678466796875,"fitted/residual response path (n_train x q x A each)",15.3099670410156,0,"NA"
"retina","complete_workflow","pls","cold_process","reference_1","primary",1,1,"/usr/lib/x86_64-linux-gnu/blas/libblas.so.3.10.0","pls::simpls.fit","deterministic SIMPLS","eigen","ordinary public fit object plus final test predictions",30,30,0.596501588821411,0.00452530384063721,0.016794204711914,0.0003247857093811,0.613275527954102,0.00502568483352639,,,,,,,,0.967776488440596,138.981544494629,732.619140625,0.2763671875,422.40234375,0.0810546875,310.2421875,0.3115234375,665.123046875,0.143791198730469,6.49723052978516,0.0170135498046875,62.8996505737305,0.00457763671875,0.00457763671875,0.1373291015625,61.5289306640625,61.5289306640625,5.12741088867188,2.05133056640625,"fitted/residual response path (n_train x q x A each)",61.5289306640625,0,"NA"
"tabula","complete_workflow","pls","cold_process","reference_1","primary",1,1,"/usr/lib/x86_64-linux-gnu/blas/libblas.so.3.10.0","pls::simpls.fit","deterministic SIMPLS","eigen","ordinary public fit object plus final test predictions",15,15,2.66901969909668,0.0119380950927752,0.0627079010009766,0.0021587610244751,2.73478174209595,0.0113747119903551,,,,,,,,0.800435486126371,1129.27906036377,2488.265625,0.576171875,477.17578125,0.087890625,2011.0546875,0.5390625,2420.62109375,0.545967102050781,21.7790222167969,0.0232086181640625,542.553649902344,0.01220703125,0.01220703125,0.537109375,537.5712890625,537.5712890625,16.7991027832031,12.221435546875,"fitted/residual response path (n_train x q x A each)",537.5712890625,0,"NA"
"tcga_brca","complete_workflow","pls","cold_process","reference_1","primary",1,1,"/usr/lib/x86_64-linux-gnu/blas/libblas.so.3.10.0","pls::simpls.fit","deterministic SIMPLS","eigen","ordinary public fit object plus final test predictions",50,50,0.0222378969192505,0.00021648406982425,0.00111353397369385,6.49094581604e-05,0.0233912467956543,0.000209212303161649,,,,,,,,0.852272727272727,1.27191162109375,486.916015625,0.2314453125,399.541015625,0.0625,87.40625,0.26171875,419.240234375,0.330474853515625,0.0933990478515625,0.116691589355469,0.25506591796875,0.03814697265625,0.03814697265625,0.26702880859375,0.201873779296875,0.201873779296875,0.040374755859375,0.00335693359375,"fitted/residual response path (n_train x q x A each)",0.201873779296875,0,"NA"
"tcga_hnsc_methylation","complete_workflow","pls","cold_process","reference_1","primary",1,1,"/usr/lib/x86_64-linux-gnu/blas/libblas.so.3.10.0","pls::simpls.fit","deterministic SIMPLS","eigen","ordinary public fit object plus final test predictions",50,50,0.00860822200775146,0.000165462493896483,0.000440478324890137,1.6629695892334e-05,0.00904619693756104,0.000174999237060545,,,,,,,,1,0.413253784179688,473.978515625,0.3662109375,396.21484375,0.095703125,77.732421875,0.3779296875,406.353515625,0.078369140625,0.0444412231445312,0.066436767578125,0.0523834228515625,0.011932373046875,0.011932373046875,0.02386474609375,0.015869140625,0.015869140625,0.0079345703125,0.000885009765625,"fitted/residual response path (n_train x q x A each)",0.015869140625,0,"NA"
"tcga_pan_cancer","complete_workflow","pls","cold_process","reference_1","primary",1,1,"/usr/lib/x86_64-linux-gnu/blas/libblas.so.3.10.0","pls::simpls.fit","deterministic SIMPLS","eigen","ordinary public fit object plus final test predictions",15,15,2.71375036239624,0.00791800022125022,0.0180428028106689,0.000603199005126998,2.73250842094421,0.00832152366637473,,,,,,,,0.940936863543788,321.41650390625,1006.0703125,0.248046875,425.3046875,0.095703125,580.68359375,0.3046875,938.36328125,38.4594192504883,4.45293426513672,1.26482391357422,135.719879150391,0.20751953125,0.20751953125,38.39111328125,135.498046875,135.498046875,4.23431396484375,0.23974609375,"fitted/residual response path (n_train x q x A each)",135.498046875,0,"NA"
"ccle","estimator_kernel","pls","cold_process","reference_1","primary",1,1,"/usr/lib/x86_64-linux-gnu/blas/libblas.so.3.10.0","pls::simpls.fit","deterministic SIMPLS","eigen","coefficient path plus final test predictions; scores/loadings/fitted arrays suppressed",50,50,0.0425360202789307,0.000468850135803195,0.00138747692108155,0.00013840198516845,0.0439409017562866,0.000543296337127727,,,,,,,,0.71830985915493,3.57905578613281,485.22265625,0.3916015625,397.80859375,0.09765625,87.3984375,0.384765625,417.70703125,3.57077026367188,0,0,0,0.1373291015625,0.1373291015625,3.570556640625,1.95309448242188,1.95309448242188,0.108505249023438,0.0097503662109375,"coefficient path (p x q x A)",3.570556640625,0,"NA"
"cifar100","estimator_kernel","pls","cold_process","reference_1","primary",1,1,"/usr/lib/x86_64-linux-gnu/blas/libblas.so.3.10.0","pls::simpls.fit","deterministic SIMPLS","eigen","coefficient path plus final test predictions; scores/loadings/fitted arrays suppressed",5,5,26.8334124088287,0.0430216789245996,0.54724645614624,0.0117616653442381,27.3695983886719,0.0537712574004985,,,,,,,,0.8912,154.108917236328,2025.375,0.5234375,1906.67578125,0.09375,118.69921875,0.4296875,1957.7734375,154.101776123047,0,0,0,0.5859375,0.5859375,154.1015625,10032.6538085938,10032.6538085938,100.326538085938,7.62939453125,"coefficient path (p x q x A)",154.1015625,0,"NA"
"gtex_v8","estimator_kernel","pls","cold_process","reference_1","primary",1,1,"/usr/lib/x86_64-linux-gnu/blas/libblas.so.3.10.0","pls::simpls.fit","deterministic SIMPLS","eigen","coefficient path plus final test predictions; scores/loadings/fitted arrays suppressed",30,30,1.63909816741943,0.0147665739059399,0.0132396221160888,0.000435471534729,1.65225768089295,0.0148656964302052,,,,,,,,0.963613550815558,46.3953247070312,628.14453125,0.484375,428.173828125,0.0986328125,199.951171875,0.552734375,560.580078125,46.3869323730469,0,0,0,0.244140625,0.244140625,46.38671875,139.16015625,139.16015625,4.3487548828125,0.194580078125,"coefficient path (p x q x A)",46.38671875,0,"NA"
"metref","estimator_kernel","pls","cold_process","reference_1","primary",1,1,"/usr/lib/x86_64-linux-gnu/blas/libblas.so.3.10.0","pls::simpls.fit","deterministic SIMPLS","eigen","coefficient path plus final test predictions; scores/loadings/fitted arrays suppressed",50,50,0.113594889640808,0.00100260972976701,0.000678181648254395,0.000152945518493652,0.114308714866638,0.000959575176239263,,,,,,,,0.97,7.43097686767578,494.505859375,0.314453125,395.31640625,0.1005859375,99.158203125,0.294921875,426.876953125,7.42742919921875,0,0,0,0.0629425048828125,0.0629425048828125,7.42721557617188,15.3099670410156,15.3099670410156,0.695907592773438,0.01678466796875,"coefficient path (p x q x A)",7.42721557617188,0,"NA"
"retina","estimator_kernel","pls","cold_process","reference_1","primary",1,1,"/usr/lib/x86_64-linux-gnu/blas/libblas.so.3.10.0","pls::simpls.fit","deterministic SIMPLS","eigen","coefficient path plus final test predictions; scores/loadings/fitted arrays suppressed",50,50,0.0817283391952515,0.000622689723968478,0.017797589302063,0.0005877017974854,0.0994712114334106,0.00110906362533573,,,,,,,,0.967776488440596,0.138565063476562,521.869140625,0.4072265625,422.3515625,0.12109375,99.453125,0.4140625,454.25,0.137542724609375,0,0,0,0.00457763671875,0.00457763671875,0.1373291015625,61.5289306640625,61.5289306640625,5.12741088867188,2.05133056640625,"coefficient path (p x q x A)",0.1373291015625,0,"NA"
"tabula","estimator_kernel","pls","cold_process","reference_1","primary",1,1,"/usr/lib/x86_64-linux-gnu/blas/libblas.so.3.10.0","pls::simpls.fit","deterministic SIMPLS","eigen","coefficient path plus final test predictions; scores/loadings/fitted arrays suppressed",30,30,0.452540159225464,0.00261133909225497,0.0854008197784424,0.00310772657394406,0.538682579994202,0.00416392087936424,,,,,,,,0.800435486126371,0.538467407226562,657.033203125,0.30859375,477.1875,0.5615234375,179.580078125,0.6396484375,589.34765625,0.537322998046875,0,0,0,0.01220703125,0.01220703125,0.537109375,537.5712890625,537.5712890625,16.7991027832031,12.221435546875,"coefficient path (p x q x A)",0.537109375,0,"NA"
"tcga_brca","estimator_kernel","pls","cold_process","reference_1","primary",1,1,"/usr/lib/x86_64-linux-gnu/blas/libblas.so.3.10.0","pls::simpls.fit","deterministic SIMPLS","eigen","coefficient path plus final test predictions; scores/loadings/fitted arrays suppressed",50,50,0.0193020105361938,0.000261425971984929,0.00111663341522216,6.31213188171322e-05,0.0204257965087891,0.000236868858337402,,,,,,,,0.852272727272727,0.275436401367188,481.138671875,0.2734375,399.541015625,0.0703125,81.595703125,0.2919921875,413.46875,0.267242431640625,0,0,0,0.03814697265625,0.03814697265625,0.26702880859375,0.201873779296875,0.201873779296875,0.040374755859375,0.00335693359375,"coefficient path (p x q x A)",0.26702880859375,0,"NA"
"tcga_hnsc_methylation","estimator_kernel","pls","cold_process","reference_1","primary",1,1,"/usr/lib/x86_64-linux-gnu/blas/libblas.so.3.10.0","pls::simpls.fit","deterministic SIMPLS","eigen","coefficient path plus final test predictions; scores/loadings/fitted arrays suppressed",50,50,0.0072321891784668,0.000108420848846432,0.000425457954406738,2.0325183868408e-05,0.00766801834106445,0.000122845172882083,,,,,,,,1,0.03057861328125,470.93359375,0.423828125,396.19140625,0.0869140625,74.732421875,0.4384765625,403.216796875,0.024078369140625,0,0,0,0.011932373046875,0.011932373046875,0.02386474609375,0.015869140625,0.015869140625,0.0079345703125,0.000885009765625,"coefficient path (p x q x A)",0.02386474609375,0,"NA"
"tcga_pan_cancer","estimator_kernel","pls","cold_process","reference_1","primary",1,1,"/usr/lib/x86_64-linux-gnu/blas/libblas.so.3.10.0","pls::simpls.fit","deterministic SIMPLS","eigen","coefficient path plus final test predictions; scores/loadings/fitted arrays suppressed",30,30,1.31750595569611,0.0181626677513149,0.0162562131881714,0.000555455684661851,1.3335028886795,0.0181608200073202,,,,,,,,0.940936863543788,38.3985748291016,607.205078125,0.4462890625,425.296875,0.1025390625,181.92578125,0.48828125,539.55859375,38.3913269042969,0,0,0,0.20751953125,0.20751953125,38.39111328125,135.498046875,135.498046875,4.23431396484375,0.23974609375,"coefficient path (p x q x A)",38.39111328125,0,"NA"
"ccle","complete_workflow","fastpls","steady_process_batch","reference_1","primary",1,1,"/usr/lib/x86_64-linux-gnu/blas/libblas.so.3.10.0","fastPLS::pls","deterministic SIMPLS","IRLBA","ordinary public fit object plus final test predictions",50,50,0.0518841743469238,0.00249046087265013,0.00142753124237061,0.000155448913574217,0.0532249212265015,0.00246459245681763,,,,,,,,0.71830985915493,0.39178466796875,507.06640625,0,400.4921875,0,106.57421875,0,439.65234375,0.137542724609375,0,0,0,0.1373291015625,0.1373291015625,3.570556640625,1.95309448242188,1.95309448242188,0.108505249023438,0.0097503662109375,"final coefficient matrix (p x q)",0.1373291015625,0,"NA"
"cifar100","complete_workflow","fastpls","steady_process_batch","reference_1","primary",1,1,"/usr/lib/x86_64-linux-gnu/blas/libblas.so.3.10.0","fastPLS::pls","deterministic SIMPLS","IRLBA","ordinary public fit object plus final test predictions",10,10,30.7306834459304,0.108637690544153,1.11734390258789,0.012571096420285,31.8361662626267,0.1013560891152,,,,,,,,0.8912,2.53330993652344,2989.65625,0,1910.9765625,0,1078.6796875,0,2111.6328125,0.586151123046875,0,0,0,0.5859375,0.5859375,154.1015625,10032.6538085938,10032.6538085938,100.326538085938,7.62939453125,"final coefficient matrix (p x q)",0.5859375,0,"NA"
"gtex_v8","complete_workflow","fastpls","steady_process_batch","reference_1","primary",1,1,"/usr/lib/x86_64-linux-gnu/blas/libblas.so.3.10.0","fastPLS::pls","deterministic SIMPLS","IRLBA","ordinary public fit object plus final test predictions",30,30,1.6118745803833,0.0531887412071175,0.0617285966873169,0.00255036354064937,1.67330074310303,0.05080109834671,,,,,,,,0.963613550815558,1.86650085449219,701.71484375,0,435.16015625,0,266.5546875,0,634.42578125,0.244354248046875,0,0,0,0.244140625,0.244140625,46.38671875,139.16015625,139.16015625,4.3487548828125,0.194580078125,"final coefficient matrix (p x q)",0.244140625,0,"NA"
"metref","complete_workflow","fastpls","steady_process_batch","reference_1","primary",1,1,"/usr/lib/x86_64-linux-gnu/blas/libblas.so.3.10.0","fastPLS::pls","deterministic SIMPLS","IRLBA","ordinary public fit object plus final test predictions",50,50,0.104617834091187,0.00259208679199249,0.00250709056854248,0.000138938426971439,0.107192158699036,0.00270211696624727,,,,,,,,0.97,0.502334594726562,502.66796875,0,399.5390625,0,103.12890625,0,435.046875,0.0631561279296875,0,0,0,0.0629425048828125,0.0629425048828125,7.42721557617188,15.3099670410156,15.3099670410156,0.695907592773438,0.01678466796875,"final coefficient matrix (p x q)",0.0629425048828125,0,"NA"
"retina","complete_workflow","fastpls","steady_process_batch","reference_1","primary",1,1,"/usr/lib/x86_64-linux-gnu/blas/libblas.so.3.10.0","fastPLS::pls","deterministic SIMPLS","IRLBA","ordinary public fit object plus final test predictions",50,50,0.0982735157012939,0.0110813975334171,0.0242884159088134,0.0019028186798096,0.123269319534301,0.0113899707794185,,,,,,,,0.967776488440596,0.05615234375,610.87890625,0,445.77734375,0,165.1015625,0,544.015625,0.004791259765625,0,0,0,0.00457763671875,0.00457763671875,0.1373291015625,61.5289306640625,61.5289306640625,5.12741088867188,2.05133056640625,"final coefficient matrix (p x q)",0.00457763671875,0,"NA"
"tabula","complete_workflow","fastpls","steady_process_batch","reference_1","primary",1,1,"/usr/lib/x86_64-linux-gnu/blas/libblas.so.3.10.0","fastPLS::pls","deterministic SIMPLS","IRLBA","ordinary public fit object plus final test predictions",30,30,0.331730127334595,0.0238469243049618,0.0956438779830932,0.00327146053314215,0.427577853202819,0.0244567394256591,,,,,,,,0.800435486126371,0.0925445556640625,797.65625,0,543.1875,0,254.46875,0,730.14453125,0.012420654296875,0,0,0,0.01220703125,0.01220703125,0.537109375,537.5712890625,537.5712890625,16.7991027832031,12.221435546875,"final coefficient matrix (p x q)",0.01220703125,0,"NA"
"tcga_brca","complete_workflow","fastpls","steady_process_batch","reference_1","primary",1,1,"/usr/lib/x86_64-linux-gnu/blas/libblas.so.3.10.0","fastPLS::pls","deterministic SIMPLS","IRLBA","ordinary public fit object plus final test predictions",50,50,0.0294333696365357,0.0113564729690552,0.00103271007537842,0.000169992446899412,0.0303305387496949,0.0112744569778443,,,,,,,,0.852272727272727,0.131263732910156,516.69140625,0,402.2578125,0,114.43359375,0,448.9453125,0.038360595703125,0,0,0,0.03814697265625,0.03814697265625,0.26702880859375,0.201873779296875,0.201873779296875,0.040374755859375,0.00335693359375,"final coefficient matrix (p x q)",0.03814697265625,0,"NA"
"tcga_hnsc_methylation","complete_workflow","fastpls","steady_process_batch","reference_1","primary",1,1,"/usr/lib/x86_64-linux-gnu/blas/libblas.so.3.10.0","fastPLS::pls","deterministic SIMPLS","IRLBA","ordinary public fit object plus final test predictions",50,50,0.0100198984146118,0.00369173288345338,0.000464200973510743,1.6510486602783e-05,0.010489821434021,0.00371992588043216,,,,,,,,1,0.0569686889648438,502.87890625,0,398.23828125,0,104.640625,0,435.4609375,0.01214599609375,0,0,0,0.011932373046875,0.011932373046875,0.02386474609375,0.015869140625,0.015869140625,0.0079345703125,0.000885009765625,"final coefficient matrix (p x q)",0.011932373046875,0,"NA"
"tcga_pan_cancer","complete_workflow","fastpls","steady_process_batch","reference_1","primary",1,1,"/usr/lib/x86_64-linux-gnu/blas/libblas.so.3.10.0","fastPLS::pls","deterministic SIMPLS","IRLBA","ordinary public fit object plus final test predictions",30,30,1.28943884372711,0.0675286054611226,0.0625722408294677,0.00316822528839112,1.35264956951141,0.0689053535461424,,,,,,,,0.940936863543788,1.57691955566406,670.36328125,0,430.89453125,0,239.46875,0,602.88671875,0.207733154296875,0,0,0,0.20751953125,0.20751953125,38.39111328125,135.498046875,135.498046875,4.23431396484375,0.23974609375,"final coefficient matrix (p x q)",0.20751953125,0,"NA"
"ccle","estimator_kernel","fastpls","steady_process_batch","reference_1","primary",1,1,"/usr/lib/x86_64-linux-gnu/blas/libblas.so.3.10.0","fastPLS::pls","deterministic SIMPLS","IRLBA","coefficient path plus final test predictions; scores/loadings/fitted arrays suppressed",50,50,0.0325658321380616,0.00115221738815308,0.00216591358184814,0.000116407871246342,0.0347254276275635,0.00121331214904785,,,,,,,,0.71830985915493,3.80507659912109,512.9765625,0,400.94921875,0,112.02734375,0,445.66015625,3.57077026367188,0,0,0,0.1373291015625,0.1373291015625,3.570556640625,1.95309448242188,1.95309448242188,0.108505249023438,0.0097503662109375,"coefficient path (p x q x A)",3.570556640625,0,"NA"
"cifar100","estimator_kernel","fastpls","steady_process_batch","reference_1","primary",1,1,"/usr/lib/x86_64-linux-gnu/blas/libblas.so.3.10.0","fastPLS::pls","deterministic SIMPLS","IRLBA","coefficient path plus final test predictions; scores/loadings/fitted arrays suppressed",10,10,16.0029324293136,0.0885251164436234,16.2512249946594,0.0709193944930497,32.231968998909,0.130857706069975,,,,,,,,0.8912,155.915725708008,3112.5078125,0,1910.9140625,0,1201.59375,0,2219.125,154.101776123047,0,0,0,0.5859375,0.5859375,154.1015625,10032.6538085938,10032.6538085938,100.326538085938,7.62939453125,"coefficient path (p x q x A)",154.1015625,0,"NA"
"gtex_v8","estimator_kernel","fastpls","steady_process_batch","reference_1","primary",1,1,"/usr/lib/x86_64-linux-gnu/blas/libblas.so.3.10.0","fastPLS::pls","deterministic SIMPLS","IRLBA","coefficient path plus final test predictions; scores/loadings/fitted arrays suppressed",30,30,1.04971086978912,0.0663929581642149,0.267280697822571,0.00686192512512224,1.32557094097137,0.0675953030586227,,,,,,,,0.963613550815558,47.9424591064453,719.51171875,0,454.265625,0,265.24609375,0,651.8984375,46.3869323730469,0,0,0,0.244140625,0.244140625,46.38671875,139.16015625,139.16015625,4.3487548828125,0.194580078125,"coefficient path (p x q x A)",46.38671875,0,"NA"
"metref","estimator_kernel","fastpls","steady_process_batch","reference_1","primary",1,1,"/usr/lib/x86_64-linux-gnu/blas/libblas.so.3.10.0","fastPLS::pls","deterministic SIMPLS","IRLBA","coefficient path plus final test predictions; scores/loadings/fitted arrays suppressed",50,50,0.0719476938247681,0.00175279378890993,0.0125015974044799,0.000397503376007075,0.0844988822937012,0.00192421674728399,,,,,,,,0.97,7.82253265380859,530.36328125,0,401.7578125,0,128.60546875,0,462.73828125,7.42742919921875,0,0,0,0.0629425048828125,0.0629425048828125,7.42721557617188,15.3099670410156,15.3099670410156,0.695907592773438,0.01678466796875,"coefficient path (p x q x A)",7.42721557617188,0,"NA"
"retina","estimator_kernel","fastpls","steady_process_batch","reference_1","primary",1,1,"/usr/lib/x86_64-linux-gnu/blas/libblas.so.3.10.0","fastPLS::pls","deterministic SIMPLS","IRLBA","coefficient path plus final test predictions; scores/loadings/fitted arrays suppressed",50,50,0.0384178161621093,0.00282758474349975,0.13297188282013,0.00545829534530626,0.170042157173157,0.00891506671905473,,,,,,,,0.967776488440596,0.169868469238281,579.265625,0,455.76953125,0,123.49609375,0,511.859375,0.137542724609375,0,0,0,0.00457763671875,0.00457763671875,0.1373291015625,61.5289306640625,61.5289306640625,5.12741088867188,2.05133056640625,"coefficient path (p x q x A)",0.1373291015625,0,"NA"
"tabula","estimator_kernel","fastpls","steady_process_batch","reference_1","primary",1,1,"/usr/lib/x86_64-linux-gnu/blas/libblas.so.3.10.0","fastPLS::pls","deterministic SIMPLS","IRLBA","coefficient path plus final test predictions; scores/loadings/fitted arrays suppressed",30,30,0.124229788780212,0.00931823253631577,1.06112134456634,0.0763165950775175,1.19254279136657,0.0861628055572501,,,,,,,,0.800435486126371,0.586784362792969,840.5546875,0,543.05078125,0,297.50390625,0,772.9765625,0.537322998046875,0,0,0,0.01220703125,0.01220703125,0.537109375,537.5712890625,537.5712890625,16.7991027832031,12.221435546875,"coefficient path (p x q x A)",0.537109375,0,"NA"
"tcga_brca","estimator_kernel","fastpls","steady_process_batch","reference_1","primary",1,1,"/usr/lib/x86_64-linux-gnu/blas/libblas.so.3.10.0","fastPLS::pls","deterministic SIMPLS","IRLBA","coefficient path plus final test predictions; scores/loadings/fitted arrays suppressed",50,50,0.00819385051727295,0.000278770923614502,0.000905156135559082,5.9545040130615e-05,0.00908195972442626,0.00028514862060547,,,,,,,,0.852272727272727,0.349281311035156,492.09765625,0,402.78125,0,89.31640625,0,424.59375,0.267242431640625,0,0,0,0.03814697265625,0.03814697265625,0.26702880859375,0.201873779296875,0.201873779296875,0.040374755859375,0.00335693359375,"coefficient path (p x q x A)",0.26702880859375,0,"NA"
"tcga_hnsc_methylation","estimator_kernel","fastpls","steady_process_batch","reference_1","primary",1,1,"/usr/lib/x86_64-linux-gnu/blas/libblas.so.3.10.0","fastPLS::pls","deterministic SIMPLS","IRLBA","coefficient path plus final test predictions; scores/loadings/fitted arrays suppressed",50,50,0.00387358665466309,8.63075256347674e-05,0.000389575958251953,1.2934207916259e-05,0.00425755977630615,9.84072685241673e-05,,,,,,,,1,0.0601272583007812,466.10546875,0,398.19921875,0,67.90625,0,398.31640625,0.024078369140625,0,0,0,0.011932373046875,0.011932373046875,0.02386474609375,0.015869140625,0.015869140625,0.0079345703125,0.000885009765625,"coefficient path (p x q x A)",0.02386474609375,0,"NA"
"tcga_pan_cancer","estimator_kernel","fastpls","steady_process_batch","reference_1","primary",1,1,"/usr/lib/x86_64-linux-gnu/blas/libblas.so.3.10.0","fastPLS::pls","deterministic SIMPLS","IRLBA","coefficient path plus final test predictions; scores/loadings/fitted arrays suppressed",30,30,0.852901220321655,0.0686441659927369,0.30343222618103,0.00687098503112848,1.16515254974366,0.0686892867088251,,,,,,,,0.940936863543788,39.6932983398438,661.48828125,0,451.80078125,0,209.6875,0,582.671875,38.3913269042969,0,0,0,0.20751953125,0.20751953125,38.39111328125,135.498046875,135.498046875,4.23431396484375,0.23974609375,"coefficient path (p x q x A)",38.39111328125,0,"NA"
"ccle","complete_workflow","pls","steady_process_batch","reference_1","primary",1,1,"/usr/lib/x86_64-linux-gnu/blas/libblas.so.3.10.0","pls::simpls.fit","deterministic SIMPLS","eigen","ordinary public fit object plus final test predictions",50,50,0.0442869663238525,0.00556856393814082,0.00101613998413086,0.000120997428894041,0.0452877283096313,0.00561708211898808,,,,,,,,0.71830985915493,8.46478271484375,553.02734375,0,404.2890625,0,148.73828125,0,485.125,3.64181518554688,0.144157409667969,0.268394470214844,1.98998260498047,0.1373291015625,0.1373291015625,3.570556640625,1.95309448242188,1.95309448242188,0.108505249023438,0.0097503662109375,"fitted/residual response path (n_train x q x A each)",1.95309448242188,0,"NA"
"cifar100","complete_workflow","pls","steady_process_batch","reference_1","primary",,,,,,,,1,0,,,,,,,,,,,,,,,,,,,,,,,,,,,,,,,,,,,,1,"failed_process_137"
"gtex_v8","complete_workflow","pls","steady_process_batch","reference_1","primary",1,1,"/usr/lib/x86_64-linux-gnu/blas/libblas.so.3.10.0","pls::simpls.fit","deterministic SIMPLS","eigen","ordinary public fit object plus final test predictions",20,20,2.74198377132416,0.0345673561096205,0.0132274627685547,0.000383019447326676,2.75520491600036,0.0348237752914424,,,,,,,,0.963613550815558,337.743965148926,1897.20703125,0,472.22265625,0,1424.984375,0,1622.890625,46.4862060546875,4.61312866210938,1.54648590087891,139.427124023438,0.244140625,0.244140625,46.38671875,139.16015625,139.16015625,4.3487548828125,0.194580078125,"fitted/residual response path (n_train x q x A each)",139.16015625,0,"NA"
"metref","complete_workflow","pls","steady_process_batch","reference_1","primary",1,1,"/usr/lib/x86_64-linux-gnu/blas/libblas.so.3.10.0","pls::simpls.fit","deterministic SIMPLS","eigen","ordinary public fit object plus final test predictions",50,50,0.256200790405273,0.00351417064666748,0.000659704208374023,8.32676887512208e-05,0.256835222244263,0.00345426797866871,,,,,,,,0.97,40.4751129150391,600.50390625,0,401.56640625,0,198.9375,0,532.734375,7.46001434326172,0.751113891601562,0.368522644042969,15.367057800293,0.0629425048828125,0.0629425048828125,7.42721557617188,15.3099670410156,15.3099670410156,0.695907592773438,0.01678466796875,"fitted/residual response path (n_train x q x A each)",15.3099670410156,0,"NA"
"retina","complete_workflow","pls","steady_process_batch","reference_1","primary",1,1,"/usr/lib/x86_64-linux-gnu/blas/libblas.so.3.10.0","pls::simpls.fit","deterministic SIMPLS","eigen","ordinary public fit object plus final test predictions",30,30,0.349778413772583,0.016919672489166,0.0124537944793702,0.0006252527236939,0.362316727638245,0.0167083144187924,,,,,,,,0.967776488440596,138.981544494629,999.35546875,0,436.91015625,0,562.4453125,0,860.6328125,0.143791198730469,6.49723052978516,0.0170135498046875,62.8996505737305,0.00457763671875,0.00457763671875,0.1373291015625,61.5289306640625,61.5289306640625,5.12741088867188,2.05133056640625,"fitted/residual response path (n_train x q x A each)",61.5289306640625,0,"NA"
"tabula","complete_workflow","pls","steady_process_batch","reference_1","primary",1,1,"/usr/lib/x86_64-linux-gnu/blas/libblas.so.3.10.0","pls::simpls.fit","deterministic SIMPLS","eigen","ordinary public fit object plus final test predictions",20,20,2.2884019613266,0.0838216543197676,0.0626212358474731,0.00185495615005497,2.35027515888214,0.0958186984062226,,,,,,,,0.800435486126371,1129.27906036377,5113.2109375,0,478.90234375,0,4634.30859375,0,3701.30859375,0.545967102050781,21.7790222167969,0.0232086181640625,542.553649902344,0.01220703125,0.01220703125,0.537109375,537.5712890625,537.5712890625,16.7991027832031,12.221435546875,"fitted/residual response path (n_train x q x A each)",537.5712890625,0,"NA"
"tcga_brca","complete_workflow","pls","steady_process_batch","reference_1","primary",1,1,"/usr/lib/x86_64-linux-gnu/blas/libblas.so.3.10.0","pls::simpls.fit","deterministic SIMPLS","eigen","ordinary public fit object plus final test predictions",50,50,0.0185234546661377,0.0016305446624756,0.000647425651550293,5.23924827575681e-05,0.0191764831542969,0.00177049636840823,,,,,,,,0.852272727272727,1.27191162109375,520.1171875,0,401.90234375,0,118.21484375,0,452.46875,0.330474853515625,0.0933990478515625,0.116691589355469,0.25506591796875,0.03814697265625,0.03814697265625,0.26702880859375,0.201873779296875,0.201873779296875,0.040374755859375,0.00335693359375,"fitted/residual response path (n_train x q x A each)",0.201873779296875,0,"NA"
"tcga_hnsc_methylation","complete_workflow","pls","steady_process_batch","reference_1","primary",1,1,"/usr/lib/x86_64-linux-gnu/blas/libblas.so.3.10.0","pls::simpls.fit","deterministic SIMPLS","eigen","ordinary public fit object plus final test predictions",50,50,0.00531506538391113,0.00182133913040161,0.00030219554901123,3.02791595458985e-05,0.00569641590118408,0.00180310010910034,,,,,,,,1,0.413253784179688,503.109375,0,396.953125,0,106.15625,0,435.55859375,0.078369140625,0.0444412231445312,0.066436767578125,0.0523834228515625,0.011932373046875,0.011932373046875,0.02386474609375,0.015869140625,0.015869140625,0.0079345703125,0.000885009765625,"fitted/residual response path (n_train x q x A each)",0.015869140625,0,"NA"
"tcga_pan_cancer","complete_workflow","pls","steady_process_batch","reference_1","primary",1,1,"/usr/lib/x86_64-linux-gnu/blas/libblas.so.3.10.0","pls::simpls.fit","deterministic SIMPLS","eigen","ordinary public fit object plus final test predictions",20,20,2.38976097106934,0.0398927927017176,0.0143822431564332,0.000597059726715128,2.40413510799408,0.0397607684135504,,,,,,,,0.940936863543788,321.41650390625,1960.01953125,0,426.39453125,0,1533.625,0,1689.8671875,38.4594192504883,4.45293426513672,1.26482391357422,135.719879150391,0.20751953125,0.20751953125,38.39111328125,135.498046875,135.498046875,4.23431396484375,0.23974609375,"fitted/residual response path (n_train x q x A each)",135.498046875,0,"NA"
"ccle","estimator_kernel","pls","steady_process_batch","reference_1","primary",1,1,"/usr/lib/x86_64-linux-gnu/blas/libblas.so.3.10.0","pls::simpls.fit","deterministic SIMPLS","eigen","coefficient path plus final test predictions; scores/loadings/fitted arrays suppressed",50,50,0.0381946563720703,0.00305664539337158,0.00102996826171875,6.92605972290056e-05,0.0397186279296875,0.00291925668716426,,,,,,,,0.71830985915493,3.57905578613281,515.828125,0,405.81640625,0,110.01171875,0,448.31640625,3.57077026367188,0,0,0,0.1373291015625,0.1373291015625,3.570556640625,1.95309448242188,1.95309448242188,0.108505249023438,0.0097503662109375,"coefficient path (p x q x A)",3.570556640625,0,"NA"
"cifar100","estimator_kernel","pls","steady_process_batch","reference_1","primary",1,1,"/usr/lib/x86_64-linux-gnu/blas/libblas.so.3.10.0","pls::simpls.fit","deterministic SIMPLS","eigen","coefficient path plus final test predictions; scores/loadings/fitted arrays suppressed",10,10,26.6691595315934,0.115547001361904,0.543945670127869,0.010116040706635,27.2089178562164,0.119287908077279,,,,,,,,0.8912,154.108917236328,2937.16796875,0,1904.45703125,0,1032.7109375,0,2287.78515625,154.101776123047,0,0,0,0.5859375,0.5859375,154.1015625,10032.6538085938,10032.6538085938,100.326538085938,7.62939453125,"coefficient path (p x q x A)",154.1015625,0,"NA"
"gtex_v8","estimator_kernel","pls","steady_process_batch","reference_1","primary",1,1,"/usr/lib/x86_64-linux-gnu/blas/libblas.so.3.10.0","pls::simpls.fit","deterministic SIMPLS","eigen","coefficient path plus final test predictions; scores/loadings/fitted arrays suppressed",30,30,1.5382308959961,0.01296979188919,0.0133265256881714,0.000464498996734624,1.55127191543579,0.0133976340293902,,,,,,,,0.963613550815558,46.3953247070312,760.421875,0,468.4140625,0,292.0078125,0,692.31640625,46.3869323730469,0,0,0,0.244140625,0.244140625,46.38671875,139.16015625,139.16015625,4.3487548828125,0.194580078125,"coefficient path (p x q x A)",46.38671875,0,"NA"
"metref","estimator_kernel","pls","steady_process_batch","reference_1","primary",1,1,"/usr/lib/x86_64-linux-gnu/blas/libblas.so.3.10.0","pls::simpls.fit","deterministic SIMPLS","eigen","coefficient path plus final test predictions; scores/loadings/fitted arrays suppressed",50,50,0.107126235961914,0.005123496055603,0.000686049461364746,5.10215759277346e-05,0.107847094535827,0.00503611564636226,,,,,,,,0.97,7.43097686767578,541.98046875,0,396.58203125,0,145.3984375,0,474.2421875,7.42742919921875,0,0,0,0.0629425048828125,0.0629425048828125,7.42721557617188,15.3099670410156,15.3099670410156,0.695907592773438,0.01678466796875,"coefficient path (p x q x A)",7.42721557617188,0,"NA"
"retina","estimator_kernel","pls","steady_process_batch","reference_1","primary",1,1,"/usr/lib/x86_64-linux-gnu/blas/libblas.so.3.10.0","pls::simpls.fit","deterministic SIMPLS","eigen","coefficient path plus final test predictions; scores/loadings/fitted arrays suppressed",50,50,0.0761564970016479,0.00727981328964239,0.0139120817184448,0.003523051738739,0.090941309928894,0.007013201713562,,,,,,,,0.967776488440596,0.138565063476562,602.45703125,0,423.63671875,0,178.8203125,0,534.796875,0.137542724609375,0,0,0,0.00457763671875,0.00457763671875,0.1373291015625,61.5289306640625,61.5289306640625,5.12741088867188,2.05133056640625,"coefficient path (p x q x A)",0.1373291015625,0,"NA"
"tabula","estimator_kernel","pls","steady_process_batch","reference_1","primary",1,1,"/usr/lib/x86_64-linux-gnu/blas/libblas.so.3.10.0","pls::simpls.fit","deterministic SIMPLS","eigen","coefficient path plus final test predictions; scores/loadings/fitted arrays suppressed",30,30,0.359369874000549,0.0740983486175538,0.0660673379898072,0.00548517704010003,0.432132840156555,0.0707083940505977,,,,,,,,0.800435486126371,0.538467407226562,811.18359375,0,503.875,0,307.30859375,0,744.0625,0.537322998046875,0,0,0,0.01220703125,0.01220703125,0.537109375,537.5712890625,537.5712890625,16.7991027832031,12.221435546875,"coefficient path (p x q x A)",0.537109375,0,"NA"
"tcga_brca","estimator_kernel","pls","steady_process_batch","reference_1","primary",1,1,"/usr/lib/x86_64-linux-gnu/blas/libblas.so.3.10.0","pls::simpls.fit","deterministic SIMPLS","eigen","coefficient path plus final test predictions; scores/loadings/fitted arrays suppressed",50,50,0.0159885883331299,0.00257098674774173,0.000627040863037109,3.9458274841309e-05,0.0166341066360473,0.00258862972259517,,,,,,,,0.852272727272727,0.275436401367188,515.58203125,0,401.9609375,0,113.62109375,0,448.10546875,0.267242431640625,0,0,0,0.03814697265625,0.03814697265625,0.26702880859375,0.201873779296875,0.201873779296875,0.040374755859375,0.00335693359375,"coefficient path (p x q x A)",0.26702880859375,0,"NA"
"tcga_hnsc_methylation","estimator_kernel","pls","steady_process_batch","reference_1","primary",1,1,"/usr/lib/x86_64-linux-gnu/blas/libblas.so.3.10.0","pls::simpls.fit","deterministic SIMPLS","eigen","coefficient path plus final test predictions; scores/loadings/fitted arrays suppressed",50,50,0.00453174114227295,0.00149798393249512,0.00027167797088623,2.3365020751953e-05,0.00481009483337403,0.00150322914123535,,,,,,,,1,0.03057861328125,495.33984375,0,396.97265625,0,98.3671875,0,427.08984375,0.024078369140625,0,0,0,0.011932373046875,0.011932373046875,0.02386474609375,0.015869140625,0.015869140625,0.0079345703125,0.000885009765625,"coefficient path (p x q x A)",0.02386474609375,0,"NA"
"tcga_pan_cancer","estimator_kernel","pls","steady_process_batch","reference_1","primary",1,1,"/usr/lib/x86_64-linux-gnu/blas/libblas.so.3.10.0","pls::simpls.fit","deterministic SIMPLS","eigen","coefficient path plus final test predictions; scores/loadings/fitted arrays suppressed",30,30,1.2053769826889,0.0690580010414172,0.0143729448318481,0.000739812850952173,1.21976399421692,0.0685939192771898,,,,,,,,0.940936863543788,38.3985748291016,763.12109375,0,462.23046875,0,300.890625,0,691.19140625,38.3913269042969,0,0,0,0.20751953125,0.20751953125,38.39111328125,135.498046875,135.498046875,4.23431396484375,0.23974609375,"coefficient path (p x q x A)",38.39111328125,0,"NA"
