"dataset","comparison_profile","implementation","repetitions_completed","median_process_peak_rss_mb","iqr_process_peak_rss_mb","median_prefit_process_rss_mb","iqr_prefit_process_rss_mb","median_baseline_corrected_peak_increment_mb","iqr_baseline_corrected_peak_increment_mb","median_final_process_rss_mb","median_fit_object_mb","median_coefficient_path_mb","median_score_outputs_mb","median_loading_outputs_mb","median_fitted_outputs_mb","theoretical_cross_covariance_mb","theoretical_final_coefficient_mb","theoretical_coefficient_path_mb","theoretical_fitted_path_mb","theoretical_residual_path_mb","theoretical_train_scores_mb","theoretical_test_scores_mb","theoretical_largest_retained_name","theoretical_largest_retained_mb"
"ccle","complete_workflow","fastpls",50,511.5078125,0,400.41015625,0,111.09765625,0,444.28125,0.392913818359375,0.137542724609375,0,0,0,0.1373291015625,0.1373291015625,3.570556640625,1.95309448242188,1.95309448242188,0.108505249023438,0.0097503662109375,"final coefficient matrix (p x q)",0.1373291015625
"cifar100","complete_workflow","fastpls",10,2995.57421875,0,1917.05859375,0,1078.515625,0,2155.86328125,2.53443908691406,0.586151123046875,0,0,0,0.5859375,0.5859375,154.1015625,10032.6538085938,10032.6538085938,100.326538085938,7.62939453125,"final coefficient matrix (p x q)",0.5859375
"gtex_v8","complete_workflow","fastpls",30,680.421875,0,435.23828125,0,245.18359375,0,613.0625,1.86763000488281,0.244354248046875,0,0,0,0.244140625,0.244140625,46.38671875,139.16015625,139.16015625,4.3487548828125,0.194580078125,"final coefficient matrix (p x q)",0.244140625
"metref","complete_workflow","fastpls",50,505.71484375,0,401.828125,0,103.88671875,0,438.37109375,0.503463745117188,0.0631561279296875,0,0,0,0.0629425048828125,0.0629425048828125,7.42721557617188,15.3099670410156,15.3099670410156,0.695907592773438,0.01678466796875,"final coefficient matrix (p x q)",0.0629425048828125
"retina","complete_workflow","fastpls",50,614.0859375,0,447.68359375,0,166.40234375,0,546.69140625,0.057281494140625,0.004791259765625,0,0,0,0.00457763671875,0.00457763671875,0.1373291015625,61.5289306640625,61.5289306640625,5.12741088867188,2.05133056640625,"final coefficient matrix (p x q)",0.00457763671875
"tabula","complete_workflow","fastpls",30,791.953125,0,504.91796875,0,287.03515625,0,724.515625,0.0936737060546875,0.012420654296875,0,0,0,0.01220703125,0.01220703125,0.537109375,537.5712890625,537.5712890625,16.7991027832031,12.221435546875,"final coefficient matrix (p x q)",0.01220703125
"tcga_brca","complete_workflow","fastpls",50,516.296875,0,402.16015625,0,114.13671875,0,448.84765625,0.132392883300781,0.038360595703125,0,0,0,0.03814697265625,0.03814697265625,0.26702880859375,0.201873779296875,0.201873779296875,0.040374755859375,0.00335693359375,"final coefficient matrix (p x q)",0.03814697265625
"tcga_hnsc_methylation","complete_workflow","fastpls",50,502.953125,0,398.3046875,0,104.6484375,0,435.40234375,0.0580978393554688,0.01214599609375,0,0,0,0.011932373046875,0.011932373046875,0.02386474609375,0.015869140625,0.015869140625,0.0079345703125,0.000885009765625,"final coefficient matrix (p x q)",0.011932373046875
"tcga_pan_cancer","complete_workflow","fastpls",30,668.65234375,0,432.55078125,0,236.1015625,0,601.41015625,1.57804870605469,0.207733154296875,0,0,0,0.20751953125,0.20751953125,38.39111328125,135.498046875,135.498046875,4.23431396484375,0.23974609375,"final coefficient matrix (p x q)",0.20751953125
"ccle","estimator_kernel","fastpls",50,509.16015625,0,400.90625,0,108.25390625,0,441.44921875,3.80620574951172,3.57077026367188,0,0,0,0.1373291015625,0.1373291015625,3.570556640625,1.95309448242188,1.95309448242188,0.108505249023438,0.0097503662109375,"coefficient path (p x q x A)",3.570556640625
"cifar100","estimator_kernel","fastpls",10,2978.09765625,0,1915.875,0,1062.22265625,0,2224.0859375,155.916854858398,154.101776123047,0,0,0,0.5859375,0.5859375,154.1015625,10032.6538085938,10032.6538085938,100.326538085938,7.62939453125,"coefficient path (p x q x A)",154.1015625
"gtex_v8","estimator_kernel","fastpls",30,719.890625,0,454.35546875,0,265.53515625,0,651.98828125,47.9435882568359,46.3869323730469,0,0,0,0.244140625,0.244140625,46.38671875,139.16015625,139.16015625,4.3487548828125,0.194580078125,"coefficient path (p x q x A)",46.38671875
"metref","estimator_kernel","fastpls",50,530.5703125,0,401.66796875,0,128.90234375,0,463.0546875,7.82366180419922,7.42742919921875,0,0,0,0.0629425048828125,0.0629425048828125,7.42721557617188,15.3099670410156,15.3099670410156,0.695907592773438,0.01678466796875,"coefficient path (p x q x A)",7.42721557617188
"retina","estimator_kernel","fastpls",50,583.1484375,0,455.6640625,0,127.484375,0,515.80078125,0.170997619628906,0.137542724609375,0,0,0,0.00457763671875,0.00457763671875,0.1373291015625,61.5289306640625,61.5289306640625,5.12741088867188,2.05133056640625,"coefficient path (p x q x A)",0.1373291015625
"tabula","estimator_kernel","fastpls",30,839.078125,0,505.0078125,0,334.0703125,0,771.3359375,0.587913513183594,0.537322998046875,0,0,0,0.01220703125,0.01220703125,0.537109375,537.5712890625,537.5712890625,16.7991027832031,12.221435546875,"coefficient path (p x q x A)",0.537109375
"tcga_brca","estimator_kernel","fastpls",50,491.95703125,0,402.8125,0,89.14453125,0,424.359375,0.350410461425781,0.267242431640625,0,0,0,0.03814697265625,0.03814697265625,0.26702880859375,0.201873779296875,0.201873779296875,0.040374755859375,0.00335693359375,"coefficient path (p x q x A)",0.26702880859375
"tcga_hnsc_methylation","estimator_kernel","fastpls",50,465.87890625,0,398.17578125,0,67.703125,0,398.29296875,0.0612564086914062,0.024078369140625,0,0,0,0.011932373046875,0.011932373046875,0.02386474609375,0.015869140625,0.015869140625,0.0079345703125,0.000885009765625,"coefficient path (p x q x A)",0.02386474609375
"tcga_pan_cancer","estimator_kernel","fastpls",30,661.48046875,0,451.1953125,0,210.28515625,0,583.07421875,39.6944274902344,38.3913269042969,0,0,0,0.20751953125,0.20751953125,38.39111328125,135.498046875,135.498046875,4.23431396484375,0.23974609375,"coefficient path (p x q x A)",38.39111328125
"ccle","complete_workflow","fastpls",50,489.3828125,0.3369140625,397.822265625,0.0927734375,91.52734375,0.3212890625,421.794921875,0.39178466796875,0.137542724609375,0,0,0,0.1373291015625,0.1373291015625,3.570556640625,1.95309448242188,1.95309448242188,0.108505249023438,0.0097503662109375,"final coefficient matrix (p x q)",0.1373291015625
"cifar100","complete_workflow","fastpls",5,2200.9375,292.24609375,1906.77734375,0.109375,294.1484375,292.44921875,2109.48828125,2.53330993652344,0.586151123046875,0,0,0,0.5859375,0.5859375,154.1015625,10032.6538085938,10032.6538085938,100.326538085938,7.62939453125,"final coefficient matrix (p x q)",0.5859375
"gtex_v8","complete_workflow","fastpls",30,614.3359375,0.9033203125,428.13671875,0.107421875,186.216796875,0.9072265625,546.8984375,1.86650085449219,0.244354248046875,0,0,0,0.244140625,0.244140625,46.38671875,139.16015625,139.16015625,4.3487548828125,0.194580078125,"final coefficient matrix (p x q)",0.244140625
"metref","complete_workflow","fastpls",50,479.376953125,0.4912109375,395.33203125,0.080078125,84.083984375,0.4091796875,411.876953125,0.502334594726562,0.0631561279296875,0,0,0,0.0629425048828125,0.0629425048828125,7.42721557617188,15.3099670410156,15.3099670410156,0.695907592773438,0.01678466796875,"final coefficient matrix (p x q)",0.0629425048828125
"retina","complete_workflow","fastpls",50,547.3125,1.974609375,422.365234375,0.1162109375,124.98046875,1.9423828125,479.74609375,0.05615234375,0.004791259765625,0,0,0,0.00457763671875,0.00457763671875,0.1373291015625,61.5289306640625,61.5289306640625,5.12741088867188,2.05133056640625,"final coefficient matrix (p x q)",0.00457763671875
"tabula","complete_workflow","fastpls",30,695.271484375,11.4755859375,477.15625,0.544921875,218.146484375,12.04296875,627.943359375,0.0925445556640625,0.012420654296875,0,0,0,0.01220703125,0.01220703125,0.537109375,537.5712890625,537.5712890625,16.7991027832031,12.221435546875,"final coefficient matrix (p x q)",0.01220703125
"tcga_brca","complete_workflow","fastpls",50,499.1171875,0.31640625,399.533203125,0.0830078125,99.556640625,0.3251953125,431.61328125,0.131263732910156,0.038360595703125,0,0,0,0.03814697265625,0.03814697265625,0.26702880859375,0.201873779296875,0.201873779296875,0.040374755859375,0.00335693359375,"final coefficient matrix (p x q)",0.03814697265625
"tcga_hnsc_methylation","complete_workflow","fastpls",50,481.228515625,0.330078125,396.20703125,0.0927734375,85.02734375,0.2998046875,413.666015625,0.0569686889648438,0.01214599609375,0,0,0,0.011932373046875,0.011932373046875,0.02386474609375,0.015869140625,0.015869140625,0.0079345703125,0.000885009765625,"final coefficient matrix (p x q)",0.011932373046875
"tcga_pan_cancer","complete_workflow","fastpls",30,598.322265625,1.29296875,425.3046875,0.0908203125,172.9765625,1.1904296875,530.751953125,1.57691955566406,0.207733154296875,0,0,0,0.20751953125,0.20751953125,38.39111328125,135.498046875,135.498046875,4.23431396484375,0.23974609375,"final coefficient matrix (p x q)",0.20751953125
"ccle","estimator_kernel","fastpls",50,472.015625,0.4443359375,397.83203125,0.0888671875,74.16015625,0.4482421875,404.50390625,3.80507659912109,3.57077026367188,0,0,0,0.1373291015625,0.1373291015625,3.570556640625,1.95309448242188,1.95309448242188,0.108505249023438,0.0097503662109375,"coefficient path (p x q x A)",3.570556640625
"cifar100","estimator_kernel","fastpls",5,1976.3671875,0.13671875,1906.82421875,0.0546875,69.48046875,0.08203125,1908.75390625,155.915725708008,154.101776123047,0,0,0,0.5859375,0.5859375,154.1015625,10032.6538085938,10032.6538085938,100.326538085938,7.62939453125,"coefficient path (p x q x A)",154.1015625
"gtex_v8","estimator_kernel","fastpls",30,575.1171875,0.6640625,428.1953125,0.0947265625,146.92578125,0.5966796875,499.802734375,47.9424591064453,46.3869323730469,0,0,0,0.244140625,0.244140625,46.38671875,139.16015625,139.16015625,4.3487548828125,0.194580078125,"coefficient path (p x q x A)",46.38671875
"metref","estimator_kernel","fastpls",50,476.662109375,0.4111328125,395.28515625,0.0966796875,81.3671875,0.3798828125,409.134765625,7.82253265380859,7.42742919921875,0,0,0,0.0629425048828125,0.0629425048828125,7.42721557617188,15.3099670410156,15.3099670410156,0.695907592773438,0.01678466796875,"coefficient path (p x q x A)",7.42721557617188
"retina","estimator_kernel","fastpls",50,523.482421875,1.8974609375,422.384765625,0.091796875,101.1328125,1.873046875,455.787109375,0.169868469238281,0.137542724609375,0,0,0,0.00457763671875,0.00457763671875,0.1373291015625,61.5289306640625,61.5289306640625,5.12741088867188,2.05133056640625,"coefficient path (p x q x A)",0.1373291015625
"tabula","estimator_kernel","fastpls",30,601.216796875,8.708984375,477.19140625,0.5048828125,124.044921875,8.14453125,602.00390625,0.586784362792969,0.537322998046875,0,0,0,0.01220703125,0.01220703125,0.537109375,537.5712890625,537.5712890625,16.7991027832031,12.221435546875,"coefficient path (p x q x A)",0.537109375
"tcga_brca","estimator_kernel","fastpls",50,470.302734375,0.345703125,399.537109375,0.1064453125,70.71484375,0.2646484375,402.759765625,0.349281311035156,0.267242431640625,0,0,0,0.03814697265625,0.03814697265625,0.26702880859375,0.201873779296875,0.201873779296875,0.040374755859375,0.00335693359375,"coefficient path (p x q x A)",0.26702880859375
"tcga_hnsc_methylation","estimator_kernel","fastpls",50,465.74609375,0.283203125,396.216796875,0.0966796875,69.517578125,0.2587890625,398.169921875,0.0601272583007812,0.024078369140625,0,0,0,0.011932373046875,0.011932373046875,0.02386474609375,0.015869140625,0.015869140625,0.0079345703125,0.000885009765625,"coefficient path (p x q x A)",0.02386474609375
"tcga_pan_cancer","estimator_kernel","fastpls",30,557.142578125,0.40234375,425.3359375,0.0849609375,131.81640625,0.3544921875,489.5625,39.6932983398438,38.3913269042969,0,0,0,0.20751953125,0.20751953125,38.39111328125,135.498046875,135.498046875,4.23431396484375,0.23974609375,"coefficient path (p x q x A)",38.39111328125
"ccle","complete_workflow","pls",50,489.04296875,0.404296875,397.84375,0.078125,91.20703125,0.361328125,421.38671875,8.46478271484375,3.64181518554688,0.144157409667969,0.268394470214844,1.98998260498047,0.1373291015625,0.1373291015625,3.570556640625,1.95309448242188,1.95309448242188,0.108505249023438,0.0097503662109375,"fitted/residual response path (n_train x q x A each)",1.95309448242188
"cifar100","complete_workflow","pls",0,,,,,,,,,,,,,,,,,,,,,
"gtex_v8","complete_workflow","pls",15,1035.34765625,0.41796875,428.16015625,0.0859375,607.19140625,0.419921875,967.734375,337.743965148926,46.4862060546875,4.61312866210938,1.54648590087891,139.427124023438,0.244140625,0.244140625,46.38671875,139.16015625,139.16015625,4.3487548828125,0.194580078125,"fitted/residual response path (n_train x q x A each)",139.16015625
"metref","complete_workflow","pls",50,524.595703125,0.4404296875,395.341796875,0.09375,129.265625,0.4599609375,457.09375,40.4751129150391,7.46001434326172,0.751113891601562,0.368522644042969,15.367057800293,0.0629425048828125,0.0629425048828125,7.42721557617188,15.3099670410156,15.3099670410156,0.695907592773438,0.01678466796875,"fitted/residual response path (n_train x q x A each)",15.3099670410156
"retina","complete_workflow","pls",30,732.619140625,0.2763671875,422.40234375,0.0810546875,310.2421875,0.3115234375,665.123046875,138.981544494629,0.143791198730469,6.49723052978516,0.0170135498046875,62.8996505737305,0.00457763671875,0.00457763671875,0.1373291015625,61.5289306640625,61.5289306640625,5.12741088867188,2.05133056640625,"fitted/residual response path (n_train x q x A each)",61.5289306640625
"tabula","complete_workflow","pls",15,2488.265625,0.576171875,477.17578125,0.087890625,2011.0546875,0.5390625,2420.62109375,1129.27906036377,0.545967102050781,21.7790222167969,0.0232086181640625,542.553649902344,0.01220703125,0.01220703125,0.537109375,537.5712890625,537.5712890625,16.7991027832031,12.221435546875,"fitted/residual response path (n_train x q x A each)",537.5712890625
"tcga_brca","complete_workflow","pls",50,486.916015625,0.2314453125,399.541015625,0.0625,87.40625,0.26171875,419.240234375,1.27191162109375,0.330474853515625,0.0933990478515625,0.116691589355469,0.25506591796875,0.03814697265625,0.03814697265625,0.26702880859375,0.201873779296875,0.201873779296875,0.040374755859375,0.00335693359375,"fitted/residual response path (n_train x q x A each)",0.201873779296875
"tcga_hnsc_methylation","complete_workflow","pls",50,473.978515625,0.3662109375,396.21484375,0.095703125,77.732421875,0.3779296875,406.353515625,0.413253784179688,0.078369140625,0.0444412231445312,0.066436767578125,0.0523834228515625,0.011932373046875,0.011932373046875,0.02386474609375,0.015869140625,0.015869140625,0.0079345703125,0.000885009765625,"fitted/residual response path (n_train x q x A each)",0.015869140625
"tcga_pan_cancer","complete_workflow","pls",15,1006.0703125,0.248046875,425.3046875,0.095703125,580.68359375,0.3046875,938.36328125,321.41650390625,38.4594192504883,4.45293426513672,1.26482391357422,135.719879150391,0.20751953125,0.20751953125,38.39111328125,135.498046875,135.498046875,4.23431396484375,0.23974609375,"fitted/residual response path (n_train x q x A each)",135.498046875
"ccle","estimator_kernel","pls",50,485.22265625,0.3916015625,397.80859375,0.09765625,87.3984375,0.384765625,417.70703125,3.57905578613281,3.57077026367188,0,0,0,0.1373291015625,0.1373291015625,3.570556640625,1.95309448242188,1.95309448242188,0.108505249023438,0.0097503662109375,"coefficient path (p x q x A)",3.570556640625
"cifar100","estimator_kernel","pls",5,2025.375,0.5234375,1906.67578125,0.09375,118.69921875,0.4296875,1957.7734375,154.108917236328,154.101776123047,0,0,0,0.5859375,0.5859375,154.1015625,10032.6538085938,10032.6538085938,100.326538085938,7.62939453125,"coefficient path (p x q x A)",154.1015625
"gtex_v8","estimator_kernel","pls",30,628.14453125,0.484375,428.173828125,0.0986328125,199.951171875,0.552734375,560.580078125,46.3953247070312,46.3869323730469,0,0,0,0.244140625,0.244140625,46.38671875,139.16015625,139.16015625,4.3487548828125,0.194580078125,"coefficient path (p x q x A)",46.38671875
"metref","estimator_kernel","pls",50,494.505859375,0.314453125,395.31640625,0.1005859375,99.158203125,0.294921875,426.876953125,7.43097686767578,7.42742919921875,0,0,0,0.0629425048828125,0.0629425048828125,7.42721557617188,15.3099670410156,15.3099670410156,0.695907592773438,0.01678466796875,"coefficient path (p x q x A)",7.42721557617188
"retina","estimator_kernel","pls",50,521.869140625,0.4072265625,422.3515625,0.12109375,99.453125,0.4140625,454.25,0.138565063476562,0.137542724609375,0,0,0,0.00457763671875,0.00457763671875,0.1373291015625,61.5289306640625,61.5289306640625,5.12741088867188,2.05133056640625,"coefficient path (p x q x A)",0.1373291015625
"tabula","estimator_kernel","pls",30,657.033203125,0.30859375,477.1875,0.5615234375,179.580078125,0.6396484375,589.34765625,0.538467407226562,0.537322998046875,0,0,0,0.01220703125,0.01220703125,0.537109375,537.5712890625,537.5712890625,16.7991027832031,12.221435546875,"coefficient path (p x q x A)",0.537109375
"tcga_brca","estimator_kernel","pls",50,481.138671875,0.2734375,399.541015625,0.0703125,81.595703125,0.2919921875,413.46875,0.275436401367188,0.267242431640625,0,0,0,0.03814697265625,0.03814697265625,0.26702880859375,0.201873779296875,0.201873779296875,0.040374755859375,0.00335693359375,"coefficient path (p x q x A)",0.26702880859375
"tcga_hnsc_methylation","estimator_kernel","pls",50,470.93359375,0.423828125,396.19140625,0.0869140625,74.732421875,0.4384765625,403.216796875,0.03057861328125,0.024078369140625,0,0,0,0.011932373046875,0.011932373046875,0.02386474609375,0.015869140625,0.015869140625,0.0079345703125,0.000885009765625,"coefficient path (p x q x A)",0.02386474609375
"tcga_pan_cancer","estimator_kernel","pls",30,607.205078125,0.4462890625,425.296875,0.1025390625,181.92578125,0.48828125,539.55859375,38.3985748291016,38.3913269042969,0,0,0,0.20751953125,0.20751953125,38.39111328125,135.498046875,135.498046875,4.23431396484375,0.23974609375,"coefficient path (p x q x A)",38.39111328125
"ccle","complete_workflow","fastpls",50,507.06640625,0,400.4921875,0,106.57421875,0,439.65234375,0.39178466796875,0.137542724609375,0,0,0,0.1373291015625,0.1373291015625,3.570556640625,1.95309448242188,1.95309448242188,0.108505249023438,0.0097503662109375,"final coefficient matrix (p x q)",0.1373291015625
"cifar100","complete_workflow","fastpls",10,2989.65625,0,1910.9765625,0,1078.6796875,0,2111.6328125,2.53330993652344,0.586151123046875,0,0,0,0.5859375,0.5859375,154.1015625,10032.6538085938,10032.6538085938,100.326538085938,7.62939453125,"final coefficient matrix (p x q)",0.5859375
"gtex_v8","complete_workflow","fastpls",30,701.71484375,0,435.16015625,0,266.5546875,0,634.42578125,1.86650085449219,0.244354248046875,0,0,0,0.244140625,0.244140625,46.38671875,139.16015625,139.16015625,4.3487548828125,0.194580078125,"final coefficient matrix (p x q)",0.244140625
"metref","complete_workflow","fastpls",50,502.66796875,0,399.5390625,0,103.12890625,0,435.046875,0.502334594726562,0.0631561279296875,0,0,0,0.0629425048828125,0.0629425048828125,7.42721557617188,15.3099670410156,15.3099670410156,0.695907592773438,0.01678466796875,"final coefficient matrix (p x q)",0.0629425048828125
"retina","complete_workflow","fastpls",50,610.87890625,0,445.77734375,0,165.1015625,0,544.015625,0.05615234375,0.004791259765625,0,0,0,0.00457763671875,0.00457763671875,0.1373291015625,61.5289306640625,61.5289306640625,5.12741088867188,2.05133056640625,"final coefficient matrix (p x q)",0.00457763671875
"tabula","complete_workflow","fastpls",30,797.65625,0,543.1875,0,254.46875,0,730.14453125,0.0925445556640625,0.012420654296875,0,0,0,0.01220703125,0.01220703125,0.537109375,537.5712890625,537.5712890625,16.7991027832031,12.221435546875,"final coefficient matrix (p x q)",0.01220703125
"tcga_brca","complete_workflow","fastpls",50,516.69140625,0,402.2578125,0,114.43359375,0,448.9453125,0.131263732910156,0.038360595703125,0,0,0,0.03814697265625,0.03814697265625,0.26702880859375,0.201873779296875,0.201873779296875,0.040374755859375,0.00335693359375,"final coefficient matrix (p x q)",0.03814697265625
"tcga_hnsc_methylation","complete_workflow","fastpls",50,502.87890625,0,398.23828125,0,104.640625,0,435.4609375,0.0569686889648438,0.01214599609375,0,0,0,0.011932373046875,0.011932373046875,0.02386474609375,0.015869140625,0.015869140625,0.0079345703125,0.000885009765625,"final coefficient matrix (p x q)",0.011932373046875
"tcga_pan_cancer","complete_workflow","fastpls",30,670.36328125,0,430.89453125,0,239.46875,0,602.88671875,1.57691955566406,0.207733154296875,0,0,0,0.20751953125,0.20751953125,38.39111328125,135.498046875,135.498046875,4.23431396484375,0.23974609375,"final coefficient matrix (p x q)",0.20751953125
"ccle","estimator_kernel","fastpls",50,512.9765625,0,400.94921875,0,112.02734375,0,445.66015625,3.80507659912109,3.57077026367188,0,0,0,0.1373291015625,0.1373291015625,3.570556640625,1.95309448242188,1.95309448242188,0.108505249023438,0.0097503662109375,"coefficient path (p x q x A)",3.570556640625
"cifar100","estimator_kernel","fastpls",10,3112.5078125,0,1910.9140625,0,1201.59375,0,2219.125,155.915725708008,154.101776123047,0,0,0,0.5859375,0.5859375,154.1015625,10032.6538085938,10032.6538085938,100.326538085938,7.62939453125,"coefficient path (p x q x A)",154.1015625
"gtex_v8","estimator_kernel","fastpls",30,719.51171875,0,454.265625,0,265.24609375,0,651.8984375,47.9424591064453,46.3869323730469,0,0,0,0.244140625,0.244140625,46.38671875,139.16015625,139.16015625,4.3487548828125,0.194580078125,"coefficient path (p x q x A)",46.38671875
"metref","estimator_kernel","fastpls",50,530.36328125,0,401.7578125,0,128.60546875,0,462.73828125,7.82253265380859,7.42742919921875,0,0,0,0.0629425048828125,0.0629425048828125,7.42721557617188,15.3099670410156,15.3099670410156,0.695907592773438,0.01678466796875,"coefficient path (p x q x A)",7.42721557617188
"retina","estimator_kernel","fastpls",50,579.265625,0,455.76953125,0,123.49609375,0,511.859375,0.169868469238281,0.137542724609375,0,0,0,0.00457763671875,0.00457763671875,0.1373291015625,61.5289306640625,61.5289306640625,5.12741088867188,2.05133056640625,"coefficient path (p x q x A)",0.1373291015625
"tabula","estimator_kernel","fastpls",30,840.5546875,0,543.05078125,0,297.50390625,0,772.9765625,0.586784362792969,0.537322998046875,0,0,0,0.01220703125,0.01220703125,0.537109375,537.5712890625,537.5712890625,16.7991027832031,12.221435546875,"coefficient path (p x q x A)",0.537109375
"tcga_brca","estimator_kernel","fastpls",50,492.09765625,0,402.78125,0,89.31640625,0,424.59375,0.349281311035156,0.267242431640625,0,0,0,0.03814697265625,0.03814697265625,0.26702880859375,0.201873779296875,0.201873779296875,0.040374755859375,0.00335693359375,"coefficient path (p x q x A)",0.26702880859375
"tcga_hnsc_methylation","estimator_kernel","fastpls",50,466.10546875,0,398.19921875,0,67.90625,0,398.31640625,0.0601272583007812,0.024078369140625,0,0,0,0.011932373046875,0.011932373046875,0.02386474609375,0.015869140625,0.015869140625,0.0079345703125,0.000885009765625,"coefficient path (p x q x A)",0.02386474609375
"tcga_pan_cancer","estimator_kernel","fastpls",30,661.48828125,0,451.80078125,0,209.6875,0,582.671875,39.6932983398438,38.3913269042969,0,0,0,0.20751953125,0.20751953125,38.39111328125,135.498046875,135.498046875,4.23431396484375,0.23974609375,"coefficient path (p x q x A)",38.39111328125
"ccle","complete_workflow","pls",50,553.02734375,0,404.2890625,0,148.73828125,0,485.125,8.46478271484375,3.64181518554688,0.144157409667969,0.268394470214844,1.98998260498047,0.1373291015625,0.1373291015625,3.570556640625,1.95309448242188,1.95309448242188,0.108505249023438,0.0097503662109375,"fitted/residual response path (n_train x q x A each)",1.95309448242188
"cifar100","complete_workflow","pls",0,,,,,,,,,,,,,,,,,,,,,
"gtex_v8","complete_workflow","pls",20,1897.20703125,0,472.22265625,0,1424.984375,0,1622.890625,337.743965148926,46.4862060546875,4.61312866210938,1.54648590087891,139.427124023438,0.244140625,0.244140625,46.38671875,139.16015625,139.16015625,4.3487548828125,0.194580078125,"fitted/residual response path (n_train x q x A each)",139.16015625
"metref","complete_workflow","pls",50,600.50390625,0,401.56640625,0,198.9375,0,532.734375,40.4751129150391,7.46001434326172,0.751113891601562,0.368522644042969,15.367057800293,0.0629425048828125,0.0629425048828125,7.42721557617188,15.3099670410156,15.3099670410156,0.695907592773438,0.01678466796875,"fitted/residual response path (n_train x q x A each)",15.3099670410156
"retina","complete_workflow","pls",30,999.35546875,0,436.91015625,0,562.4453125,0,860.6328125,138.981544494629,0.143791198730469,6.49723052978516,0.0170135498046875,62.8996505737305,0.00457763671875,0.00457763671875,0.1373291015625,61.5289306640625,61.5289306640625,5.12741088867188,2.05133056640625,"fitted/residual response path (n_train x q x A each)",61.5289306640625
"tabula","complete_workflow","pls",20,5113.2109375,0,478.90234375,0,4634.30859375,0,3701.30859375,1129.27906036377,0.545967102050781,21.7790222167969,0.0232086181640625,542.553649902344,0.01220703125,0.01220703125,0.537109375,537.5712890625,537.5712890625,16.7991027832031,12.221435546875,"fitted/residual response path (n_train x q x A each)",537.5712890625
"tcga_brca","complete_workflow","pls",50,520.1171875,0,401.90234375,0,118.21484375,0,452.46875,1.27191162109375,0.330474853515625,0.0933990478515625,0.116691589355469,0.25506591796875,0.03814697265625,0.03814697265625,0.26702880859375,0.201873779296875,0.201873779296875,0.040374755859375,0.00335693359375,"fitted/residual response path (n_train x q x A each)",0.201873779296875
"tcga_hnsc_methylation","complete_workflow","pls",50,503.109375,0,396.953125,0,106.15625,0,435.55859375,0.413253784179688,0.078369140625,0.0444412231445312,0.066436767578125,0.0523834228515625,0.011932373046875,0.011932373046875,0.02386474609375,0.015869140625,0.015869140625,0.0079345703125,0.000885009765625,"fitted/residual response path (n_train x q x A each)",0.015869140625
"tcga_pan_cancer","complete_workflow","pls",20,1960.01953125,0,426.39453125,0,1533.625,0,1689.8671875,321.41650390625,38.4594192504883,4.45293426513672,1.26482391357422,135.719879150391,0.20751953125,0.20751953125,38.39111328125,135.498046875,135.498046875,4.23431396484375,0.23974609375,"fitted/residual response path (n_train x q x A each)",135.498046875
"ccle","estimator_kernel","pls",50,515.828125,0,405.81640625,0,110.01171875,0,448.31640625,3.57905578613281,3.57077026367188,0,0,0,0.1373291015625,0.1373291015625,3.570556640625,1.95309448242188,1.95309448242188,0.108505249023438,0.0097503662109375,"coefficient path (p x q x A)",3.570556640625
"cifar100","estimator_kernel","pls",10,2937.16796875,0,1904.45703125,0,1032.7109375,0,2287.78515625,154.108917236328,154.101776123047,0,0,0,0.5859375,0.5859375,154.1015625,10032.6538085938,10032.6538085938,100.326538085938,7.62939453125,"coefficient path (p x q x A)",154.1015625
"gtex_v8","estimator_kernel","pls",30,760.421875,0,468.4140625,0,292.0078125,0,692.31640625,46.3953247070312,46.3869323730469,0,0,0,0.244140625,0.244140625,46.38671875,139.16015625,139.16015625,4.3487548828125,0.194580078125,"coefficient path (p x q x A)",46.38671875
"metref","estimator_kernel","pls",50,541.98046875,0,396.58203125,0,145.3984375,0,474.2421875,7.43097686767578,7.42742919921875,0,0,0,0.0629425048828125,0.0629425048828125,7.42721557617188,15.3099670410156,15.3099670410156,0.695907592773438,0.01678466796875,"coefficient path (p x q x A)",7.42721557617188
"retina","estimator_kernel","pls",50,602.45703125,0,423.63671875,0,178.8203125,0,534.796875,0.138565063476562,0.137542724609375,0,0,0,0.00457763671875,0.00457763671875,0.1373291015625,61.5289306640625,61.5289306640625,5.12741088867188,2.05133056640625,"coefficient path (p x q x A)",0.1373291015625
"tabula","estimator_kernel","pls",30,811.18359375,0,503.875,0,307.30859375,0,744.0625,0.538467407226562,0.537322998046875,0,0,0,0.01220703125,0.01220703125,0.537109375,537.5712890625,537.5712890625,16.7991027832031,12.221435546875,"coefficient path (p x q x A)",0.537109375
"tcga_brca","estimator_kernel","pls",50,515.58203125,0,401.9609375,0,113.62109375,0,448.10546875,0.275436401367188,0.267242431640625,0,0,0,0.03814697265625,0.03814697265625,0.26702880859375,0.201873779296875,0.201873779296875,0.040374755859375,0.00335693359375,"coefficient path (p x q x A)",0.26702880859375
"tcga_hnsc_methylation","estimator_kernel","pls",50,495.33984375,0,396.97265625,0,98.3671875,0,427.08984375,0.03057861328125,0.024078369140625,0,0,0,0.011932373046875,0.011932373046875,0.02386474609375,0.015869140625,0.015869140625,0.0079345703125,0.000885009765625,"coefficient path (p x q x A)",0.02386474609375
"tcga_pan_cancer","estimator_kernel","pls",30,763.12109375,0,462.23046875,0,300.890625,0,691.19140625,38.3985748291016,38.3913269042969,0,0,0,0.20751953125,0.20751953125,38.39111328125,135.498046875,135.498046875,4.23431396484375,0.23974609375,"coefficient path (p x q x A)",38.39111328125
