"component","fast_metric","reference_metric","family","case"
1,1.76607241877477,1.76607241877477,"OPLS","synthetic_regression_p_lt_n"
2,1.42610146682847,1.42610146682847,"OPLS","synthetic_regression_p_lt_n"
3,1.21828383466424,1.21828383466424,"OPLS","synthetic_regression_p_lt_n"
4,1.0244387091406,1.0244387091406,"OPLS","synthetic_regression_p_lt_n"
5,1.02461742181968,1.02461742181964,"OPLS","synthetic_regression_p_lt_n"
1,1.82747728404012,1.82747728404012,"kernelPLS_rbf","synthetic_regression_p_lt_n"
2,1.53778519694073,1.53778519694073,"kernelPLS_rbf","synthetic_regression_p_lt_n"
3,1.3454426310156,1.3454426310156,"kernelPLS_rbf","synthetic_regression_p_lt_n"
4,1.20490150251814,1.20490150251814,"kernelPLS_rbf","synthetic_regression_p_lt_n"
5,0.989412349124501,0.989412349124501,"kernelPLS_rbf","synthetic_regression_p_lt_n"
1,1.96728524843054,1.96728524843054,"kernelPLS_poly","synthetic_regression_p_lt_n"
2,1.59396775776661,1.59396775776661,"kernelPLS_poly","synthetic_regression_p_lt_n"
3,1.35052020209046,1.35052020209046,"kernelPLS_poly","synthetic_regression_p_lt_n"
4,1.12881983337775,1.12881983337775,"kernelPLS_poly","synthetic_regression_p_lt_n"
5,0.892295565904635,0.892295565904635,"kernelPLS_poly","synthetic_regression_p_lt_n"
1,1.85107259356478,1.85107259356478,"OPLS","synthetic_regression_p_gt_n_ill_conditioned"
2,1.49611972738482,1.49611972738482,"OPLS","synthetic_regression_p_gt_n_ill_conditioned"
3,1.07741568019901,1.07741568019901,"OPLS","synthetic_regression_p_gt_n_ill_conditioned"
4,0.97634673393828,0.976346733938282,"OPLS","synthetic_regression_p_gt_n_ill_conditioned"
5,0.973988539827681,0.973988539827647,"OPLS","synthetic_regression_p_gt_n_ill_conditioned"
1,2.11397144938291,2.11397144938291,"kernelPLS_rbf","synthetic_regression_p_gt_n_ill_conditioned"
2,1.71136835988101,1.71136835988101,"kernelPLS_rbf","synthetic_regression_p_gt_n_ill_conditioned"
3,1.34436043342602,1.34436043342602,"kernelPLS_rbf","synthetic_regression_p_gt_n_ill_conditioned"
4,1.19551637788425,1.19551637788425,"kernelPLS_rbf","synthetic_regression_p_gt_n_ill_conditioned"
5,1.02262945714952,1.02262945714952,"kernelPLS_rbf","synthetic_regression_p_gt_n_ill_conditioned"
1,2.11979832981948,2.11979832981948,"kernelPLS_poly","synthetic_regression_p_gt_n_ill_conditioned"
2,1.72588930789751,1.72588930789751,"kernelPLS_poly","synthetic_regression_p_gt_n_ill_conditioned"
3,1.32860339144318,1.32860339144318,"kernelPLS_poly","synthetic_regression_p_gt_n_ill_conditioned"
4,1.11598347942698,1.11598347942698,"kernelPLS_poly","synthetic_regression_p_gt_n_ill_conditioned"
5,0.878925414876756,0.878925414876756,"kernelPLS_poly","synthetic_regression_p_gt_n_ill_conditioned"
1,0.472316397053239,0.472316397053239,"OPLS","synthetic_classification_p_lt_n"
2,0.600196703880914,0.600196703880914,"OPLS","synthetic_classification_p_lt_n"
3,0.628504594820384,0.628504594820384,"OPLS","synthetic_classification_p_lt_n"
4,0.640120756436546,0.640120756436546,"OPLS","synthetic_classification_p_lt_n"
5,0.601550087339561,0.601550087339561,"OPLS","synthetic_classification_p_lt_n"
1,0.428670160249108,0.428670160249108,"kernelPLS_rbf","synthetic_classification_p_lt_n"
2,0.584248500037974,0.584248500037974,"kernelPLS_rbf","synthetic_classification_p_lt_n"
3,0.667472469051416,0.667472469051416,"kernelPLS_rbf","synthetic_classification_p_lt_n"
4,0.722680944786208,0.722680944786208,"kernelPLS_rbf","synthetic_classification_p_lt_n"
5,0.728795473532316,0.728795473532316,"kernelPLS_rbf","synthetic_classification_p_lt_n"
1,0.41133971291866,0.41133971291866,"kernelPLS_poly","synthetic_classification_p_lt_n"
2,0.474228753702438,0.474228753702438,"kernelPLS_poly","synthetic_classification_p_lt_n"
3,0.640492898913952,0.640492898913952,"kernelPLS_poly","synthetic_classification_p_lt_n"
4,0.666462368041315,0.666462368041315,"kernelPLS_poly","synthetic_classification_p_lt_n"
5,0.68940229361282,0.68940229361282,"kernelPLS_poly","synthetic_classification_p_lt_n"
1,0.477474937343358,0.477474937343358,"OPLS","synthetic_classification_p_gt_n"
2,0.576131505233672,0.576131505233672,"OPLS","synthetic_classification_p_gt_n"
3,0.578372401592216,0.578372401592216,"OPLS","synthetic_classification_p_gt_n"
4,0.599660916998378,0.599660916998378,"OPLS","synthetic_classification_p_gt_n"
5,0.534289768538995,0.534289768538995,"OPLS","synthetic_classification_p_gt_n"
1,0.466948621553885,0.466948621553885,"kernelPLS_rbf","synthetic_classification_p_gt_n"
2,0.544080790210821,0.544080790210821,"kernelPLS_rbf","synthetic_classification_p_gt_n"
3,0.608681630546956,0.608681630546956,"kernelPLS_rbf","synthetic_classification_p_gt_n"
4,0.754896432257113,0.754896432257113,"kernelPLS_rbf","synthetic_classification_p_gt_n"
5,0.740654946189002,0.740654946189002,"kernelPLS_rbf","synthetic_classification_p_gt_n"
1,0.477474937343358,0.477474937343358,"kernelPLS_poly","synthetic_classification_p_gt_n"
2,0.55062840925844,0.55062840925844,"kernelPLS_poly","synthetic_classification_p_gt_n"
3,0.618205440070765,0.618205440070765,"kernelPLS_poly","synthetic_classification_p_gt_n"
4,0.698081601061477,0.698081601061477,"kernelPLS_poly","synthetic_classification_p_gt_n"
5,0.7140572018281,0.7140572018281,"kernelPLS_poly","synthetic_classification_p_gt_n"
1,0.656674066309404,0.656674066309404,"OPLS","gasoline_real_regression"
2,0.29301147271662,0.293011472716621,"OPLS","gasoline_real_regression"
3,0.238886788551265,0.238886788551228,"OPLS","gasoline_real_regression"
4,0.223642783587199,0.223642783587201,"OPLS","gasoline_real_regression"
5,0.21120803505354,0.211208035054045,"OPLS","gasoline_real_regression"
1,1.33060877707983,1.33060877707983,"kernelPLS_rbf","gasoline_real_regression"
2,1.19840479744551,1.19840479744551,"kernelPLS_rbf","gasoline_real_regression"
3,0.88206494565783,0.882064945657828,"kernelPLS_rbf","gasoline_real_regression"
4,0.751849578785314,0.751849578785314,"kernelPLS_rbf","gasoline_real_regression"
5,0.651575004682235,0.651575004682232,"kernelPLS_rbf","gasoline_real_regression"
1,1.45731315948704,1.45731315948704,"kernelPLS_poly","gasoline_real_regression"
2,1.22958187970443,1.22958187970443,"kernelPLS_poly","gasoline_real_regression"
3,1.21993073996881,1.2199307399688,"kernelPLS_poly","gasoline_real_regression"
4,1.02345275202709,1.02345275202709,"kernelPLS_poly","gasoline_real_regression"
5,0.908487753756228,0.908487753756213,"kernelPLS_poly","gasoline_real_regression"
1,0.8,0.8,"OPLS","breast_real_classification"
2,0.94,0.94,"OPLS","breast_real_classification"
3,0.96,0.96,"OPLS","breast_real_classification"
1,0.793333333333333,0.793333333333333,"kernelPLS_rbf","breast_real_classification"
2,0.933333333333333,0.933333333333333,"kernelPLS_rbf","breast_real_classification"
3,0.946666666666667,0.946666666666667,"kernelPLS_rbf","breast_real_classification"
1,0.8,0.8,"kernelPLS_poly","breast_real_classification"
2,0.893333333333333,0.893333333333333,"kernelPLS_poly","breast_real_classification"
3,0.946666666666667,0.946666666666667,"kernelPLS_poly","breast_real_classification"
