"family","case","component","fold","fast_metric","reference_metric","status","error"
"OPLS","synthetic_regression_p_lt_n",1,1,1.73638030376114,1.73638030376114,"success",NA
"OPLS","synthetic_regression_p_lt_n",1,2,1.60743770553048,1.60743770553048,"success",NA
"OPLS","synthetic_regression_p_lt_n",1,3,1.81735981569089,1.81735981569088,"success",NA
"OPLS","synthetic_regression_p_lt_n",1,4,1.70072127872865,1.70072127872865,"success",NA
"OPLS","synthetic_regression_p_lt_n",1,5,1.9684629901627,1.9684629901627,"success",NA
"OPLS","synthetic_regression_p_lt_n",2,1,1.45512238771137,1.45512238771137,"success",NA
"OPLS","synthetic_regression_p_lt_n",2,2,1.40064401437487,1.40064401437487,"success",NA
"OPLS","synthetic_regression_p_lt_n",2,3,1.46441921010077,1.46441921010077,"success",NA
"OPLS","synthetic_regression_p_lt_n",2,4,1.36573132362747,1.36573132362747,"success",NA
"OPLS","synthetic_regression_p_lt_n",2,5,1.44459039832788,1.44459039832788,"success",NA
"OPLS","synthetic_regression_p_lt_n",3,1,1.18758335346858,1.18758335346858,"success",NA
"OPLS","synthetic_regression_p_lt_n",3,2,1.25604097026405,1.25604097026404,"success",NA
"OPLS","synthetic_regression_p_lt_n",3,3,1.27834158391436,1.27834158391436,"success",NA
"OPLS","synthetic_regression_p_lt_n",3,4,1.12754861367428,1.12754861367428,"success",NA
"OPLS","synthetic_regression_p_lt_n",3,5,1.24190465199993,1.24190465199993,"success",NA
"OPLS","synthetic_regression_p_lt_n",4,1,1.03031783376739,1.03031783376739,"success",NA
"OPLS","synthetic_regression_p_lt_n",4,2,1.03701915087622,1.03701915087622,"success",NA
"OPLS","synthetic_regression_p_lt_n",4,3,1.19034162284394,1.19034162284394,"success",NA
"OPLS","synthetic_regression_p_lt_n",4,4,0.96674623854536,0.96674623854536,"success",NA
"OPLS","synthetic_regression_p_lt_n",4,5,0.897768699670108,0.897768699670106,"success",NA
"OPLS","synthetic_regression_p_lt_n",5,1,1.03208290877118,1.03208290877101,"success",NA
"OPLS","synthetic_regression_p_lt_n",5,2,1.03760659049327,1.0376065904933,"success",NA
"OPLS","synthetic_regression_p_lt_n",5,3,1.19114886049839,1.19114886049841,"success",NA
"OPLS","synthetic_regression_p_lt_n",5,4,0.96355121543454,0.963551215434522,"success",NA
"OPLS","synthetic_regression_p_lt_n",5,5,0.898697533901025,0.898697533900969,"success",NA
"kernelPLS_rbf","synthetic_regression_p_lt_n",1,1,1.78971202270204,1.78971202270204,"success",NA
"kernelPLS_rbf","synthetic_regression_p_lt_n",1,2,1.6690255314634,1.6690255314634,"success",NA
"kernelPLS_rbf","synthetic_regression_p_lt_n",1,3,1.73427272498841,1.73427272498841,"success",NA
"kernelPLS_rbf","synthetic_regression_p_lt_n",1,4,1.82255403365723,1.82255403365723,"success",NA
"kernelPLS_rbf","synthetic_regression_p_lt_n",1,5,2.12182210738953,2.12182210738953,"success",NA
"kernelPLS_rbf","synthetic_regression_p_lt_n",2,1,1.52150856593643,1.52150856593643,"success",NA
"kernelPLS_rbf","synthetic_regression_p_lt_n",2,2,1.35397024847353,1.35397024847353,"success",NA
"kernelPLS_rbf","synthetic_regression_p_lt_n",2,3,1.46655322341852,1.46655322341852,"success",NA
"kernelPLS_rbf","synthetic_regression_p_lt_n",2,4,1.5529827440841,1.5529827440841,"success",NA
"kernelPLS_rbf","synthetic_regression_p_lt_n",2,5,1.79391120279106,1.79391120279106,"success",NA
"kernelPLS_rbf","synthetic_regression_p_lt_n",3,1,1.33744649336052,1.33744649336052,"success",NA
"kernelPLS_rbf","synthetic_regression_p_lt_n",3,2,1.19805134346901,1.19805134346901,"success",NA
"kernelPLS_rbf","synthetic_regression_p_lt_n",3,3,1.29366696967689,1.29366696967689,"success",NA
"kernelPLS_rbf","synthetic_regression_p_lt_n",3,4,1.2845343604783,1.2845343604783,"success",NA
"kernelPLS_rbf","synthetic_regression_p_lt_n",3,5,1.61351398809327,1.61351398809327,"success",NA
"kernelPLS_rbf","synthetic_regression_p_lt_n",4,1,1.19697375247811,1.19697375247811,"success",NA
"kernelPLS_rbf","synthetic_regression_p_lt_n",4,2,1.04466095930062,1.04466095930062,"success",NA
"kernelPLS_rbf","synthetic_regression_p_lt_n",4,3,1.16767312335903,1.16767312335903,"success",NA
"kernelPLS_rbf","synthetic_regression_p_lt_n",4,4,1.14659617550626,1.14659617550626,"success",NA
"kernelPLS_rbf","synthetic_regression_p_lt_n",4,5,1.46860350194669,1.46860350194669,"success",NA
"kernelPLS_rbf","synthetic_regression_p_lt_n",5,1,0.96778872792856,0.96778872792856,"success",NA
"kernelPLS_rbf","synthetic_regression_p_lt_n",5,2,0.83270067617565,0.83270067617565,"success",NA
"kernelPLS_rbf","synthetic_regression_p_lt_n",5,3,0.977023353248861,0.97702335324886,"success",NA
"kernelPLS_rbf","synthetic_regression_p_lt_n",5,4,0.873144274203,0.873144274203001,"success",NA
"kernelPLS_rbf","synthetic_regression_p_lt_n",5,5,1.29640471406643,1.29640471406643,"success",NA
"kernelPLS_poly","synthetic_regression_p_lt_n",1,1,1.91361633070652,1.91361633070652,"success",NA
"kernelPLS_poly","synthetic_regression_p_lt_n",1,2,1.774943586306,1.774943586306,"success",NA
"kernelPLS_poly","synthetic_regression_p_lt_n",1,3,2.02673349202249,2.02673349202249,"success",NA
"kernelPLS_poly","synthetic_regression_p_lt_n",1,4,1.90487383221161,1.90487383221161,"success",NA
"kernelPLS_poly","synthetic_regression_p_lt_n",1,5,2.21625900090609,2.21625900090609,"success",NA
"kernelPLS_poly","synthetic_regression_p_lt_n",2,1,1.56834268957782,1.56834268957782,"success",NA
"kernelPLS_poly","synthetic_regression_p_lt_n",2,2,1.37007574264543,1.37007574264543,"success",NA
"kernelPLS_poly","synthetic_regression_p_lt_n",2,3,1.54192068072724,1.54192068072724,"success",NA
"kernelPLS_poly","synthetic_regression_p_lt_n",2,4,1.64870452578948,1.64870452578948,"success",NA
"kernelPLS_poly","synthetic_regression_p_lt_n",2,5,1.84079515009305,1.84079515009305,"success",NA
"kernelPLS_poly","synthetic_regression_p_lt_n",3,1,1.31187212936656,1.31187212936656,"success",NA
"kernelPLS_poly","synthetic_regression_p_lt_n",3,2,1.26038532295185,1.26038532295185,"success",NA
"kernelPLS_poly","synthetic_regression_p_lt_n",3,3,1.3518402991774,1.3518402991774,"success",NA
"kernelPLS_poly","synthetic_regression_p_lt_n",3,4,1.23192549509026,1.23192549509026,"success",NA
"kernelPLS_poly","synthetic_regression_p_lt_n",3,5,1.59657776386624,1.59657776386624,"success",NA
"kernelPLS_poly","synthetic_regression_p_lt_n",4,1,1.15201140255161,1.15201140255161,"success",NA
"kernelPLS_poly","synthetic_regression_p_lt_n",4,2,1.08320444702406,1.08320444702406,"success",NA
"kernelPLS_poly","synthetic_regression_p_lt_n",4,3,1.04777532712028,1.04777532712028,"success",NA
"kernelPLS_poly","synthetic_regression_p_lt_n",4,4,1.14914690067407,1.14914690067407,"success",NA
"kernelPLS_poly","synthetic_regression_p_lt_n",4,5,1.21196108951871,1.21196108951871,"success",NA
"kernelPLS_poly","synthetic_regression_p_lt_n",5,1,0.947771693240235,0.947771693240235,"success",NA
"kernelPLS_poly","synthetic_regression_p_lt_n",5,2,0.89194262839726,0.891942628397259,"success",NA
"kernelPLS_poly","synthetic_regression_p_lt_n",5,3,0.799925634461319,0.799925634461319,"success",NA
"kernelPLS_poly","synthetic_regression_p_lt_n",5,4,0.875013271379361,0.875013271379362,"success",NA
"kernelPLS_poly","synthetic_regression_p_lt_n",5,5,0.946824602044998,0.946824602044998,"success",NA
"OPLS","synthetic_regression_p_gt_n_ill_conditioned",1,1,1.59653850970738,1.59653850970738,"success",NA
"OPLS","synthetic_regression_p_gt_n_ill_conditioned",1,2,2.0079231955571,2.0079231955571,"success",NA
"OPLS","synthetic_regression_p_gt_n_ill_conditioned",1,3,1.6766097502761,1.6766097502761,"success",NA
"OPLS","synthetic_regression_p_gt_n_ill_conditioned",1,4,1.75572264489263,1.75572264489263,"success",NA
"OPLS","synthetic_regression_p_gt_n_ill_conditioned",1,5,2.21856886739071,2.21856886739071,"success",NA
"OPLS","synthetic_regression_p_gt_n_ill_conditioned",2,1,1.35702173927005,1.35702173927005,"success",NA
"OPLS","synthetic_regression_p_gt_n_ill_conditioned",2,2,1.69465499535361,1.69465499535361,"success",NA
"OPLS","synthetic_regression_p_gt_n_ill_conditioned",2,3,1.44525996255759,1.44525996255759,"success",NA
"OPLS","synthetic_regression_p_gt_n_ill_conditioned",2,4,1.28378134268077,1.28378134268077,"success",NA
"OPLS","synthetic_regression_p_gt_n_ill_conditioned",2,5,1.69988059706207,1.69988059706208,"success",NA
"OPLS","synthetic_regression_p_gt_n_ill_conditioned",3,1,0.938157649072796,0.938157649072796,"success",NA
"OPLS","synthetic_regression_p_gt_n_ill_conditioned",3,2,1.29367689594073,1.29367689594074,"success",NA
"OPLS","synthetic_regression_p_gt_n_ill_conditioned",3,3,1.02672122289896,1.02672122289896,"success",NA
"OPLS","synthetic_regression_p_gt_n_ill_conditioned",3,4,0.974613255548899,0.974613255548899,"success",NA
"OPLS","synthetic_regression_p_gt_n_ill_conditioned",3,5,1.15390937753367,1.15390937753368,"success",NA
"OPLS","synthetic_regression_p_gt_n_ill_conditioned",4,1,0.909063100261861,0.909063100261861,"success",NA
"OPLS","synthetic_regression_p_gt_n_ill_conditioned",4,2,1.05672835963914,1.05672835963914,"success",NA
"OPLS","synthetic_regression_p_gt_n_ill_conditioned",4,3,0.961611136322021,0.961611136322022,"success",NA
"OPLS","synthetic_regression_p_gt_n_ill_conditioned",4,4,0.913908196488963,0.913908196488963,"success",NA
"OPLS","synthetic_regression_p_gt_n_ill_conditioned",4,5,1.04042287697941,1.04042287697942,"success",NA
"OPLS","synthetic_regression_p_gt_n_ill_conditioned",5,1,0.90619726848657,0.906197268485998,"success",NA
"OPLS","synthetic_regression_p_gt_n_ill_conditioned",5,2,1.05710138324173,1.05710138324178,"success",NA
"OPLS","synthetic_regression_p_gt_n_ill_conditioned",5,3,0.958329668314339,0.95832966831433,"success",NA
"OPLS","synthetic_regression_p_gt_n_ill_conditioned",5,4,0.909968422236333,0.909968422236338,"success",NA
"OPLS","synthetic_regression_p_gt_n_ill_conditioned",5,5,1.03834595685944,1.03834595685979,"success",NA
"kernelPLS_rbf","synthetic_regression_p_gt_n_ill_conditioned",1,1,1.95899156549517,1.95899156549517,"success",NA
"kernelPLS_rbf","synthetic_regression_p_gt_n_ill_conditioned",1,2,2.11656365472992,2.11656365472992,"success",NA
"kernelPLS_rbf","synthetic_regression_p_gt_n_ill_conditioned",1,3,2.18995242658163,2.18995242658163,"success",NA
"kernelPLS_rbf","synthetic_regression_p_gt_n_ill_conditioned",1,4,1.94070604805188,1.94070604805188,"success",NA
"kernelPLS_rbf","synthetic_regression_p_gt_n_ill_conditioned",1,5,2.36364355205593,2.36364355205593,"success",NA
"kernelPLS_rbf","synthetic_regression_p_gt_n_ill_conditioned",2,1,1.51626318877497,1.51626318877497,"success",NA
"kernelPLS_rbf","synthetic_regression_p_gt_n_ill_conditioned",2,2,1.71889950164817,1.71889950164817,"success",NA
"kernelPLS_rbf","synthetic_regression_p_gt_n_ill_conditioned",2,3,1.70186756600098,1.70186756600098,"success",NA
"kernelPLS_rbf","synthetic_regression_p_gt_n_ill_conditioned",2,4,1.59930926434744,1.59930926434744,"success",NA
"kernelPLS_rbf","synthetic_regression_p_gt_n_ill_conditioned",2,5,2.0205022786335,2.0205022786335,"success",NA
"kernelPLS_rbf","synthetic_regression_p_gt_n_ill_conditioned",3,1,1.30286585874844,1.30286585874844,"success",NA
"kernelPLS_rbf","synthetic_regression_p_gt_n_ill_conditioned",3,2,1.45213486329282,1.45213486329282,"success",NA
"kernelPLS_rbf","synthetic_regression_p_gt_n_ill_conditioned",3,3,1.23157158416834,1.23157158416834,"success",NA
"kernelPLS_rbf","synthetic_regression_p_gt_n_ill_conditioned",3,4,1.13137684932815,1.13137684932815,"success",NA
"kernelPLS_rbf","synthetic_regression_p_gt_n_ill_conditioned",3,5,1.60385301159237,1.60385301159237,"success",NA
"kernelPLS_rbf","synthetic_regression_p_gt_n_ill_conditioned",4,1,1.1465141297133,1.1465141297133,"success",NA
"kernelPLS_rbf","synthetic_regression_p_gt_n_ill_conditioned",4,2,1.30020392791627,1.30020392791627,"success",NA
"kernelPLS_rbf","synthetic_regression_p_gt_n_ill_conditioned",4,3,1.07121914195663,1.07121914195663,"success",NA
"kernelPLS_rbf","synthetic_regression_p_gt_n_ill_conditioned",4,4,1.00145184889771,1.00145184889771,"success",NA
"kernelPLS_rbf","synthetic_regression_p_gt_n_ill_conditioned",4,5,1.45819284093735,1.45819284093735,"success",NA
"kernelPLS_rbf","synthetic_regression_p_gt_n_ill_conditioned",5,1,0.944739722735475,0.944739722735475,"success",NA
"kernelPLS_rbf","synthetic_regression_p_gt_n_ill_conditioned",5,2,1.12250229255157,1.12250229255157,"success",NA
"kernelPLS_rbf","synthetic_regression_p_gt_n_ill_conditioned",5,3,0.895736676371533,0.895736676371533,"success",NA
"kernelPLS_rbf","synthetic_regression_p_gt_n_ill_conditioned",5,4,0.88758497559912,0.88758497559912,"success",NA
"kernelPLS_rbf","synthetic_regression_p_gt_n_ill_conditioned",5,5,1.26258361848989,1.26258361848989,"success",NA
"kernelPLS_poly","synthetic_regression_p_gt_n_ill_conditioned",1,1,1.85237414971875,1.85237414971875,"success",NA
"kernelPLS_poly","synthetic_regression_p_gt_n_ill_conditioned",1,2,2.16679001225674,2.16679001225674,"success",NA
"kernelPLS_poly","synthetic_regression_p_gt_n_ill_conditioned",1,3,2.28211455346699,2.28211455346699,"success",NA
"kernelPLS_poly","synthetic_regression_p_gt_n_ill_conditioned",1,4,1.97051387016245,1.97051387016245,"success",NA
"kernelPLS_poly","synthetic_regression_p_gt_n_ill_conditioned",1,5,2.32719906349246,2.32719906349246,"success",NA
"kernelPLS_poly","synthetic_regression_p_gt_n_ill_conditioned",2,1,1.59553986275202,1.59553986275203,"success",NA
"kernelPLS_poly","synthetic_regression_p_gt_n_ill_conditioned",2,2,1.73672781721228,1.73672781721228,"success",NA
"kernelPLS_poly","synthetic_regression_p_gt_n_ill_conditioned",2,3,1.60179457559823,1.60179457559823,"success",NA
"kernelPLS_poly","synthetic_regression_p_gt_n_ill_conditioned",2,4,1.69618246063535,1.69618246063535,"success",NA
"kernelPLS_poly","synthetic_regression_p_gt_n_ill_conditioned",2,5,1.99920182328967,1.99920182328967,"success",NA
"kernelPLS_poly","synthetic_regression_p_gt_n_ill_conditioned",3,1,1.38273206861321,1.38273206861321,"success",NA
"kernelPLS_poly","synthetic_regression_p_gt_n_ill_conditioned",3,2,1.4522862466978,1.4522862466978,"success",NA
"kernelPLS_poly","synthetic_regression_p_gt_n_ill_conditioned",3,3,1.14644551746201,1.14644551746201,"success",NA
"kernelPLS_poly","synthetic_regression_p_gt_n_ill_conditioned",3,4,1.16396979367147,1.16396979367147,"success",NA
"kernelPLS_poly","synthetic_regression_p_gt_n_ill_conditioned",3,5,1.4975833307714,1.4975833307714,"success",NA
"kernelPLS_poly","synthetic_regression_p_gt_n_ill_conditioned",4,1,1.15219172858342,1.15219172858342,"success",NA
"kernelPLS_poly","synthetic_regression_p_gt_n_ill_conditioned",4,2,1.21522871265972,1.21522871265972,"success",NA
"kernelPLS_poly","synthetic_regression_p_gt_n_ill_conditioned",4,3,1.01458923488784,1.01458923488784,"success",NA
"kernelPLS_poly","synthetic_regression_p_gt_n_ill_conditioned",4,4,0.897869252806956,0.897869252806956,"success",NA
"kernelPLS_poly","synthetic_regression_p_gt_n_ill_conditioned",4,5,1.30003846819697,1.30003846819697,"success",NA
"kernelPLS_poly","synthetic_regression_p_gt_n_ill_conditioned",5,1,0.92702809931205,0.92702809931205,"success",NA
"kernelPLS_poly","synthetic_regression_p_gt_n_ill_conditioned",5,2,0.854316300504304,0.854316300504304,"success",NA
"kernelPLS_poly","synthetic_regression_p_gt_n_ill_conditioned",5,3,0.82561920640606,0.825619206406059,"success",NA
"kernelPLS_poly","synthetic_regression_p_gt_n_ill_conditioned",5,4,0.770098184672696,0.770098184672696,"success",NA
"kernelPLS_poly","synthetic_regression_p_gt_n_ill_conditioned",5,5,1.01756528348867,1.01756528348867,"success",NA
"OPLS","synthetic_classification_p_lt_n",1,1,0.473684210526316,0.473684210526316,"success",NA
"OPLS","synthetic_classification_p_lt_n",1,2,0.473684210526316,0.473684210526316,"success",NA
"OPLS","synthetic_classification_p_lt_n",1,3,0.472222222222222,0.472222222222222,"success",NA
"OPLS","synthetic_classification_p_lt_n",1,4,0.457142857142857,0.457142857142857,"success",NA
"OPLS","synthetic_classification_p_lt_n",1,5,0.484848484848485,0.484848484848485,"success",NA
"OPLS","synthetic_classification_p_lt_n",2,1,0.578947368421053,0.578947368421053,"success",NA
"OPLS","synthetic_classification_p_lt_n",2,2,0.657894736842105,0.657894736842105,"success",NA
"OPLS","synthetic_classification_p_lt_n",2,3,0.527777777777778,0.527777777777778,"success",NA
"OPLS","synthetic_classification_p_lt_n",2,4,0.6,0.6,"success",NA
"OPLS","synthetic_classification_p_lt_n",2,5,0.636363636363636,0.636363636363636,"success",NA
"OPLS","synthetic_classification_p_lt_n",3,1,0.605263157894737,0.605263157894737,"success",NA
"OPLS","synthetic_classification_p_lt_n",3,2,0.657894736842105,0.657894736842105,"success",NA
"OPLS","synthetic_classification_p_lt_n",3,3,0.555555555555556,0.555555555555556,"success",NA
"OPLS","synthetic_classification_p_lt_n",3,4,0.657142857142857,0.657142857142857,"success",NA
"OPLS","synthetic_classification_p_lt_n",3,5,0.666666666666667,0.666666666666667,"success",NA
"OPLS","synthetic_classification_p_lt_n",4,1,0.631578947368421,0.631578947368421,"success",NA
"OPLS","synthetic_classification_p_lt_n",4,2,0.631578947368421,0.631578947368421,"success",NA
"OPLS","synthetic_classification_p_lt_n",4,3,0.583333333333333,0.583333333333333,"success",NA
"OPLS","synthetic_classification_p_lt_n",4,4,0.657142857142857,0.657142857142857,"success",NA
"OPLS","synthetic_classification_p_lt_n",4,5,0.696969696969697,0.696969696969697,"success",NA
"OPLS","synthetic_classification_p_lt_n",5,1,0.578947368421053,0.578947368421053,"success",NA
"OPLS","synthetic_classification_p_lt_n",5,2,0.578947368421053,0.578947368421053,"success",NA
"OPLS","synthetic_classification_p_lt_n",5,3,0.527777777777778,0.527777777777778,"success",NA
"OPLS","synthetic_classification_p_lt_n",5,4,0.685714285714286,0.685714285714286,"success",NA
"OPLS","synthetic_classification_p_lt_n",5,5,0.636363636363636,0.636363636363636,"success",NA
"kernelPLS_rbf","synthetic_classification_p_lt_n",1,1,0.394736842105263,0.394736842105263,"success",NA
"kernelPLS_rbf","synthetic_classification_p_lt_n",1,2,0.421052631578947,0.421052631578947,"success",NA
"kernelPLS_rbf","synthetic_classification_p_lt_n",1,3,0.444444444444444,0.444444444444444,"success",NA
"kernelPLS_rbf","synthetic_classification_p_lt_n",1,4,0.428571428571429,0.428571428571429,"success",NA
"kernelPLS_rbf","synthetic_classification_p_lt_n",1,5,0.454545454545455,0.454545454545455,"success",NA
"kernelPLS_rbf","synthetic_classification_p_lt_n",2,1,0.578947368421053,0.578947368421053,"success",NA
"kernelPLS_rbf","synthetic_classification_p_lt_n",2,2,0.578947368421053,0.578947368421053,"success",NA
"kernelPLS_rbf","synthetic_classification_p_lt_n",2,3,0.555555555555556,0.555555555555556,"success",NA
"kernelPLS_rbf","synthetic_classification_p_lt_n",2,4,0.571428571428571,0.571428571428571,"success",NA
"kernelPLS_rbf","synthetic_classification_p_lt_n",2,5,0.636363636363636,0.636363636363636,"success",NA
"kernelPLS_rbf","synthetic_classification_p_lt_n",3,1,0.605263157894737,0.605263157894737,"success",NA
"kernelPLS_rbf","synthetic_classification_p_lt_n",3,2,0.710526315789474,0.710526315789474,"success",NA
"kernelPLS_rbf","synthetic_classification_p_lt_n",3,3,0.638888888888889,0.638888888888889,"success",NA
"kernelPLS_rbf","synthetic_classification_p_lt_n",3,4,0.685714285714286,0.685714285714286,"success",NA
"kernelPLS_rbf","synthetic_classification_p_lt_n",3,5,0.696969696969697,0.696969696969697,"success",NA
"kernelPLS_rbf","synthetic_classification_p_lt_n",4,1,0.763157894736842,0.763157894736842,"success",NA
"kernelPLS_rbf","synthetic_classification_p_lt_n",4,2,0.657894736842105,0.657894736842105,"success",NA
"kernelPLS_rbf","synthetic_classification_p_lt_n",4,3,0.722222222222222,0.722222222222222,"success",NA
"kernelPLS_rbf","synthetic_classification_p_lt_n",4,4,0.742857142857143,0.742857142857143,"success",NA
"kernelPLS_rbf","synthetic_classification_p_lt_n",4,5,0.727272727272727,0.727272727272727,"success",NA
"kernelPLS_rbf","synthetic_classification_p_lt_n",5,1,0.763157894736842,0.763157894736842,"success",NA
"kernelPLS_rbf","synthetic_classification_p_lt_n",5,2,0.68421052631579,0.68421052631579,"success",NA
"kernelPLS_rbf","synthetic_classification_p_lt_n",5,3,0.694444444444444,0.694444444444444,"success",NA
"kernelPLS_rbf","synthetic_classification_p_lt_n",5,4,0.714285714285714,0.714285714285714,"success",NA
"kernelPLS_rbf","synthetic_classification_p_lt_n",5,5,0.787878787878788,0.787878787878788,"success",NA
"kernelPLS_poly","synthetic_classification_p_lt_n",1,1,0.394736842105263,0.394736842105263,"success",NA
"kernelPLS_poly","synthetic_classification_p_lt_n",1,2,0.421052631578947,0.421052631578947,"success",NA
"kernelPLS_poly","synthetic_classification_p_lt_n",1,3,0.416666666666667,0.416666666666667,"success",NA
"kernelPLS_poly","synthetic_classification_p_lt_n",1,4,0.4,0.4,"success",NA
"kernelPLS_poly","synthetic_classification_p_lt_n",1,5,0.424242424242424,0.424242424242424,"success",NA
"kernelPLS_poly","synthetic_classification_p_lt_n",2,1,0.473684210526316,0.473684210526316,"success",NA
"kernelPLS_poly","synthetic_classification_p_lt_n",2,2,0.421052631578947,0.421052631578947,"success",NA
"kernelPLS_poly","synthetic_classification_p_lt_n",2,3,0.416666666666667,0.416666666666667,"success",NA
"kernelPLS_poly","synthetic_classification_p_lt_n",2,4,0.514285714285714,0.514285714285714,"success",NA
"kernelPLS_poly","synthetic_classification_p_lt_n",2,5,0.545454545454545,0.545454545454545,"success",NA
"kernelPLS_poly","synthetic_classification_p_lt_n",3,1,0.657894736842105,0.657894736842105,"success",NA
"kernelPLS_poly","synthetic_classification_p_lt_n",3,2,0.526315789473684,0.526315789473684,"success",NA
"kernelPLS_poly","synthetic_classification_p_lt_n",3,3,0.694444444444444,0.694444444444444,"success",NA
"kernelPLS_poly","synthetic_classification_p_lt_n",3,4,0.657142857142857,0.657142857142857,"success",NA
"kernelPLS_poly","synthetic_classification_p_lt_n",3,5,0.666666666666667,0.666666666666667,"success",NA
"kernelPLS_poly","synthetic_classification_p_lt_n",4,1,0.68421052631579,0.68421052631579,"success",NA
"kernelPLS_poly","synthetic_classification_p_lt_n",4,2,0.631578947368421,0.631578947368421,"success",NA
"kernelPLS_poly","synthetic_classification_p_lt_n",4,3,0.694444444444444,0.694444444444444,"success",NA
"kernelPLS_poly","synthetic_classification_p_lt_n",4,4,0.685714285714286,0.685714285714286,"success",NA
"kernelPLS_poly","synthetic_classification_p_lt_n",4,5,0.636363636363636,0.636363636363636,"success",NA
"kernelPLS_poly","synthetic_classification_p_lt_n",5,1,0.710526315789474,0.710526315789474,"success",NA
"kernelPLS_poly","synthetic_classification_p_lt_n",5,2,0.631578947368421,0.631578947368421,"success",NA
"kernelPLS_poly","synthetic_classification_p_lt_n",5,3,0.722222222222222,0.722222222222222,"success",NA
"kernelPLS_poly","synthetic_classification_p_lt_n",5,4,0.685714285714286,0.685714285714286,"success",NA
"kernelPLS_poly","synthetic_classification_p_lt_n",5,5,0.696969696969697,0.696969696969697,"success",NA
"OPLS","synthetic_classification_p_gt_n",1,1,0.476190476190476,0.476190476190476,"success",NA
"OPLS","synthetic_classification_p_gt_n",1,2,0.473684210526316,0.473684210526316,"success",NA
"OPLS","synthetic_classification_p_gt_n",1,3,0.470588235294118,0.470588235294118,"success",NA
"OPLS","synthetic_classification_p_gt_n",1,4,0.529411764705882,0.529411764705882,"success",NA
"OPLS","synthetic_classification_p_gt_n",1,5,0.4375,0.4375,"success",NA
"OPLS","synthetic_classification_p_gt_n",2,1,0.619047619047619,0.619047619047619,"success",NA
"OPLS","synthetic_classification_p_gt_n",2,2,0.526315789473684,0.526315789473684,"success",NA
"OPLS","synthetic_classification_p_gt_n",2,3,0.705882352941177,0.705882352941177,"success",NA
"OPLS","synthetic_classification_p_gt_n",2,4,0.529411764705882,0.529411764705882,"success",NA
"OPLS","synthetic_classification_p_gt_n",2,5,0.5,0.5,"success",NA
"OPLS","synthetic_classification_p_gt_n",3,1,0.571428571428571,0.571428571428571,"success",NA
"OPLS","synthetic_classification_p_gt_n",3,2,0.526315789473684,0.526315789473684,"success",NA
"OPLS","synthetic_classification_p_gt_n",3,3,0.705882352941177,0.705882352941177,"success",NA
"OPLS","synthetic_classification_p_gt_n",3,4,0.588235294117647,0.588235294117647,"success",NA
"OPLS","synthetic_classification_p_gt_n",3,5,0.5,0.5,"success",NA
"OPLS","synthetic_classification_p_gt_n",4,1,0.619047619047619,0.619047619047619,"success",NA
"OPLS","synthetic_classification_p_gt_n",4,2,0.526315789473684,0.526315789473684,"success",NA
"OPLS","synthetic_classification_p_gt_n",4,3,0.705882352941177,0.705882352941177,"success",NA
"OPLS","synthetic_classification_p_gt_n",4,4,0.647058823529412,0.647058823529412,"success",NA
"OPLS","synthetic_classification_p_gt_n",4,5,0.5,0.5,"success",NA
"OPLS","synthetic_classification_p_gt_n",5,1,0.523809523809524,0.523809523809524,"success",NA
"OPLS","synthetic_classification_p_gt_n",5,2,0.526315789473684,0.526315789473684,"success",NA
"OPLS","synthetic_classification_p_gt_n",5,3,0.529411764705882,0.529411764705882,"success",NA
"OPLS","synthetic_classification_p_gt_n",5,4,0.529411764705882,0.529411764705882,"success",NA
"OPLS","synthetic_classification_p_gt_n",5,5,0.5625,0.5625,"success",NA
"kernelPLS_rbf","synthetic_classification_p_gt_n",1,1,0.476190476190476,0.476190476190476,"success",NA
"kernelPLS_rbf","synthetic_classification_p_gt_n",1,2,0.421052631578947,0.421052631578947,"success",NA
"kernelPLS_rbf","synthetic_classification_p_gt_n",1,3,0.470588235294118,0.470588235294118,"success",NA
"kernelPLS_rbf","synthetic_classification_p_gt_n",1,4,0.529411764705882,0.529411764705882,"success",NA
"kernelPLS_rbf","synthetic_classification_p_gt_n",1,5,0.4375,0.4375,"success",NA
"kernelPLS_rbf","synthetic_classification_p_gt_n",2,1,0.523809523809524,0.523809523809524,"success",NA
"kernelPLS_rbf","synthetic_classification_p_gt_n",2,2,0.578947368421053,0.578947368421053,"success",NA
"kernelPLS_rbf","synthetic_classification_p_gt_n",2,3,0.470588235294118,0.470588235294118,"success",NA
"kernelPLS_rbf","synthetic_classification_p_gt_n",2,4,0.647058823529412,0.647058823529412,"success",NA
"kernelPLS_rbf","synthetic_classification_p_gt_n",2,5,0.5,0.5,"success",NA
"kernelPLS_rbf","synthetic_classification_p_gt_n",3,1,0.666666666666667,0.666666666666667,"success",NA
"kernelPLS_rbf","synthetic_classification_p_gt_n",3,2,0.578947368421053,0.578947368421053,"success",NA
"kernelPLS_rbf","synthetic_classification_p_gt_n",3,3,0.588235294117647,0.588235294117647,"success",NA
"kernelPLS_rbf","synthetic_classification_p_gt_n",3,4,0.647058823529412,0.647058823529412,"success",NA
"kernelPLS_rbf","synthetic_classification_p_gt_n",3,5,0.5625,0.5625,"success",NA
"kernelPLS_rbf","synthetic_classification_p_gt_n",4,1,0.761904761904762,0.761904761904762,"success",NA
"kernelPLS_rbf","synthetic_classification_p_gt_n",4,2,0.736842105263158,0.736842105263158,"success",NA
"kernelPLS_rbf","synthetic_classification_p_gt_n",4,3,0.941176470588235,0.941176470588235,"success",NA
"kernelPLS_rbf","synthetic_classification_p_gt_n",4,4,0.647058823529412,0.647058823529412,"success",NA
"kernelPLS_rbf","synthetic_classification_p_gt_n",4,5,0.6875,0.6875,"success",NA
"kernelPLS_rbf","synthetic_classification_p_gt_n",5,1,0.761904761904762,0.761904761904762,"success",NA
"kernelPLS_rbf","synthetic_classification_p_gt_n",5,2,0.842105263157895,0.842105263157895,"success",NA
"kernelPLS_rbf","synthetic_classification_p_gt_n",5,3,0.764705882352941,0.764705882352941,"success",NA
"kernelPLS_rbf","synthetic_classification_p_gt_n",5,4,0.647058823529412,0.647058823529412,"success",NA
"kernelPLS_rbf","synthetic_classification_p_gt_n",5,5,0.6875,0.6875,"success",NA
"kernelPLS_poly","synthetic_classification_p_gt_n",1,1,0.476190476190476,0.476190476190476,"success",NA
"kernelPLS_poly","synthetic_classification_p_gt_n",1,2,0.473684210526316,0.473684210526316,"success",NA
"kernelPLS_poly","synthetic_classification_p_gt_n",1,3,0.470588235294118,0.470588235294118,"success",NA
"kernelPLS_poly","synthetic_classification_p_gt_n",1,4,0.529411764705882,0.529411764705882,"success",NA
"kernelPLS_poly","synthetic_classification_p_gt_n",1,5,0.4375,0.4375,"success",NA
"kernelPLS_poly","synthetic_classification_p_gt_n",2,1,0.619047619047619,0.619047619047619,"success",NA
"kernelPLS_poly","synthetic_classification_p_gt_n",2,2,0.578947368421053,0.578947368421053,"success",NA
"kernelPLS_poly","synthetic_classification_p_gt_n",2,3,0.588235294117647,0.588235294117647,"success",NA
"kernelPLS_poly","synthetic_classification_p_gt_n",2,4,0.529411764705882,0.529411764705882,"success",NA
"kernelPLS_poly","synthetic_classification_p_gt_n",2,5,0.4375,0.4375,"success",NA
"kernelPLS_poly","synthetic_classification_p_gt_n",3,1,0.714285714285714,0.714285714285714,"success",NA
"kernelPLS_poly","synthetic_classification_p_gt_n",3,2,0.578947368421053,0.578947368421053,"success",NA
"kernelPLS_poly","synthetic_classification_p_gt_n",3,3,0.588235294117647,0.588235294117647,"success",NA
"kernelPLS_poly","synthetic_classification_p_gt_n",3,4,0.647058823529412,0.647058823529412,"success",NA
"kernelPLS_poly","synthetic_classification_p_gt_n",3,5,0.5625,0.5625,"success",NA
"kernelPLS_poly","synthetic_classification_p_gt_n",4,1,0.714285714285714,0.714285714285714,"success",NA
"kernelPLS_poly","synthetic_classification_p_gt_n",4,2,0.68421052631579,0.68421052631579,"success",NA
"kernelPLS_poly","synthetic_classification_p_gt_n",4,3,0.764705882352941,0.764705882352941,"success",NA
"kernelPLS_poly","synthetic_classification_p_gt_n",4,4,0.764705882352941,0.764705882352941,"success",NA
"kernelPLS_poly","synthetic_classification_p_gt_n",4,5,0.5625,0.5625,"success",NA
"kernelPLS_poly","synthetic_classification_p_gt_n",5,1,0.619047619047619,0.619047619047619,"success",NA
"kernelPLS_poly","synthetic_classification_p_gt_n",5,2,0.789473684210526,0.789473684210526,"success",NA
"kernelPLS_poly","synthetic_classification_p_gt_n",5,3,0.823529411764706,0.823529411764706,"success",NA
"kernelPLS_poly","synthetic_classification_p_gt_n",5,4,0.588235294117647,0.588235294117647,"success",NA
"kernelPLS_poly","synthetic_classification_p_gt_n",5,5,0.75,0.75,"success",NA
"OPLS","gasoline_real_regression",1,1,0.919546341610624,0.919546341610622,"success",NA
"OPLS","gasoline_real_regression",1,2,0.886977921756076,0.886977921756075,"success",NA
"OPLS","gasoline_real_regression",1,3,0.353489485859811,0.353489485859808,"success",NA
"OPLS","gasoline_real_regression",1,4,0.552504046605709,0.552504046605709,"success",NA
"OPLS","gasoline_real_regression",1,5,0.570852535714801,0.570852535714807,"success",NA
"OPLS","gasoline_real_regression",2,1,0.336548096281338,0.336548096281339,"success",NA
"OPLS","gasoline_real_regression",2,2,0.332079199433411,0.332079199433418,"success",NA
"OPLS","gasoline_real_regression",2,3,0.19484134946184,0.19484134946184,"success",NA
"OPLS","gasoline_real_regression",2,4,0.363658335654976,0.363658335654974,"success",NA
"OPLS","gasoline_real_regression",2,5,0.237930382751536,0.237930382751532,"success",NA
"OPLS","gasoline_real_regression",3,1,0.215171636052144,0.215171636052177,"success",NA
"OPLS","gasoline_real_regression",3,2,0.22534342727224,0.225343427272057,"success",NA
"OPLS","gasoline_real_regression",3,3,0.184655577006101,0.184655577006082,"success",NA
"OPLS","gasoline_real_regression",3,4,0.239719099141181,0.239719099141199,"success",NA
"OPLS","gasoline_real_regression",3,5,0.32954420328466,0.329544203284626,"success",NA
"OPLS","gasoline_real_regression",4,1,0.165030629037343,0.165030629037498,"success",NA
"OPLS","gasoline_real_regression",4,2,0.276997419123919,0.276997419123304,"success",NA
"OPLS","gasoline_real_regression",4,3,0.163281820607894,0.163281820607857,"success",NA
"OPLS","gasoline_real_regression",4,4,0.226064275852637,0.226064275852659,"success",NA
"OPLS","gasoline_real_regression",4,5,0.286839773314199,0.286839773314687,"success",NA
"OPLS","gasoline_real_regression",5,1,0.158505499827324,0.158505499827035,"success",NA
"OPLS","gasoline_real_regression",5,2,0.250762938704346,0.250762938704963,"success",NA
"OPLS","gasoline_real_regression",5,3,0.206164272673128,0.206164272672599,"success",NA
"OPLS","gasoline_real_regression",5,4,0.19487448676252,0.194874486763275,"success",NA
"OPLS","gasoline_real_regression",5,5,0.24573297730038,0.245732977302353,"success",NA
"kernelPLS_rbf","gasoline_real_regression",1,1,1.39544612188483,1.39544612188483,"success",NA
"kernelPLS_rbf","gasoline_real_regression",1,2,1.2470028929274,1.2470028929274,"success",NA
"kernelPLS_rbf","gasoline_real_regression",1,3,1.92988273990241,1.92988273990241,"success",NA
"kernelPLS_rbf","gasoline_real_regression",1,4,0.894651744027211,0.894651744027211,"success",NA
"kernelPLS_rbf","gasoline_real_regression",1,5,1.18606038665728,1.18606038665729,"success",NA
"kernelPLS_rbf","gasoline_real_regression",2,1,1.08346221210955,1.08346221210955,"success",NA
"kernelPLS_rbf","gasoline_real_regression",2,2,1.30647933886313,1.30647933886312,"success",NA
"kernelPLS_rbf","gasoline_real_regression",2,3,1.50815023368321,1.50815023368321,"success",NA
"kernelPLS_rbf","gasoline_real_regression",2,4,1.05623998805171,1.05623998805172,"success",NA
"kernelPLS_rbf","gasoline_real_regression",2,5,1.03769221451995,1.03769221451996,"success",NA
"kernelPLS_rbf","gasoline_real_regression",3,1,0.825709196102004,0.825709196102005,"success",NA
"kernelPLS_rbf","gasoline_real_regression",3,2,0.708503062681102,0.708503062681091,"success",NA
"kernelPLS_rbf","gasoline_real_regression",3,3,1.50374481301806,1.50374481301806,"success",NA
"kernelPLS_rbf","gasoline_real_regression",3,4,0.535016594729642,0.535016594729641,"success",NA
"kernelPLS_rbf","gasoline_real_regression",3,5,0.837351061758337,0.837351061758345,"success",NA
"kernelPLS_rbf","gasoline_real_regression",4,1,0.577202960405152,0.57720296040515,"success",NA
"kernelPLS_rbf","gasoline_real_regression",4,2,0.781201677047511,0.781201677047509,"success",NA
"kernelPLS_rbf","gasoline_real_regression",4,3,1.18628904027993,1.18628904027993,"success",NA
"kernelPLS_rbf","gasoline_real_regression",4,4,0.54007224755986,0.54007224755986,"success",NA
"kernelPLS_rbf","gasoline_real_regression",4,5,0.674481968634122,0.674481968634126,"success",NA
"kernelPLS_rbf","gasoline_real_regression",5,1,0.533384982858902,0.533384982858902,"success",NA
"kernelPLS_rbf","gasoline_real_regression",5,2,0.60455053807818,0.604550538078171,"success",NA
"kernelPLS_rbf","gasoline_real_regression",5,3,1.07726873713971,1.07726873713971,"success",NA
"kernelPLS_rbf","gasoline_real_regression",5,4,0.490578439237332,0.490578439237325,"success",NA
"kernelPLS_rbf","gasoline_real_regression",5,5,0.552092326097047,0.55209232609705,"success",NA
"kernelPLS_poly","gasoline_real_regression",1,1,1.44096911923905,1.44096911923905,"success",NA
"kernelPLS_poly","gasoline_real_regression",1,2,1.78966019853521,1.78966019853521,"success",NA
"kernelPLS_poly","gasoline_real_regression",1,3,1.21569081735672,1.21569081735672,"success",NA
"kernelPLS_poly","gasoline_real_regression",1,4,1.30371944599209,1.30371944599209,"success",NA
"kernelPLS_poly","gasoline_real_regression",1,5,1.53652621631213,1.53652621631213,"success",NA
"kernelPLS_poly","gasoline_real_regression",2,1,1.13697312665694,1.13697312665694,"success",NA
"kernelPLS_poly","gasoline_real_regression",2,2,1.51729275247425,1.51729275247424,"success",NA
"kernelPLS_poly","gasoline_real_regression",2,3,1.26438372214134,1.26438372214134,"success",NA
"kernelPLS_poly","gasoline_real_regression",2,4,0.947663975528233,0.947663975528233,"success",NA
"kernelPLS_poly","gasoline_real_regression",2,5,1.2815958217214,1.2815958217214,"success",NA
"kernelPLS_poly","gasoline_real_regression",3,1,1.15355140352199,1.15355140352198,"success",NA
"kernelPLS_poly","gasoline_real_regression",3,2,1.63839454963263,1.6383945496326,"success",NA
"kernelPLS_poly","gasoline_real_regression",3,3,1.34267919790451,1.34267919790451,"success",NA
"kernelPLS_poly","gasoline_real_regression",3,4,0.801703157256636,0.801703157256638,"success",NA
"kernelPLS_poly","gasoline_real_regression",3,5,1.16332539152827,1.16332539152828,"success",NA
"kernelPLS_poly","gasoline_real_regression",4,1,1.10314976261028,1.10314976261028,"success",NA
"kernelPLS_poly","gasoline_real_regression",4,2,1.4319827536531,1.43198275365307,"success",NA
"kernelPLS_poly","gasoline_real_regression",4,3,0.619652439665886,0.619652439665897,"success",NA
"kernelPLS_poly","gasoline_real_regression",4,4,0.670270869714874,0.670270869714884,"success",NA
"kernelPLS_poly","gasoline_real_regression",4,5,1.29220793449133,1.29220793449134,"success",NA
"kernelPLS_poly","gasoline_real_regression",5,1,0.837003551696685,0.837003551696698,"success",NA
"kernelPLS_poly","gasoline_real_regression",5,2,1.51378253514936,1.5137825351492,"success",NA
"kernelPLS_poly","gasoline_real_regression",5,3,0.610538848473012,0.610538848473013,"success",NA
"kernelPLS_poly","gasoline_real_regression",5,4,0.64196107796942,0.641961077969476,"success",NA
"kernelPLS_poly","gasoline_real_regression",5,5,0.939152755492666,0.939152755492682,"success",NA
"OPLS","breast_real_classification",1,1,0.8,0.8,"success",NA
"OPLS","breast_real_classification",1,2,0.8,0.8,"success",NA
"OPLS","breast_real_classification",1,3,0.8,0.8,"success",NA
"OPLS","breast_real_classification",1,4,0.8,0.8,"success",NA
"OPLS","breast_real_classification",1,5,0.8,0.8,"success",NA
"OPLS","breast_real_classification",2,1,0.966666666666667,0.966666666666667,"success",NA
"OPLS","breast_real_classification",2,2,0.966666666666667,0.966666666666667,"success",NA
"OPLS","breast_real_classification",2,3,0.9,0.9,"success",NA
"OPLS","breast_real_classification",2,4,0.933333333333333,0.933333333333333,"success",NA
"OPLS","breast_real_classification",2,5,0.933333333333333,0.933333333333333,"success",NA
"OPLS","breast_real_classification",3,1,1,1,"success",NA
"OPLS","breast_real_classification",3,2,1,1,"success",NA
"OPLS","breast_real_classification",3,3,0.933333333333333,0.933333333333333,"success",NA
"OPLS","breast_real_classification",3,4,0.933333333333333,0.933333333333333,"success",NA
"OPLS","breast_real_classification",3,5,0.933333333333333,0.933333333333333,"success",NA
"kernelPLS_rbf","breast_real_classification",1,1,0.8,0.8,"success",NA
"kernelPLS_rbf","breast_real_classification",1,2,0.766666666666667,0.766666666666667,"success",NA
"kernelPLS_rbf","breast_real_classification",1,3,0.8,0.8,"success",NA
"kernelPLS_rbf","breast_real_classification",1,4,0.8,0.8,"success",NA
"kernelPLS_rbf","breast_real_classification",1,5,0.8,0.8,"success",NA
"kernelPLS_rbf","breast_real_classification",2,1,0.966666666666667,0.966666666666667,"success",NA
"kernelPLS_rbf","breast_real_classification",2,2,0.966666666666667,0.966666666666667,"success",NA
"kernelPLS_rbf","breast_real_classification",2,3,0.866666666666667,0.866666666666667,"success",NA
"kernelPLS_rbf","breast_real_classification",2,4,0.966666666666667,0.966666666666667,"success",NA
"kernelPLS_rbf","breast_real_classification",2,5,0.9,0.9,"success",NA
"kernelPLS_rbf","breast_real_classification",3,1,1,1,"success",NA
"kernelPLS_rbf","breast_real_classification",3,2,0.966666666666667,0.966666666666667,"success",NA
"kernelPLS_rbf","breast_real_classification",3,3,0.933333333333333,0.933333333333333,"success",NA
"kernelPLS_rbf","breast_real_classification",3,4,0.933333333333333,0.933333333333333,"success",NA
"kernelPLS_rbf","breast_real_classification",3,5,0.9,0.9,"success",NA
"kernelPLS_poly","breast_real_classification",1,1,0.8,0.8,"success",NA
"kernelPLS_poly","breast_real_classification",1,2,0.8,0.8,"success",NA
"kernelPLS_poly","breast_real_classification",1,3,0.8,0.8,"success",NA
"kernelPLS_poly","breast_real_classification",1,4,0.8,0.8,"success",NA
"kernelPLS_poly","breast_real_classification",1,5,0.8,0.8,"success",NA
"kernelPLS_poly","breast_real_classification",2,1,0.9,0.9,"success",NA
"kernelPLS_poly","breast_real_classification",2,2,0.966666666666667,0.966666666666667,"success",NA
"kernelPLS_poly","breast_real_classification",2,3,0.866666666666667,0.866666666666667,"success",NA
"kernelPLS_poly","breast_real_classification",2,4,0.866666666666667,0.866666666666667,"success",NA
"kernelPLS_poly","breast_real_classification",2,5,0.866666666666667,0.866666666666667,"success",NA
"kernelPLS_poly","breast_real_classification",3,1,0.966666666666667,0.966666666666667,"success",NA
"kernelPLS_poly","breast_real_classification",3,2,1,1,"success",NA
"kernelPLS_poly","breast_real_classification",3,3,0.966666666666667,0.966666666666667,"success",NA
"kernelPLS_poly","breast_real_classification",3,4,0.9,0.9,"success",NA
"kernelPLS_poly","breast_real_classification",3,5,0.9,0.9,"success",NA
