"dataset","method","classifier","backend","svd_method","outer_index","outer_seed","n_total","n_outer_train","n_outer_test","p","q","inner_kfold","component_grid","effective_component_grid","grid_min","grid_max","effective_grid_min","effective_grid_max","selected_ncomp","selected_lower_boundary","selected_upper_boundary","upper_grid_rank_constrained","metric_name","metric_value","accuracy","RMSD","Q2","selection_time_sec","final_fit_prediction_time_sec","total_time_sec","status","error"
"retina","kernelpls","argmax","cpu","rsvd",1,101,44808,35842,8966,50,12,5,"2;5;10;20;30;40;50","2;5;10;20;30;40;50",2,50,2,50,30,FALSE,FALSE,FALSE,"accuracy",0.969105509703324,0.969105509703324,NA,0.847003085564966,1.232,0.0550000000000068,1.28700000000001,"ok",NA
"retina","kernelpls","argmax","cpu","rsvd",2,211,44808,35842,8966,50,12,5,"2;5;10;20;30;40;50","2;5;10;20;30;40;50",2,50,2,50,50,FALSE,TRUE,FALSE,"accuracy",0.967655587776043,0.967655587776043,NA,0.84377250844367,1.23399999999999,0.0559999999999974,1.28999999999999,"ok",NA
"retina","kernelpls","argmax","cpu","rsvd",3,307,44808,35842,8966,50,12,5,"2;5;10;20;30;40;50","2;5;10;20;30;40;50",2,50,2,50,40,FALSE,FALSE,FALSE,"accuracy",0.970666964086549,0.970666964086549,NA,0.850688872608641,1.245,0.0550000000000068,1.30000000000001,"ok",NA
"retina","kernelpls","argmax","cpu","rsvd",4,401,44808,35842,8966,50,12,5,"2;5;10;20;30;40;50","2;5;10;20;30;40;50",2,50,2,50,40,FALSE,FALSE,FALSE,"accuracy",0.9685478474236,0.9685478474236,NA,0.847916197020458,1.232,0.0530000000000115,1.28500000000001,"ok",NA
"retina","kernelpls","argmax","cpu","rsvd",5,503,44808,35842,8966,50,12,5,"2;5;10;20;30;40;50","2;5;10;20;30;40;50",2,50,2,50,40,FALSE,FALSE,FALSE,"accuracy",0.964867276377426,0.964867276377426,NA,0.842062912330481,1.22799999999999,0.0559999999999974,1.28399999999999,"ok",NA
"retina","kernelpls","argmax","cpu","rsvd",6,601,44808,35842,8966,50,12,5,"2;5;10;20;30;40;50","2;5;10;20;30;40;50",2,50,2,50,30,FALSE,FALSE,FALSE,"accuracy",0.967544055320098,0.967544055320098,NA,0.846435781604413,1.242,0.054000000000002,1.29600000000001,"ok",NA
"retina","kernelpls","argmax","cpu","rsvd",7,701,44808,35842,8966,50,12,5,"2;5;10;20;30;40;50","2;5;10;20;30;40;50",2,50,2,50,20,FALSE,FALSE,FALSE,"accuracy",0.966986393040375,0.966986393040375,NA,0.84261751790757,1.28599999999999,0.054000000000002,1.33999999999999,"ok",NA
"retina","kernelpls","argmax","cpu","rsvd",8,809,44808,35842,8966,50,12,5,"2;5;10;20;30;40;50","2;5;10;20;30;40;50",2,50,2,50,20,FALSE,FALSE,FALSE,"accuracy",0.968101717599822,0.968101717599822,NA,0.847792057882245,1.24000000000001,0.0529999999999973,1.29300000000001,"ok",NA
"retina","kernelpls","argmax","cpu","rsvd",9,907,44808,35842,8966,50,12,5,"2;5;10;20;30;40;50","2;5;10;20;30;40;50",2,50,2,50,40,FALSE,FALSE,FALSE,"accuracy",0.968213250055766,0.968213250055766,NA,0.844161376273773,1.24000000000001,0.0550000000000068,1.29500000000002,"ok",NA
"retina","kernelpls","argmax","cpu","rsvd",10,1009,44808,35842,8966,50,12,5,"2;5;10;20;30;40;50","2;5;10;20;30;40;50",2,50,2,50,30,FALSE,FALSE,FALSE,"accuracy",0.967320990408209,0.967320990408209,NA,0.844295077935575,1.226,0.0530000000000115,1.27900000000001,"ok",NA
"retina","kernelpls","lda","cpu","rsvd",1,101,44808,35842,8966,50,12,5,"2;5;10;20;30;40;50","2;5;10;20;30;40;50",2,50,2,50,50,FALSE,TRUE,FALSE,"accuracy",0.968436314967656,0.968436314967656,NA,NA,1.46400000000001,0.134,1.59800000000001,"ok",NA
"retina","kernelpls","lda","cpu","rsvd",2,211,44808,35842,8966,50,12,5,"2;5;10;20;30;40;50","2;5;10;20;30;40;50",2,50,2,50,20,FALSE,FALSE,FALSE,"accuracy",0.968659379879545,0.968659379879545,NA,NA,1.449,0.070999999999998,1.52,"ok",NA
"retina","kernelpls","lda","cpu","rsvd",3,307,44808,35842,8966,50,12,5,"2;5;10;20;30;40;50","2;5;10;20;30;40;50",2,50,2,50,40,FALSE,FALSE,FALSE,"accuracy",0.971113093910328,0.971113093910328,NA,NA,1.504,0.105999999999995,1.61,"ok",NA
"retina","kernelpls","lda","cpu","rsvd",4,401,44808,35842,8966,50,12,5,"2;5;10;20;30;40;50","2;5;10;20;30;40;50",2,50,2,50,50,FALSE,TRUE,FALSE,"accuracy",0.969217042159268,0.969217042159268,NA,NA,1.44999999999999,0.132000000000005,1.58199999999999,"ok",NA
"retina","kernelpls","lda","cpu","rsvd",5,503,44808,35842,8966,50,12,5,"2;5;10;20;30;40;50","2;5;10;20;30;40;50",2,50,2,50,20,FALSE,FALSE,FALSE,"accuracy",0.96520187374526,0.96520187374526,NA,NA,1.45099999999999,0.0700000000000074,1.521,"ok",NA
"retina","kernelpls","lda","cpu","rsvd",6,601,44808,35842,8966,50,12,5,"2;5;10;20;30;40;50","2;5;10;20;30;40;50",2,50,2,50,30,FALSE,FALSE,FALSE,"accuracy",0.968659379879545,0.968659379879545,NA,NA,1.44200000000001,0.0869999999999891,1.529,"ok",NA
"retina","kernelpls","lda","cpu","rsvd",7,701,44808,35842,8966,50,12,5,"2;5;10;20;30;40;50","2;5;10;20;30;40;50",2,50,2,50,20,FALSE,FALSE,FALSE,"accuracy",0.9685478474236,0.9685478474236,NA,NA,1.5,0.0700000000000074,1.57000000000001,"ok",NA
"retina","kernelpls","lda","cpu","rsvd",8,809,44808,35842,8966,50,12,5,"2;5;10;20;30;40;50","2;5;10;20;30;40;50",2,50,2,50,20,FALSE,FALSE,FALSE,"accuracy",0.969663171983047,0.969663171983047,NA,NA,1.444,0.0700000000000074,1.51400000000001,"ok",NA
"retina","kernelpls","lda","cpu","rsvd",9,907,44808,35842,8966,50,12,5,"2;5;10;20;30;40;50","2;5;10;20;30;40;50",2,50,2,50,20,FALSE,FALSE,FALSE,"accuracy",0.969105509703324,0.969105509703324,NA,NA,1.44799999999999,0.070999999999998,1.51899999999999,"ok",NA
"retina","kernelpls","lda","cpu","rsvd",10,1009,44808,35842,8966,50,12,5,"2;5;10;20;30;40;50","2;5;10;20;30;40;50",2,50,2,50,30,FALSE,FALSE,FALSE,"accuracy",0.9685478474236,0.9685478474236,NA,NA,1.45700000000001,0.0859999999999843,1.54299999999999,"ok",NA
"retina","opls","argmax","cpu","rsvd",1,101,44808,35842,8966,50,12,5,"2;5;10;20;30;40;50","2;5;10;20;30;40;50",2,50,2,50,30,FALSE,FALSE,FALSE,"accuracy",0.951706446575954,0.951706446575954,NA,0.756278843707199,1.41,0.090999999999994,1.501,"ok",NA
"retina","opls","argmax","cpu","rsvd",2,211,44808,35842,8966,50,12,5,"2;5;10;20;30;40;50","2;5;10;20;30;40;50",2,50,2,50,30,FALSE,FALSE,FALSE,"accuracy",0.9528217711354,0.9528217711354,NA,0.763488600286767,1.387,0.088000000000001,1.475,"ok",NA
"retina","opls","argmax","cpu","rsvd",3,307,44808,35842,8966,50,12,5,"2;5;10;20;30;40;50","2;5;10;20;30;40;50",2,50,2,50,40,FALSE,FALSE,FALSE,"accuracy",0.953156368503234,0.953156368503234,NA,0.763343195319766,1.4,0.0919999999999987,1.492,"ok",NA
"retina","opls","argmax","cpu","rsvd",4,401,44808,35842,8966,50,12,5,"2;5;10;20;30;40;50","2;5;10;20;30;40;50",2,50,2,50,30,FALSE,FALSE,FALSE,"accuracy",0.953156368503234,0.953156368503234,NA,0.769194815511649,1.37700000000001,0.0900000000000034,1.46700000000001,"ok",NA
"retina","opls","argmax","cpu","rsvd",5,503,44808,35842,8966,50,12,5,"2;5;10;20;30;40;50","2;5;10;20;30;40;50",2,50,2,50,30,FALSE,FALSE,FALSE,"accuracy",0.946464421146554,0.946464421146554,NA,0.759678245966561,1.40300000000001,0.0870000000000033,1.49000000000001,"ok",NA
"retina","opls","argmax","cpu","rsvd",6,601,44808,35842,8966,50,12,5,"2;5;10;20;30;40;50","2;5;10;20;30;40;50",2,50,2,50,30,FALSE,FALSE,FALSE,"accuracy",0.949698862368949,0.949698862368949,NA,0.75538664015654,1.367,0.0859999999999985,1.453,"ok",NA
"retina","opls","argmax","cpu","rsvd",7,701,44808,35842,8966,50,12,5,"2;5;10;20;30;40;50","2;5;10;20;30;40;50",2,50,2,50,30,FALSE,FALSE,FALSE,"accuracy",0.95114878429623,0.95114878429623,NA,0.757763226459811,1.374,0.0879999999999939,1.46199999999999,"ok",NA
"retina","opls","argmax","cpu","rsvd",8,809,44808,35842,8966,50,12,5,"2;5;10;20;30;40;50","2;5;10;20;30;40;50",2,50,2,50,40,FALSE,FALSE,FALSE,"accuracy",0.952710238679456,0.952710238679456,NA,0.761482270830605,1.42400000000001,0.0889999999999986,1.51300000000001,"ok",NA
"retina","opls","argmax","cpu","rsvd",9,907,44808,35842,8966,50,12,5,"2;5;10;20;30;40;50","2;5;10;20;30;40;50",2,50,2,50,30,FALSE,FALSE,FALSE,"accuracy",0.952375641311622,0.952375641311622,NA,0.764636892420673,1.37,0.0879999999999939,1.458,"ok",NA
"retina","opls","argmax","cpu","rsvd",10,1009,44808,35842,8966,50,12,5,"2;5;10;20;30;40;50","2;5;10;20;30;40;50",2,50,2,50,40,FALSE,FALSE,FALSE,"accuracy",0.949698862368949,0.949698862368949,NA,0.760556470418911,1.37400000000001,0.0900000000000034,1.46400000000001,"ok",NA
"retina","opls","lda","cpu","rsvd",1,101,44808,35842,8966,50,12,5,"2;5;10;20;30;40;50","2;5;10;20;30;40;50",2,50,2,50,40,FALSE,FALSE,FALSE,"accuracy",0.96687486058443,0.96687486058443,NA,NA,1.60300000000001,0.146000000000001,1.74900000000001,"ok",NA
"retina","opls","lda","cpu","rsvd",2,211,44808,35842,8966,50,12,5,"2;5;10;20;30;40;50","2;5;10;20;30;40;50",2,50,2,50,30,FALSE,FALSE,FALSE,"accuracy",0.967878652687932,0.967878652687932,NA,NA,1.589,0.120999999999995,1.70999999999999,"ok",NA
"retina","opls","lda","cpu","rsvd",3,307,44808,35842,8966,50,12,5,"2;5;10;20;30;40;50","2;5;10;20;30;40;50",2,50,2,50,30,FALSE,FALSE,FALSE,"accuracy",0.969105509703324,0.969105509703324,NA,NA,1.58900000000001,0.119,1.70800000000001,"ok",NA
"retina","opls","lda","cpu","rsvd",4,401,44808,35842,8966,50,12,5,"2;5;10;20;30;40;50","2;5;10;20;30;40;50",2,50,2,50,20,FALSE,FALSE,FALSE,"accuracy",0.96709792549632,0.96709792549632,NA,NA,1.58799999999999,0.106000000000009,1.694,"ok",NA
"retina","opls","lda","cpu","rsvd",5,503,44808,35842,8966,50,12,5,"2;5;10;20;30;40;50","2;5;10;20;30;40;50",2,50,2,50,40,FALSE,FALSE,FALSE,"accuracy",0.96352888690609,0.96352888690609,NA,NA,1.59999999999999,0.140000000000001,1.74,"ok",NA
"retina","opls","lda","cpu","rsvd",6,601,44808,35842,8966,50,12,5,"2;5;10;20;30;40;50","2;5;10;20;30;40;50",2,50,2,50,30,FALSE,FALSE,FALSE,"accuracy",0.967320990408209,0.967320990408209,NA,NA,1.59700000000001,0.120999999999995,1.718,"ok",NA
"retina","opls","lda","cpu","rsvd",7,701,44808,35842,8966,50,12,5,"2;5;10;20;30;40;50","2;5;10;20;30;40;50",2,50,2,50,30,FALSE,FALSE,FALSE,"accuracy",0.966205665848762,0.966205665848762,NA,NA,1.593,0.118000000000009,1.71100000000001,"ok",NA
"retina","opls","lda","cpu","rsvd",8,809,44808,35842,8966,50,12,5,"2;5;10;20;30;40;50","2;5;10;20;30;40;50",2,50,2,50,20,FALSE,FALSE,FALSE,"accuracy",0.967320990408209,0.967320990408209,NA,NA,1.66199999999999,0.105999999999995,1.76799999999999,"ok",NA
"retina","opls","lda","cpu","rsvd",9,907,44808,35842,8966,50,12,5,"2;5;10;20;30;40;50","2;5;10;20;30;40;50",2,50,2,50,30,FALSE,FALSE,FALSE,"accuracy",0.9685478474236,0.9685478474236,NA,NA,1.58199999999999,0.11999999999999,1.70199999999998,"ok",NA
"retina","opls","lda","cpu","rsvd",10,1009,44808,35842,8966,50,12,5,"2;5;10;20;30;40;50","2;5;10;20;30;40;50",2,50,2,50,30,FALSE,FALSE,FALSE,"accuracy",0.96687486058443,0.96687486058443,NA,NA,1.59599999999999,0.119,1.71499999999999,"ok",NA
"retina","plssvd","argmax","cpu","rsvd",1,101,44808,35842,8966,50,12,5,"2;5;10;11","2;5;10;11",2,11,2,11,11,FALSE,TRUE,TRUE,"accuracy",0.927392371180013,0.927392371180013,NA,0.747513626658113,1.18,0.0469999999999997,1.227,"ok",NA
"retina","plssvd","argmax","cpu","rsvd",2,211,44808,35842,8966,50,12,5,"2;5;10;11","2;5;10;11",2,11,2,11,11,FALSE,TRUE,TRUE,"accuracy",0.924492527325452,0.924492527325452,NA,0.73798043971971,1.094,0.0459999999999998,1.14,"ok",NA
"retina","plssvd","argmax","cpu","rsvd",3,307,44808,35842,8966,50,12,5,"2;5;10;11","2;5;10;11",2,11,2,11,11,FALSE,TRUE,TRUE,"accuracy",0.930738344858354,0.930738344858354,NA,0.746838620593174,1.095,0.0449999999999999,1.14,"ok",NA
"retina","plssvd","argmax","cpu","rsvd",4,401,44808,35842,8966,50,12,5,"2;5;10;11","2;5;10;11",2,11,2,11,11,FALSE,TRUE,TRUE,"accuracy",0.927280838724069,0.927280838724069,NA,0.744341399045581,1.09,0.0460000000000003,1.136,"ok",NA
"retina","plssvd","argmax","cpu","rsvd",5,503,44808,35842,8966,50,12,5,"2;5;10;11","2;5;10;11",2,11,2,11,11,FALSE,TRUE,TRUE,"accuracy",0.924269462413562,0.924269462413562,NA,0.741185072331643,1.104,0.0459999999999994,1.15,"ok",NA
"retina","plssvd","argmax","cpu","rsvd",6,601,44808,35842,8966,50,12,5,"2;5;10;11","2;5;10;11",2,11,2,11,11,FALSE,TRUE,TRUE,"accuracy",0.922819540486281,0.922819540486281,NA,0.739208326682423,1.104,0.0500000000000007,1.154,"ok",NA
"retina","plssvd","argmax","cpu","rsvd",7,701,44808,35842,8966,50,12,5,"2;5;10;11","2;5;10;11",2,11,2,11,11,FALSE,TRUE,TRUE,"accuracy",0.926053981708677,0.926053981708677,NA,0.743196351648649,1.105,0.0459999999999994,1.151,"ok",NA
"retina","plssvd","argmax","cpu","rsvd",8,809,44808,35842,8966,50,12,5,"2;5;10;11","2;5;10;11",2,11,2,11,11,FALSE,TRUE,TRUE,"accuracy",0.927615436091903,0.927615436091903,NA,0.745653952677942,1.136,0.0460000000000012,1.182,"ok",NA
"retina","plssvd","argmax","cpu","rsvd",9,907,44808,35842,8966,50,12,5,"2;5;10;11","2;5;10;11",2,11,2,11,11,FALSE,TRUE,TRUE,"accuracy",0.926388579076511,0.926388579076511,NA,0.738783280181579,1.084,0.048,1.132,"ok",NA
"retina","plssvd","argmax","cpu","rsvd",10,1009,44808,35842,8966,50,12,5,"2;5;10;11","2;5;10;11",2,11,2,11,11,FALSE,TRUE,TRUE,"accuracy",0.925607851884898,0.925607851884898,NA,0.742463610799127,1.093,0.0459999999999994,1.139,"ok",NA
"retina","plssvd","lda","cpu","rsvd",1,101,44808,35842,8966,50,12,5,"2;5;10;11","2;5;10;11",2,11,2,11,11,FALSE,TRUE,TRUE,"accuracy",0.948695070265447,0.948695070265447,NA,NA,1.045,0.0540000000000003,1.099,"ok",NA
"retina","plssvd","lda","cpu","rsvd",2,211,44808,35842,8966,50,12,5,"2;5;10;11","2;5;10;11",2,11,2,11,11,FALSE,TRUE,TRUE,"accuracy",0.946464421146554,0.946464421146554,NA,NA,1.071,0.0549999999999997,1.126,"ok",NA
"retina","plssvd","lda","cpu","rsvd",3,307,44808,35842,8966,50,12,5,"2;5;10;11","2;5;10;11",2,11,2,11,11,FALSE,TRUE,TRUE,"accuracy",0.950033459736783,0.950033459736783,NA,NA,1.038,0.0530000000000008,1.091,"ok",NA
"retina","plssvd","lda","cpu","rsvd",4,401,44808,35842,8966,50,12,5,"2;5;10;11","2;5;10;11",2,11,2,11,11,FALSE,TRUE,TRUE,"accuracy",0.947579745706,0.947579745706,NA,NA,1.042,0.0519999999999996,1.094,"ok",NA
"retina","plssvd","lda","cpu","rsvd",5,503,44808,35842,8966,50,12,5,"2;5;10;11","2;5;10;11",2,11,2,11,11,FALSE,TRUE,TRUE,"accuracy",0.944122239571715,0.944122239571715,NA,NA,1.046,0.0539999999999985,1.1,"ok",NA
"retina","plssvd","lda","cpu","rsvd",6,601,44808,35842,8966,50,12,5,"2;5;10;11","2;5;10;11",2,11,2,11,11,FALSE,TRUE,TRUE,"accuracy",0.945683693954941,0.945683693954941,NA,NA,1.084,0.0539999999999985,1.138,"ok",NA
"retina","plssvd","lda","cpu","rsvd",7,701,44808,35842,8966,50,12,5,"2;5;10;11","2;5;10;11",2,11,2,11,11,FALSE,TRUE,TRUE,"accuracy",0.948695070265447,0.948695070265447,NA,NA,1.08,0.0530000000000008,1.133,"ok",NA
"retina","plssvd","lda","cpu","rsvd",8,809,44808,35842,8966,50,12,5,"2;5;10;11","2;5;10;11",2,11,2,11,11,FALSE,TRUE,TRUE,"accuracy",0.950256524648673,0.950256524648673,NA,NA,1.074,0.0530000000000008,1.127,"ok",NA
"retina","plssvd","lda","cpu","rsvd",9,907,44808,35842,8966,50,12,5,"2;5;10;11","2;5;10;11",2,11,2,11,11,FALSE,TRUE,TRUE,"accuracy",0.947691278161945,0.947691278161945,NA,NA,1.055,0.0520000000000032,1.107,"ok",NA
"retina","plssvd","lda","cpu","rsvd",10,1009,44808,35842,8966,50,12,5,"2;5;10;11","2;5;10;11",2,11,2,11,11,FALSE,TRUE,TRUE,"accuracy",0.945349096587107,0.945349096587107,NA,NA,1.054,0.0530000000000008,1.107,"ok",NA
"retina","simpls","argmax","cpu","rsvd",1,101,44808,35842,8966,50,12,5,"2;5;10;20;30;40;50","2;5;10;20;30;40;50",2,50,2,50,30,FALSE,FALSE,FALSE,"accuracy",0.969105509703324,0.969105509703324,NA,0.847003085564966,1.237,0.0519999999999996,1.289,"ok",NA
"retina","simpls","argmax","cpu","rsvd",2,211,44808,35842,8966,50,12,5,"2;5;10;20;30;40;50","2;5;10;20;30;40;50",2,50,2,50,50,FALSE,TRUE,FALSE,"accuracy",0.967655587776043,0.967655587776043,NA,0.84377250844367,1.297,0.0539999999999985,1.351,"ok",NA
"retina","simpls","argmax","cpu","rsvd",3,307,44808,35842,8966,50,12,5,"2;5;10;20;30;40;50","2;5;10;20;30;40;50",2,50,2,50,40,FALSE,FALSE,FALSE,"accuracy",0.970666964086549,0.970666964086549,NA,0.850688872608641,1.219,0.0529999999999973,1.27199999999999,"ok",NA
"retina","simpls","argmax","cpu","rsvd",4,401,44808,35842,8966,50,12,5,"2;5;10;20;30;40;50","2;5;10;20;30;40;50",2,50,2,50,40,FALSE,FALSE,FALSE,"accuracy",0.9685478474236,0.9685478474236,NA,0.847916197020458,1.225,0.054000000000002,1.279,"ok",NA
"retina","simpls","argmax","cpu","rsvd",5,503,44808,35842,8966,50,12,5,"2;5;10;20;30;40;50","2;5;10;20;30;40;50",2,50,2,50,40,FALSE,FALSE,FALSE,"accuracy",0.964867276377426,0.964867276377426,NA,0.842062912330481,1.217,0.0530000000000044,1.27,"ok",NA
"retina","simpls","argmax","cpu","rsvd",6,601,44808,35842,8966,50,12,5,"2;5;10;20;30;40;50","2;5;10;20;30;40;50",2,50,2,50,30,FALSE,FALSE,FALSE,"accuracy",0.967544055320098,0.967544055320098,NA,0.846435781604413,1.211,0.0529999999999973,1.264,"ok",NA
"retina","simpls","argmax","cpu","rsvd",7,701,44808,35842,8966,50,12,5,"2;5;10;20;30;40;50","2;5;10;20;30;40;50",2,50,2,50,20,FALSE,FALSE,FALSE,"accuracy",0.966986393040375,0.966986393040375,NA,0.84261751790757,1.226,0.0519999999999996,1.278,"ok",NA
"retina","simpls","argmax","cpu","rsvd",8,809,44808,35842,8966,50,12,5,"2;5;10;20;30;40;50","2;5;10;20;30;40;50",2,50,2,50,20,FALSE,FALSE,FALSE,"accuracy",0.968101717599822,0.968101717599822,NA,0.847792057882245,1.241,0.0530000000000044,1.294,"ok",NA
"retina","simpls","argmax","cpu","rsvd",9,907,44808,35842,8966,50,12,5,"2;5;10;20;30;40;50","2;5;10;20;30;40;50",2,50,2,50,40,FALSE,FALSE,FALSE,"accuracy",0.968213250055766,0.968213250055766,NA,0.844161376273773,1.21899999999999,0.0550000000000068,1.274,"ok",NA
"retina","simpls","argmax","cpu","rsvd",10,1009,44808,35842,8966,50,12,5,"2;5;10;20;30;40;50","2;5;10;20;30;40;50",2,50,2,50,30,FALSE,FALSE,FALSE,"accuracy",0.967320990408209,0.967320990408209,NA,0.844295077935575,1.274,0.0529999999999973,1.327,"ok",NA
"retina","simpls","lda","cpu","rsvd",1,101,44808,35842,8966,50,12,5,"2;5;10;20;30;40;50","2;5;10;20;30;40;50",2,50,2,50,50,FALSE,TRUE,FALSE,"accuracy",0.968436314967656,0.968436314967656,NA,NA,1.456,0.128,1.584,"ok",NA
"retina","simpls","lda","cpu","rsvd",2,211,44808,35842,8966,50,12,5,"2;5;10;20;30;40;50","2;5;10;20;30;40;50",2,50,2,50,20,FALSE,FALSE,FALSE,"accuracy",0.968659379879545,0.968659379879545,NA,NA,1.434,0.070999999999998,1.505,"ok",NA
"retina","simpls","lda","cpu","rsvd",3,307,44808,35842,8966,50,12,5,"2;5;10;20;30;40;50","2;5;10;20;30;40;50",2,50,2,50,40,FALSE,FALSE,FALSE,"accuracy",0.971113093910328,0.971113093910328,NA,NA,1.475,0.103999999999999,1.579,"ok",NA
"retina","simpls","lda","cpu","rsvd",4,401,44808,35842,8966,50,12,5,"2;5;10;20;30;40;50","2;5;10;20;30;40;50",2,50,2,50,50,FALSE,TRUE,FALSE,"accuracy",0.969217042159268,0.969217042159268,NA,NA,1.44,0.131,1.571,"ok",NA
"retina","simpls","lda","cpu","rsvd",5,503,44808,35842,8966,50,12,5,"2;5;10;20;30;40;50","2;5;10;20;30;40;50",2,50,2,50,20,FALSE,FALSE,FALSE,"accuracy",0.96520187374526,0.96520187374526,NA,NA,1.445,0.0679999999999978,1.513,"ok",NA
"retina","simpls","lda","cpu","rsvd",6,601,44808,35842,8966,50,12,5,"2;5;10;20;30;40;50","2;5;10;20;30;40;50",2,50,2,50,30,FALSE,FALSE,FALSE,"accuracy",0.968659379879545,0.968659379879545,NA,NA,1.444,0.0850000000000009,1.529,"ok",NA
"retina","simpls","lda","cpu","rsvd",7,701,44808,35842,8966,50,12,5,"2;5;10;20;30;40;50","2;5;10;20;30;40;50",2,50,2,50,20,FALSE,FALSE,FALSE,"accuracy",0.9685478474236,0.9685478474236,NA,NA,1.471,0.0679999999999978,1.539,"ok",NA
"retina","simpls","lda","cpu","rsvd",8,809,44808,35842,8966,50,12,5,"2;5;10;20;30;40;50","2;5;10;20;30;40;50",2,50,2,50,20,FALSE,FALSE,FALSE,"accuracy",0.969663171983047,0.969663171983047,NA,NA,1.441,0.0689999999999955,1.51,"ok",NA
"retina","simpls","lda","cpu","rsvd",9,907,44808,35842,8966,50,12,5,"2;5;10;20;30;40;50","2;5;10;20;30;40;50",2,50,2,50,20,FALSE,FALSE,FALSE,"accuracy",0.969105509703324,0.969105509703324,NA,NA,1.457,0.0670000000000002,1.524,"ok",NA
"retina","simpls","lda","cpu","rsvd",10,1009,44808,35842,8966,50,12,5,"2;5;10;20;30;40;50","2;5;10;20;30;40;50",2,50,2,50,30,FALSE,FALSE,FALSE,"accuracy",0.9685478474236,0.9685478474236,NA,NA,1.441,0.0830000000000055,1.52400000000001,"ok",NA
