"scenario_id","design_partition","factor_name","factor_value","task_type","route","backend","svd_method","xprod_requested","xprod_used","requested_oversample","requested_power","rsvd_control_profile","direction_rule","directions_per_solve","candidate_block_refresh","fresh_start","refresh_width","refresh_iterations","effective_oversample","effective_power","n_train","n_test","p","q","class_count","latent_rank","max_ncomp","requested_prefixes","crosscov_mb","median_fit_sec","iqr_fit_sec","median_prediction_sec","iqr_prediction_sec","median_total_sec","iqr_total_sec","median_incremental_rss_mb","median_process_peak_rss_mb","median_gpu_process_peak_mb","median_model_size_mb","median_prediction_relative_error","min_prediction_correlation","min_label_agreement","median_metric_absolute_difference","numerical_failures","completed_runs"
"35_class_count_5","one_factor","class_count",5,"classification","cpu_irlba_explicit","cpu","irlba","explicit","FALSE",32,5,NA,"fresh_per_component",1,"FALSE","TRUE",NA,NA,NA,NA,2000,400,400,5,5,20,4,1,0.0152587890625,0.01,0.000499999999999999,0.002,0,0.012,5e-04,6.78100000000001,232.156,NA,0.0528106689453125,0,1,1,0,0,3
"35_class_count_5","one_factor","class_count",5,"classification","cpu_rsvd_auto","cpu","rsvd","auto","FALSE",NA,NA,"ordinary_fast","fresh_oversampled_sketch_per_component",1,"FALSE","TRUE",NA,NA,32,5,2000,400,400,5,5,20,4,1,0.0152587890625,0.011,5e-04,0.002,0,0.013,0.000499999999999999,6.70287500000001,227.031,NA,0.0578994750976562,NA,NA,1,0,0,3
"35_class_count_5","one_factor","class_count",5,"classification","metal_rsvd_auto","metal","rsvd","auto","FALSE",NA,NA,"ordinary_fast","fresh_oversampled_sketch_per_component",1,"FALSE","TRUE",NA,NA,32,5,2000,400,400,5,5,20,4,1,0.0152587890625,0.0589999999999999,0.00850000000000006,0.005,5e-04,0.064,0.00800000000000005,21.17225,248.141,NA,0.12506103515625,NA,NA,1,0,0,3
"36_class_count_10","one_factor","class_count",10,"classification","cpu_irlba_explicit","cpu","irlba","explicit","FALSE",32,5,NA,"fresh_per_component",1,"FALSE","TRUE",NA,NA,NA,NA,2000,400,400,10,10,20,4,1,0.030517578125,0.012,5e-04,0.002,5e-04,0.013,5e-04,6.90649999999999,236.969,NA,0.0701751708984375,0,1,1,0,0,3
"36_class_count_10","one_factor","class_count",10,"classification","cpu_rsvd_auto","cpu","rsvd","auto","FALSE",NA,NA,"ordinary_fast","fresh_oversampled_sketch_per_component",1,"FALSE","TRUE",NA,NA,32,5,2000,400,400,10,10,20,4,1,0.030517578125,0.015,5e-04,0.002,5e-04,0.016,5e-04,12.875,240.25,NA,0.0752639770507812,NA,NA,1,0,0,3
"36_class_count_10","one_factor","class_count",10,"classification","metal_rsvd_auto","metal","rsvd","auto","FALSE",NA,NA,"ordinary_fast","fresh_oversampled_sketch_per_component",1,"FALSE","TRUE",NA,NA,32,5,2000,400,400,10,10,20,4,1,0.030517578125,0.0579999999999999,0.0025,0.006,0.001,0.063,0.00200000000000005,18.531125,243.719,NA,0.141044616699219,NA,NA,1,0,0,3
"37_class_count_25","one_factor","class_count",25,"classification","cpu_irlba_explicit","cpu","irlba","explicit","FALSE",32,5,NA,"fresh_per_component",1,"FALSE","TRUE",NA,NA,NA,NA,2000,400,400,25,25,20,4,1,0.0762939453125,0.016,5e-04,0.003,5e-04,0.019,0.001,13.328375,237.344,NA,0.122245788574219,0,1,1,0,0,3
"37_class_count_25","one_factor","class_count",25,"classification","cpu_rsvd_auto","cpu","rsvd","auto","FALSE",NA,NA,"ordinary_fast","fresh_oversampled_sketch_per_component",1,"FALSE","TRUE",NA,NA,32,5,2000,400,400,25,25,20,4,1,0.0762939453125,0.03,0.001,0.002,5e-04,0.032,5e-04,6.890625,234.375,NA,0.127334594726562,NA,NA,1,0,0,3
"37_class_count_25","one_factor","class_count",25,"classification","metal_rsvd_auto","metal","rsvd","auto","FALSE",NA,NA,"ordinary_fast","fresh_oversampled_sketch_per_component",1,"FALSE","TRUE",NA,NA,32,5,2000,400,400,25,25,20,4,1,0.0762939453125,0.065,0.0035,0.004,5e-04,0.069,0.003,20.984625,247.594,NA,0.188674926757812,NA,NA,1,0,0,3
"38_class_count_50","one_factor","class_count",50,"classification","cpu_irlba_explicit","cpu","irlba","explicit","FALSE",32,5,NA,"fresh_per_component",1,"FALSE","TRUE",NA,NA,NA,NA,2000,400,400,50,50,20,4,1,0.152587890625,0.025,0.001,0.004,0,0.029,0.000999999999999997,13.031625,238.891,NA,0.213386535644531,0,1,1,0,0,3
"38_class_count_50","one_factor","class_count",50,"classification","cpu_rsvd_auto","cpu","rsvd","auto","FALSE",NA,NA,"ordinary_fast","fresh_oversampled_sketch_per_component",1,"FALSE","TRUE",NA,NA,32,5,2000,400,400,50,50,20,4,1,0.152587890625,0.0559999999999999,5e-04,0.004,5e-04,0.059,0.000500000000000049,13.06225,238.766,NA,0.218475341796875,NA,NA,1,0,0,3
"38_class_count_50","one_factor","class_count",50,"classification","metal_rsvd_auto","metal","rsvd","auto","FALSE",NA,NA,"ordinary_fast","fresh_oversampled_sketch_per_component",1,"FALSE","TRUE",NA,NA,32,5,2000,400,400,50,50,20,4,1,0.152587890625,0.0660000000000001,0.00549999999999999,0.00700000000000001,0.00150000000000001,0.0750000000000001,0.00499999999999999,17.95325,247.547,NA,0.268211364746094,NA,NA,1,0,0,3
"39_class_count_100","one_factor","class_count",100,"classification","cpu_irlba_explicit","cpu","irlba","explicit","FALSE",32,5,NA,"fresh_per_component",1,"FALSE","TRUE",NA,NA,NA,NA,2000,400,400,100,100,20,4,1,0.30517578125,0.039,0.001,0.00700000000000001,0.000500000000000005,0.046,0.0015,13.062875,244.891,NA,0.4100341796875,0,1,1,0,0,3
"39_class_count_100","one_factor","class_count",100,"classification","cpu_rsvd_auto","cpu","rsvd","auto","FALSE",NA,NA,"sparse_high_class_stable","fresh_oversampled_sketch_per_component",1,"FALSE","TRUE",NA,NA,64,7,2000,400,400,100,100,20,4,1,0.30517578125,0.21,0.0015,0.006,0.000500000000000005,0.216,0.002,7.01575,236.281,NA,0.415138244628906,NA,NA,1,0,0,3
"39_class_count_100","one_factor","class_count",100,"classification","metal_rsvd_auto","metal","rsvd","auto","FALSE",NA,NA,"sparse_high_class_stable","fresh_oversampled_sketch_per_component",1,"FALSE","TRUE",NA,NA,64,7,2000,400,400,100,100,20,4,1,0.30517578125,0.094,0.00750000000000001,0.00700000000000001,0.00350000000000006,0.101,0.0110000000000001,20.1875,252.375,NA,0.427299499511719,NA,NA,1,0,0,3
"40_class_count_200","one_factor","class_count",200,"classification","cpu_irlba_explicit","cpu","irlba","explicit","FALSE",32,5,NA,"fresh_per_component",1,"FALSE","TRUE",NA,NA,NA,NA,4000,800,400,200,200,20,4,1,0.6103515625,0.129,0.0035,0.021,5e-04,0.15,0.003,31.234,288.359,NA,0.860549926757812,0,1,1,0,0,3
"40_class_count_200","one_factor","class_count",200,"classification","cpu_rsvd_auto","cpu","rsvd","auto","FALSE",NA,NA,"sparse_high_class_stable","fresh_oversampled_sketch_per_component",1,"FALSE","TRUE",NA,NA,64,7,4000,800,400,200,200,20,4,1,0.6103515625,0.405,0.002,0.0210000000000001,0.000499999999999948,0.427,0.002,19.390875,279.969,NA,0.865653991699219,NA,NA,1,0,0,3
"40_class_count_200","one_factor","class_count",200,"classification","metal_rsvd_auto","metal","rsvd","auto","FALSE",NA,NA,"sparse_high_class_stable","fresh_oversampled_sketch_per_component",1,"FALSE","TRUE",NA,NA,64,7,4000,800,400,200,200,20,4,1,0.6103515625,0.257,0.006,0.01,0.0010000000000001,0.266,0.00650000000000001,43.843375,301.984,NA,0.806480407714844,NA,NA,1,0,0,3
"41_crosscov_mb_2_0","one_factor","crosscov_mb",1.9989013671875,"regression","cpu_irlba_explicit","cpu","irlba","explicit","FALSE",32,5,NA,"fresh_per_component",1,"FALSE","TRUE",NA,NA,NA,NA,1500,300,1000,262,NA,20,10,1,1.9989013671875,0.234,0.0225,0.026,0.00550000000000005,0.26,0.028,23.906125,264.719,NA,2.12502288818359,0,1,NA,0,0,3
"41_crosscov_mb_2_0","one_factor","crosscov_mb",1.9989013671875,"regression","cpu_rsvd_auto","cpu","rsvd","auto","FALSE",NA,NA,"ordinary_fast","fresh_oversampled_sketch_per_component",1,"FALSE","TRUE",NA,NA,32,5,1500,300,1000,262,NA,20,10,1,1.9989013671875,0.92,0.0149999999999999,0.0250000000000001,0.001,0.944,0.0155,21.499625,262.859,NA,2.13011169433594,5.10348347011139e-06,0.99999999998698,NA,9.23755238968482e-09,0,3
"41_crosscov_mb_2_0","one_factor","crosscov_mb",1.9989013671875,"regression","cpu_rsvd_explicit","cpu","rsvd","explicit","FALSE",32,5,"explicit","fresh_oversampled_sketch_per_component",1,"FALSE","TRUE",NA,NA,32,5,1500,300,1000,262,NA,20,10,1,1.9989013671875,0.919,0.00299999999999989,0.0249999999999999,0.000999999999999997,0.943,0.00349999999999995,19.265875,266.094,NA,2.13011169433594,5.10348347011139e-06,0.99999999998698,NA,9.23755238968482e-09,0,3
"41_crosscov_mb_2_0","one_factor","crosscov_mb",1.9989013671875,"regression","cpu_rsvd_implicit","cpu","rsvd","implicit","TRUE",32,5,"explicit","fresh_oversampled_sketch_per_component",1,"FALSE","TRUE",NA,NA,32,5,1500,300,1000,262,NA,20,10,1,1.9989013671875,5.165,0.0884999999999998,0.0250000000000004,0.0010000000000003,5.192,0.0884999999999998,4.90674999999999,246.359,NA,2.13040161132812,5.10348347012964e-06,0.999999999986979,NA,9.23755250070712e-09,0,3
"41_crosscov_mb_2_0","one_factor","crosscov_mb",1.9989013671875,"regression","metal_rsvd_auto","metal","rsvd","auto","FALSE",NA,NA,"ordinary_fast","fresh_oversampled_sketch_per_component",1,"FALSE","TRUE",NA,NA,32,5,1500,300,1000,262,NA,20,10,1,1.9989013671875,0.57,0.018,0.00900000000000012,0.00199999999999989,0.583,0.018,54.859375,301,NA,2.34064483642578,5.15519522324446e-06,0.999999999986444,NA,8.45596115350844e-09,0,3
"41_crosscov_mb_2_0","one_factor","crosscov_mb",1.9989013671875,"regression","metal_rsvd_explicit","metal","rsvd","explicit","FALSE",32,5,"explicit","fresh_oversampled_sketch_per_component",1,"FALSE","TRUE",NA,NA,32,5,1500,300,1000,262,NA,20,10,1,1.9989013671875,0.573,0.012,0.0089999999999999,0.000999999999999994,0.581,0.0125,66.297375,317.938,NA,2.34064483642578,5.15519522324446e-06,0.999999999986444,NA,8.45596115350844e-09,0,3
"41_crosscov_mb_2_0","one_factor","crosscov_mb",1.9989013671875,"regression","metal_rsvd_implicit","metal","rsvd","implicit","FALSE",32,5,"explicit","fresh_oversampled_sketch_per_component",1,"FALSE","TRUE",NA,NA,32,5,1500,300,1000,262,NA,20,10,1,1.9989013671875,0.573,0.026,0.00800000000000001,0.000999999999999994,0.581,0.0270000000000001,68.96925,313.938,NA,2.34064483642578,5.15519522324446e-06,0.999999999986444,NA,8.45596115350844e-09,0,3
"42_crosscov_mb_4_0","one_factor","crosscov_mb",3.997802734375,"regression","cpu_irlba_explicit","cpu","irlba","explicit","FALSE",32,5,NA,"fresh_per_component",1,"FALSE","TRUE",NA,NA,NA,NA,1500,300,1000,524,NA,20,10,1,3.997802734375,0.453,5e-04,0.0489999999999999,0.000499999999999952,0.501,0.000500000000000056,36.203,292.578,NA,4.14591217041016,0,1,NA,0,0,3
"42_crosscov_mb_4_0","one_factor","crosscov_mb",3.997802734375,"regression","cpu_rsvd_auto","cpu","rsvd","auto","FALSE",NA,NA,"high_response_stable","fresh_oversampled_sketch_per_component",1,"FALSE","TRUE",NA,NA,48,6,1500,300,1000,524,NA,20,10,1,3.997802734375,2.914,0.1495,0.0490000000000004,0.000499999999999952,2.963,0.15,33.171875,292.938,NA,4.15101623535156,3.82708857584965e-05,0.999999999267827,NA,4.04227816441782e-07,0,3
"42_crosscov_mb_4_0","one_factor","crosscov_mb",3.997802734375,"regression","cpu_rsvd_explicit","cpu","rsvd","explicit","FALSE",32,5,"explicit","fresh_oversampled_sketch_per_component",1,"FALSE","TRUE",NA,NA,32,5,1500,300,1000,524,NA,20,10,1,3.997802734375,1.733,0.0350000000000001,0.0489999999999999,0,1.782,0.0350000000000001,30.749875,290.953,NA,4.1510009765625,3.82708857603212e-05,0.999999999267827,NA,4.04227816441782e-07,0,3
"42_crosscov_mb_4_0","one_factor","crosscov_mb",3.997802734375,"regression","cpu_rsvd_implicit","cpu","rsvd","implicit","TRUE",32,5,"explicit","fresh_oversampled_sketch_per_component",1,"FALSE","TRUE",NA,NA,32,5,1500,300,1000,524,NA,20,10,1,3.997802734375,6.188,0.0154999999999994,0.0489999999999995,0.000500000000000195,6.236,0.0155000000000012,11.1565,270.266,NA,4.15129089355469,3.82708857596211e-05,0.999999999267827,NA,4.0422781633076e-07,0,3
"42_crosscov_mb_4_0","one_factor","crosscov_mb",3.997802734375,"regression","metal_rsvd_auto","metal","rsvd","auto","FALSE",NA,NA,"high_response_stable","fresh_oversampled_sketch_per_component",1,"FALSE","TRUE",NA,NA,48,6,1500,300,1000,524,NA,20,10,1,3.997802734375,1.068,0.00900000000000012,0.00800000000000001,0.003,1.076,0.00600000000000023,72.468625,333.703,NA,4.38153839111328,3.85436598907737e-05,0.999999999247444,NA,4.03757502542845e-07,0,3
"42_crosscov_mb_4_0","one_factor","crosscov_mb",3.997802734375,"regression","metal_rsvd_explicit","metal","rsvd","explicit","FALSE",32,5,"explicit","fresh_oversampled_sketch_per_component",1,"FALSE","TRUE",NA,NA,32,5,1500,300,1000,524,NA,20,10,1,3.997802734375,0.837,0.0175000000000001,0.0089999999999999,0.00149999999999995,0.846,0.016,91.280875,357.359,NA,4.38152313232422,3.79225716716033e-05,0.999999999261605,NA,3.98576775362258e-07,0,3
"42_crosscov_mb_4_0","one_factor","crosscov_mb",3.997802734375,"regression","metal_rsvd_implicit","metal","rsvd","implicit","FALSE",32,5,"explicit","fresh_oversampled_sketch_per_component",1,"FALSE","TRUE",NA,NA,32,5,1500,300,1000,524,NA,20,10,1,3.997802734375,0.858,0.0175,0.01,0.00149999999999995,0.868,0.019,77.29675,340.766,NA,4.38152313232422,3.79225716716033e-05,0.999999999261605,NA,3.98576775362258e-07,0,3
"43_crosscov_mb_8_0","one_factor","crosscov_mb",8.00323486328125,"regression","cpu_irlba_explicit","cpu","irlba","explicit","FALSE",32,5,NA,"fresh_per_component",1,"FALSE","TRUE",NA,NA,NA,NA,1500,300,1000,1049,NA,20,10,1,8.00323486328125,0.902,0.00750000000000006,0.097,0,0.999,0.00750000000000006,36.12475,322.906,NA,8.19540405273438,0,1,NA,0,0,3
"43_crosscov_mb_8_0","one_factor","crosscov_mb",8.00323486328125,"regression","cpu_rsvd_auto","cpu","rsvd","auto","FALSE",NA,NA,"high_response_stable","fresh_oversampled_sketch_per_component",1,"FALSE","TRUE",NA,NA,48,6,1500,300,1000,1049,NA,20,10,1,8.00323486328125,5.611,0.00900000000000034,0.0960000000000001,0,5.707,0.00900000000000034,33.640625,322.625,NA,8.20050811767578,1.86067733610853e-05,0.999999999826948,NA,1.56123368344474e-07,0,3
"43_crosscov_mb_8_0","one_factor","crosscov_mb",8.00323486328125,"regression","cpu_rsvd_explicit","cpu","rsvd","explicit","FALSE",32,5,"explicit","fresh_oversampled_sketch_per_component",1,"FALSE","TRUE",NA,NA,32,5,1500,300,1000,1049,NA,20,10,1,8.00323486328125,3.373,0.00500000000000034,0.0960000000000001,0.000499999999999709,3.47,0.00500000000000034,33.54675,324.969,NA,8.20049285888672,1.86067733572981e-05,0.999999999826948,NA,1.56123368455496e-07,0,3
"43_crosscov_mb_8_0","one_factor","crosscov_mb",8.00323486328125,"regression","cpu_rsvd_implicit","cpu","rsvd","implicit","TRUE",32,5,"explicit","fresh_oversampled_sketch_per_component",1,"FALSE","TRUE",NA,NA,32,5,1500,300,1000,1049,NA,20,10,1,8.00323486328125,8.307,0.00849999999999973,0.0960000000000001,0.000499999999999709,8.403,0.0080000000000009,11.10975,299.984,NA,8.20078277587891,1.86067733591014e-05,0.999999999826949,NA,1.56123368455496e-07,0,3
"43_crosscov_mb_8_0","one_factor","crosscov_mb",8.00323486328125,"regression","metal_rsvd_auto","metal","rsvd","auto","FALSE",NA,NA,"high_response_stable","fresh_oversampled_sketch_per_component",1,"FALSE","TRUE",NA,NA,48,6,1500,300,1000,1049,NA,20,10,1,8.00323486328125,1.373,0.0479999999999998,0.0100000000000002,0.00150000000000005,1.383,0.0495000000000001,124.797125,416.859,NA,8.47108459472656,1.86682468410333e-05,0.999999999824218,NA,1.59456251869194e-07,0,3
"43_crosscov_mb_8_0","one_factor","crosscov_mb",8.00323486328125,"regression","metal_rsvd_explicit","metal","rsvd","explicit","FALSE",32,5,"explicit","fresh_oversampled_sketch_per_component",1,"FALSE","TRUE",NA,NA,32,5,1500,300,1000,1049,NA,20,10,1,8.00323486328125,0.977,0.0509999999999999,0.0089999999999999,0.00150000000000004,0.988,0.0515,108.609625,396.969,NA,8.4710693359375,1.85882749441728e-05,0.99999999982608,NA,1.53910011180258e-07,0,3
"43_crosscov_mb_8_0","one_factor","crosscov_mb",8.00323486328125,"regression","metal_rsvd_implicit","metal","rsvd","implicit","FALSE",32,5,"explicit","fresh_oversampled_sketch_per_component",1,"FALSE","TRUE",NA,NA,32,5,1500,300,1000,1049,NA,20,10,1,8.00323486328125,0.955,0.016,0.01,0.002,0.966,0.0145,110.983875,405.562,NA,8.4710693359375,1.85882749441728e-05,0.99999999982608,NA,1.53910011180258e-07,0,3
"44_crosscov_mb_16_0","one_factor","crosscov_mb",15.9988403320312,"regression","cpu_irlba_explicit","cpu","irlba","explicit","FALSE",32,5,NA,"fresh_per_component",1,"FALSE","TRUE",NA,NA,NA,NA,1500,300,1000,2097,NA,20,10,1,15.9988403320312,1.751,0.004,0.191,0,1.942,0.004,92.952875,413.781,NA,16.2789611816406,0,1,NA,0,0,3
"44_crosscov_mb_16_0","one_factor","crosscov_mb",15.9988403320312,"regression","cpu_rsvd_auto","cpu","rsvd","auto","FALSE",NA,NA,"high_response_stable","fresh_oversampled_sketch_per_component",1,"FALSE","TRUE",NA,NA,48,6,1500,300,1000,2097,NA,20,10,1,15.9988403320312,11.019,0.0140000000000011,0.190999999999999,0.0005000000000005,11.21,0.0135000000000005,82.656375,408.422,NA,16.284065246582,3.35194740247661e-05,0.999999999438492,NA,3.51753297267443e-07,0,3
"44_crosscov_mb_16_0","one_factor","crosscov_mb",15.9988403320312,"regression","cpu_rsvd_explicit","cpu","rsvd","explicit","FALSE",32,5,"explicit","fresh_oversampled_sketch_per_component",1,"FALSE","TRUE",NA,NA,32,5,1500,300,1000,2097,NA,20,10,1,15.9988403320312,6.644,0.00199999999999978,0.191999999999999,0.000499999999999501,6.835,0.00200000000000067,80.905875,406.109,NA,16.284049987793,3.35194740253703e-05,0.999999999438491,NA,3.51753297267443e-07,0,3
"44_crosscov_mb_16_0","one_factor","crosscov_mb",15.9988403320312,"regression","cpu_rsvd_implicit","cpu","rsvd","implicit","TRUE",32,5,"explicit","fresh_oversampled_sketch_per_component",1,"FALSE","TRUE",NA,NA,32,5,1500,300,1000,2097,NA,20,10,1,15.9988403320312,12.545,0.0240000000000009,0.191000000000001,0.0005000000000005,12.736,0.0234999999999985,65.71925,387.938,NA,16.2843399047852,3.35194740276028e-05,0.999999999438492,NA,3.51753297267443e-07,0,3
"44_crosscov_mb_16_0","one_factor","crosscov_mb",15.9988403320312,"regression","metal_rsvd_auto","metal","rsvd","auto","FALSE",NA,NA,"high_response_stable","fresh_oversampled_sketch_per_component",1,"FALSE","TRUE",NA,NA,48,6,1500,300,1000,2097,NA,20,10,1,15.9988403320312,2.117,0.0325000000000002,0.0139999999999998,0.00150000000000005,2.131,0.0339999999999998,165.499625,494.359,NA,16.6345977783203,3.34846978739283e-05,0.999999999438356,NA,3.51011983146243e-07,0,3
"44_crosscov_mb_16_0","one_factor","crosscov_mb",15.9988403320312,"regression","metal_rsvd_explicit","metal","rsvd","explicit","FALSE",32,5,"explicit","fresh_oversampled_sketch_per_component",1,"FALSE","TRUE",NA,NA,32,5,1500,300,1000,2097,NA,20,10,1,15.9988403320312,1.403,0.0375000000000001,0.0140000000000002,0.00150000000000005,1.417,0.0389999999999999,148.35925,476.453,NA,16.6345825195312,3.35861553972406e-05,0.999999999435935,NA,3.49779490704805e-07,0,3
"44_crosscov_mb_16_0","one_factor","crosscov_mb",15.9988403320312,"regression","metal_rsvd_implicit","metal","rsvd","implicit","FALSE",32,5,"explicit","fresh_oversampled_sketch_per_component",1,"FALSE","TRUE",NA,NA,32,5,1500,300,1000,2097,NA,20,10,1,15.9988403320312,1.402,0.012,0.0150000000000001,0.002,1.415,0.0109999999999999,204.437875,534.516,NA,16.6345825195312,3.35861553972406e-05,0.999999999435935,NA,3.49779490704805e-07,0,3
"45_crosscov_mb_32_0","one_factor","crosscov_mb",31.9976806640625,"regression","cpu_irlba_explicit","cpu","irlba","explicit","FALSE",32,5,NA,"fresh_per_component",1,"FALSE","TRUE",NA,NA,NA,NA,1500,300,1000,4194,NA,20,10,1,31.9976806640625,4.051,0.0195000000000007,0.38,0.002,4.434,0.0190000000000001,114.093375,530.109,NA,32.4537887573242,0,1,NA,0,0,3
"45_crosscov_mb_32_0","one_factor","crosscov_mb",31.9976806640625,"regression","cpu_rsvd_auto","cpu","rsvd","auto","FALSE",NA,NA,"high_response_stable","fresh_oversampled_sketch_per_component",1,"FALSE","TRUE",NA,NA,48,6,1500,300,1000,4194,NA,20,10,1,31.9976806640625,21.833,0.0484999999999971,0.381999999999998,0.001999999999997,22.215,0.0504999999999995,111.671625,522.281,NA,32.4588928222656,2.11594613583526e-05,0.999999999776175,NA,9.12164359601064e-08,0,3
"45_crosscov_mb_32_0","one_factor","crosscov_mb",31.9976806640625,"regression","cpu_rsvd_explicit","cpu","rsvd","explicit","FALSE",32,5,"explicit","fresh_oversampled_sketch_per_component",1,"FALSE","TRUE",NA,NA,32,5,1500,300,1000,4194,NA,20,10,1,31.9976806640625,13.284,0.073500000000001,0.381,5e-04,13.665,0.0730000000000004,109.26575,523.172,NA,32.4588775634766,2.11594613533662e-05,0.999999999776175,NA,9.12164359601064e-08,0,3
"45_crosscov_mb_32_0","one_factor","crosscov_mb",31.9976806640625,"regression","cpu_rsvd_implicit","cpu","rsvd","implicit","TRUE",32,5,"explicit","fresh_oversampled_sketch_per_component",1,"FALSE","TRUE",NA,NA,32,5,1500,300,1000,4194,NA,20,10,1,31.9976806640625,21.107,0.0529999999999973,0.379999999999999,0.000999999999999501,21.487,0.0519999999999996,35.859,449.609,NA,32.4591674804688,2.11594613539533e-05,0.999999999776174,NA,9.12164358490841e-08,0,3
"45_crosscov_mb_32_0","one_factor","crosscov_mb",31.9976806640625,"regression","metal_rsvd_auto","metal","rsvd","auto","FALSE",NA,NA,"high_response_stable","fresh_oversampled_sketch_per_component",1,"FALSE","TRUE",NA,NA,48,6,1500,300,1000,4194,NA,20,10,1,31.9976806640625,3.427,0.0500000000000003,0.0220000000000002,0.0019999999999998,3.448,0.0484999999999998,294.093625,710.953,NA,32.9694137573242,2.12630894413744e-05,0.999999999772583,NA,9.43066361669409e-08,0,3
"45_crosscov_mb_32_0","one_factor","crosscov_mb",31.9976806640625,"regression","metal_rsvd_explicit","metal","rsvd","explicit","FALSE",32,5,"explicit","fresh_oversampled_sketch_per_component",1,"FALSE","TRUE",NA,NA,32,5,1500,300,1000,4194,NA,20,10,1,31.9976806640625,2.283,0.0119999999999996,0.0209999999999999,0.00249999999999995,2.303,0.00999999999999979,285.4065,707.594,NA,32.9693984985352,2.12589785145406e-05,0.999999999768601,NA,9.44924710699624e-08,0,3
"45_crosscov_mb_32_0","one_factor","crosscov_mb",31.9976806640625,"regression","metal_rsvd_implicit","metal","rsvd","implicit","FALSE",32,5,"explicit","fresh_oversampled_sketch_per_component",1,"FALSE","TRUE",NA,NA,32,5,1500,300,1000,4194,NA,20,10,1,31.9976806640625,2.282,0.0234999999999999,0.0220000000000002,0.0009999999999999,2.304,0.0245000000000002,261.14025,680.234,NA,32.9693984985352,2.12589785145406e-05,0.999999999768601,NA,9.44924710699624e-08,0,3
"46_crosscov_mb_64_0","one_factor","crosscov_mb",64.0029907226562,"regression","cpu_irlba_explicit","cpu","irlba","explicit","FALSE",32,5,NA,"fresh_per_component",1,"FALSE","TRUE",NA,NA,NA,NA,1500,300,1000,8389,NA,20,10,1,64.0029907226562,7.287,0.051499999999999,0.76,0.00399999999999956,8.047,0.0555000000000003,229.20325,829.594,NA,64.8111572265625,0,1,NA,0,0,3
"46_crosscov_mb_64_0","one_factor","crosscov_mb",64.0029907226562,"regression","cpu_rsvd_auto","cpu","rsvd","auto","TRUE",NA,NA,"high_response_stable","fresh_oversampled_sketch_per_component",1,"FALSE","TRUE",NA,NA,48,6,1500,300,1000,8389,NA,20,10,1,64.0029907226562,66.83,0.330500000000001,0.763000000000005,0.00399999999999745,67.593,0.334500000000006,84.06225,683.656,NA,64.8165512084961,1.21003742442596e-05,0.999999999926817,NA,1.23409530372598e-08,0,3
"46_crosscov_mb_64_0","one_factor","crosscov_mb",64.0029907226562,"regression","cpu_rsvd_explicit","cpu","rsvd","explicit","FALSE",32,5,"explicit","fresh_oversampled_sketch_per_component",1,"FALSE","TRUE",NA,NA,32,5,1500,300,1000,8389,NA,20,10,1,64.0029907226562,26.415,0.0190000000000019,0.762,0.0024999999999995,27.177,0.0164999999999971,175.780875,773.484,NA,64.8162460327148,1.21003742447929e-05,0.999999999926818,NA,1.23409531482821e-08,0,3
"46_crosscov_mb_64_0","one_factor","crosscov_mb",64.0029907226562,"regression","cpu_rsvd_implicit","cpu","rsvd","implicit","TRUE",32,5,"explicit","fresh_oversampled_sketch_per_component",1,"FALSE","TRUE",NA,NA,32,5,1500,300,1000,8389,NA,20,10,1,64.0029907226562,38.155,0.0345000000000013,0.759999999999998,0.000499999999999057,38.915,0.0349999999999966,85.250375,682.891,NA,64.816535949707,1.21003742426026e-05,0.999999999926817,NA,1.23409531482821e-08,0,3
"46_crosscov_mb_64_0","one_factor","crosscov_mb",64.0029907226562,"regression","metal_rsvd_auto","metal","rsvd","auto","FALSE",NA,NA,"high_response_stable","fresh_oversampled_sketch_per_component",1,"FALSE","TRUE",NA,NA,48,6,1500,300,1000,8389,NA,20,10,1,64.0029907226562,8.247,0.0444999999999993,0.0359999999999996,0.0049999999999999,8.283,0.0484999999999989,383.874625,986.359,NA,65.6468353271484,1.21121175468077e-05,0.999999999926431,NA,1.0864531385657e-08,0,3
"46_crosscov_mb_64_0","one_factor","crosscov_mb",64.0029907226562,"regression","metal_rsvd_explicit","metal","rsvd","explicit","FALSE",32,5,"explicit","fresh_oversampled_sketch_per_component",1,"FALSE","TRUE",NA,NA,32,5,1500,300,1000,8389,NA,20,10,1,64.0029907226562,5.557,0.0670000000000002,0.0390000000000006,0.0135000000000005,5.596,0.0534999999999997,406.405625,1008.39,NA,65.6468200683594,1.21311904648368e-05,0.999999999926077,NA,1.25263459604952e-08,0,3
"46_crosscov_mb_64_0","one_factor","crosscov_mb",64.0029907226562,"regression","metal_rsvd_implicit","metal","rsvd","implicit","FALSE",32,5,"explicit","fresh_oversampled_sketch_per_component",1,"FALSE","TRUE",NA,NA,32,5,1500,300,1000,8389,NA,20,10,1,64.0029907226562,5.57,0.024,0.04,0.0030000000000001,5.607,0.0225,406.738125,1009.91,NA,65.6468200683594,1.21311904648368e-05,0.999999999926077,NA,1.25263459604952e-08,0,3
"01_n_500","one_factor","n",500,"regression","cpu_irlba_explicit","cpu","irlba","explicit","FALSE",32,5,NA,"fresh_per_component",1,"FALSE","TRUE",NA,NA,NA,NA,500,100,400,100,NA,30,20,1,0.30517578125,0.041,0.001,0.002,5e-04,0.043,5e-04,0.749875000000003,210.484,NA,0.400917053222656,0,1,NA,0,0,3
"01_n_500","one_factor","n",500,"regression","cpu_rsvd_auto","cpu","rsvd","auto","FALSE",NA,NA,"high_response_stable","fresh_oversampled_sketch_per_component",1,"FALSE","TRUE",NA,NA,48,6,500,100,400,100,NA,30,20,1,0.30517578125,0.534,0.002,0.002,0,0.536,0.002,0.905875000000009,212.609,NA,0.406021118164062,1.45213470123955e-05,0.999999999894447,NA,6.50846160299423e-08,0,3
"01_n_500","one_factor","n",500,"regression","metal_rsvd_auto","metal","rsvd","auto","FALSE",NA,NA,"high_response_stable","fresh_oversampled_sketch_per_component",1,"FALSE","TRUE",NA,NA,48,6,500,100,400,100,NA,30,20,1,0.30517578125,0.28,0.01,0.003,0.002,0.283,0.00800000000000001,29.046875,240,NA,0.558418273925781,1.44206686865414e-05,0.999999999895905,NA,5.71982406993854e-08,0,3
"02_n_1000","one_factor","n",1000,"regression","cpu_irlba_explicit","cpu","irlba","explicit","FALSE",32,5,NA,"fresh_per_component",1,"FALSE","TRUE",NA,NA,NA,NA,1000,200,400,100,NA,30,20,1,0.30517578125,0.054,5e-04,0.003,5e-04,0.057,0.001,6.79675,226.828,NA,0.400917053222656,0,1,NA,0,0,3
"02_n_1000","one_factor","n",1000,"regression","cpu_rsvd_auto","cpu","rsvd","auto","FALSE",NA,NA,"ordinary_fast","fresh_oversampled_sketch_per_component",1,"FALSE","TRUE",NA,NA,32,5,1000,200,400,100,NA,30,20,1,0.30517578125,0.291,5e-04,0.003,5e-04,0.294,0.001,7.24975000000001,222.25,NA,0.406005859375,5.89907667839394e-06,0.999999999982605,NA,1.25865029509953e-09,0,3
"02_n_1000","one_factor","n",1000,"regression","metal_rsvd_auto","metal","rsvd","auto","FALSE",NA,NA,"ordinary_fast","fresh_oversampled_sketch_per_component",1,"FALSE","TRUE",NA,NA,32,5,1000,200,400,100,NA,30,20,1,0.30517578125,0.296,0.00750000000000001,0.004,0.00150000000000006,0.302,0.00700000000000001,25.078375,247.469,NA,0.634696960449219,5.91403924036445e-06,0.999999999982521,NA,6.65566102231452e-09,0,3
"03_n_2000","one_factor","n",2000,"regression","cpu_irlba_explicit","cpu","irlba","explicit","FALSE",32,5,NA,"fresh_per_component",1,"FALSE","TRUE",NA,NA,NA,NA,2000,400,400,100,NA,30,20,1,0.30517578125,0.073,5e-04,0.006,5e-04,0.0780000000000001,0.000499999999999945,17.031375,244.906,NA,0.400917053222656,0,1,NA,0,0,3
"03_n_2000","one_factor","n",2000,"regression","cpu_rsvd_auto","cpu","rsvd","auto","FALSE",NA,NA,"ordinary_fast","fresh_oversampled_sketch_per_component",1,"FALSE","TRUE",NA,NA,32,5,2000,400,400,100,NA,30,20,1,0.30517578125,0.31,0.001,0.006,0.000500000000000115,0.316,0.0015,1.25037499999999,237.891,NA,0.406005859375,2.24783628107171e-06,0.99999999999748,NA,2.71799068807255e-08,0,3
"03_n_2000","one_factor","n",2000,"regression","metal_rsvd_auto","metal","rsvd","auto","FALSE",NA,NA,"ordinary_fast","fresh_oversampled_sketch_per_component",1,"FALSE","TRUE",NA,NA,32,5,2000,400,400,100,NA,30,20,1,0.30517578125,0.349,0.00900000000000001,0.0069999999999999,1.09287578986539e-16,0.356,0.00900000000000001,28.812875,261.391,NA,0.787284851074219,2.29681666361978e-06,0.999999999997378,NA,2.19647416921376e-08,0,3
"04_n_5000","one_factor","n",5000,"regression","cpu_irlba_explicit","cpu","irlba","explicit","FALSE",32,5,NA,"fresh_per_component",1,"FALSE","TRUE",NA,NA,NA,NA,5000,1000,400,100,NA,30,20,1,0.30517578125,0.345,0.0025,0.0129999999999999,1.00613961606655e-16,0.358,0.0025,16.20275,275.047,NA,0.400917053222656,0,1,NA,0,0,3
"04_n_5000","one_factor","n",5000,"regression","cpu_rsvd_auto","cpu","rsvd","auto","FALSE",NA,NA,"ordinary_fast","fresh_oversampled_sketch_per_component",1,"FALSE","TRUE",NA,NA,32,5,5000,1000,400,100,NA,30,20,1,0.30517578125,0.586,0.00249999999999995,0.0129999999999999,1.00613961606655e-16,0.599,0.00250000000000006,19.780875,279.734,NA,0.406005859375,5.54178702973235e-06,0.999999999984654,NA,1.61333491011106e-08,0,3
"04_n_5000","one_factor","n",5000,"regression","metal_rsvd_auto","metal","rsvd","auto","FALSE",NA,NA,"ordinary_fast","fresh_oversampled_sketch_per_component",1,"FALSE","TRUE",NA,NA,32,5,5000,1000,400,100,NA,30,20,1,0.30517578125,0.417,0.01,0.0110000000000001,0.00199999999999999,0.426,0.011,44.34375,309.625,NA,1.24504852294922,5.53958737062352e-06,0.999999999984658,NA,1.4548243942869e-08,0,3
"05_n_10000","one_factor","n",10000,"regression","cpu_irlba_explicit","cpu","irlba","explicit","FALSE",32,5,NA,"fresh_per_component",1,"FALSE","TRUE",NA,NA,NA,NA,10000,2000,400,100,NA,30,20,1,0.30517578125,0.662,0.00150000000000006,0.0249999999999999,0.000499999999999948,0.687,0.00199999999999989,46.671375,369.062,NA,0.400917053222656,0,1,NA,0,0,3
"05_n_10000","one_factor","n",10000,"regression","cpu_rsvd_auto","cpu","rsvd","auto","FALSE",NA,NA,"ordinary_fast","fresh_oversampled_sketch_per_component",1,"FALSE","TRUE",NA,NA,32,5,10000,2000,400,100,NA,30,20,1,0.30517578125,0.9,0.00150000000000006,0.0249999999999999,1.00613961606655e-16,0.925,0.00149999999999995,52.656625,373.297,NA,0.406005859375,1.18447068040893e-05,0.999999999929852,NA,1.2984957015183e-07,0,3
"05_n_10000","one_factor","n",10000,"regression","metal_rsvd_auto","metal","rsvd","auto","FALSE",NA,NA,"ordinary_fast","fresh_oversampled_sketch_per_component",1,"FALSE","TRUE",NA,NA,32,5,10000,2000,400,100,NA,30,20,1,0.30517578125,0.559,0.00399999999999989,0.018,0.00249999999999995,0.579,0.00550000000000006,101.2505,424.438,NA,2.00798797607422,1.18914673466748e-05,0.999999999929306,NA,1.29090038603064e-07,0,3
"19_ncomp_2","one_factor","ncomp",2,"regression","cpu_irlba_explicit","cpu","irlba","explicit","FALSE",32,5,NA,"fresh_per_component",1,"FALSE","TRUE",NA,NA,NA,NA,2000,400,500,100,NA,100,2,1,0.3814697265625,0.0429999999999999,0,0.00700000000000001,0,0.0499999999999999,0,17.891,252.516,NA,0.411582946777344,0,1,NA,0,0,3
"19_ncomp_2","one_factor","ncomp",2,"regression","cpu_rsvd_auto","cpu","rsvd","auto","FALSE",NA,NA,"ordinary_fast","fresh_oversampled_sketch_per_component",1,"FALSE","TRUE",NA,NA,32,5,2000,400,500,100,NA,100,2,1,0.3814697265625,0.073,5e-04,0.00700000000000001,0.000500000000000005,0.079,5e-04,17.437125,253.859,NA,0.416671752929688,0.000296676759933964,0.99999990716709,NA,8.50371369987002e-08,0,3
"19_ncomp_2","one_factor","ncomp",2,"regression","metal_rsvd_auto","metal","rsvd","auto","FALSE",NA,NA,"ordinary_fast","fresh_oversampled_sketch_per_component",1,"FALSE","TRUE",NA,NA,32,5,2000,400,500,100,NA,100,2,1,0.3814697265625,0.0720000000000001,0.00249999999999999,0.01,0.0035,0.0810000000000001,0.0035,26.702875,266.906,NA,0.456161499023438,1.7501798069046e-06,0.999999999998466,NA,3.45692907632866e-09,0,3
"20_ncomp_5","one_factor","ncomp",5,"regression","cpu_irlba_explicit","cpu","irlba","explicit","FALSE",32,5,NA,"fresh_per_component",1,"FALSE","TRUE",NA,NA,NA,NA,2000,400,500,100,NA,100,5,1,0.3814697265625,0.0489999999999999,5e-04,0.00700000000000001,0,0.0559999999999999,5e-04,16.437125,253.859,NA,0.425315856933594,0,1,NA,0,0,3
"20_ncomp_5","one_factor","ncomp",5,"regression","cpu_rsvd_auto","cpu","rsvd","auto","FALSE",NA,NA,"ordinary_fast","fresh_oversampled_sketch_per_component",1,"FALSE","TRUE",NA,NA,32,5,2000,400,500,100,NA,100,5,1,0.3814697265625,0.125,0.001,0.006,0.000500000000000005,0.132,0.001,16.328375,253.156,NA,0.430404663085938,0.000483471149518698,0.9999995715426,NA,2.74584478376916e-07,0,3
"20_ncomp_5","one_factor","ncomp",5,"regression","metal_rsvd_auto","metal","rsvd","auto","FALSE",NA,NA,"ordinary_fast","fresh_oversampled_sketch_per_component",1,"FALSE","TRUE",NA,NA,32,5,2000,400,500,100,NA,100,5,1,0.3814697265625,0.124,0.003,0.005,0,0.129,0.003,26.062125,266.234,NA,0.529403686523438,2.05387950993556e-05,0.999999999789204,NA,1.69844452946322e-08,0,3
"21_ncomp_10","one_factor","ncomp",10,"regression","cpu_irlba_explicit","cpu","irlba","explicit","FALSE",32,5,NA,"fresh_per_component",1,"FALSE","TRUE",NA,NA,NA,NA,2000,400,500,100,NA,100,10,1,0.3814697265625,0.065,0,0.00700000000000001,0.000500000000000005,0.072,5e-04,15.953125,254.281,NA,0.448219299316406,0,1,NA,0,0,3
"21_ncomp_10","one_factor","ncomp",10,"regression","cpu_rsvd_auto","cpu","rsvd","auto","FALSE",NA,NA,"ordinary_fast","fresh_oversampled_sketch_per_component",1,"FALSE","TRUE",NA,NA,32,5,2000,400,500,100,NA,100,10,1,0.3814697265625,0.214,5e-04,0.00700000000000001,0,0.221,5e-04,15.9375,251.625,NA,0.45330810546875,0.000388156325066644,0.999999907996465,NA,4.1313181542435e-07,0,3
"21_ncomp_10","one_factor","ncomp",10,"regression","metal_rsvd_auto","metal","rsvd","auto","FALSE",NA,NA,"ordinary_fast","fresh_oversampled_sketch_per_component",1,"FALSE","TRUE",NA,NA,32,5,2000,400,500,100,NA,100,10,1,0.3814697265625,0.201,0.002,0.0100000000000001,0.003,0.213,0.004,28.0625,272.281,NA,0.651481628417969,1.49921003178997e-05,0.999999999887621,NA,5.03322871159284e-08,0,3
"22_ncomp_20","one_factor","ncomp",20,"regression","cpu_irlba_explicit","cpu","irlba","explicit","FALSE",32,5,NA,"fresh_per_component",1,"FALSE","TRUE",NA,NA,NA,NA,2000,400,500,100,NA,100,20,1,0.3814697265625,0.101,5e-04,0.006,0.000500000000000005,0.107,0,16.233875,255.812,NA,0.493995666503906,0,1,NA,0,0,3
"22_ncomp_20","one_factor","ncomp",20,"regression","cpu_rsvd_auto","cpu","rsvd","auto","FALSE",NA,NA,"ordinary_fast","fresh_oversampled_sketch_per_component",1,"FALSE","TRUE",NA,NA,32,5,2000,400,500,100,NA,100,20,1,0.3814697265625,0.391,5e-04,0.00700000000000012,0.00100000000000001,0.399,0.001,16.031125,254.125,NA,0.49908447265625,0.000792694487795071,0.999999630815211,NA,1.65260229612052e-06,0,3
"22_ncomp_20","one_factor","ncomp",20,"regression","metal_rsvd_auto","metal","rsvd","auto","FALSE",NA,NA,"ordinary_fast","fresh_oversampled_sketch_per_component",1,"FALSE","TRUE",NA,NA,32,5,2000,400,500,100,NA,100,20,1,0.3814697265625,0.374,0.004,0.006,0,0.38,0.004,33.328375,274.75,NA,0.895622253417969,4.52425543298668e-06,0.999999999989774,NA,3.25795894706715e-08,0,3
"23_ncomp_40","one_factor","ncomp",40,"regression","cpu_irlba_explicit","cpu","irlba","explicit","FALSE",32,5,NA,"fresh_per_component",1,"FALSE","TRUE",NA,NA,NA,NA,2000,400,500,100,NA,100,40,1,0.3814697265625,0.161,0,0.006,0.000500000000000005,0.167,5e-04,17.484625,253.141,NA,0.585548400878906,0,1,NA,0,0,3
"23_ncomp_40","one_factor","ncomp",40,"regression","cpu_rsvd_auto","cpu","rsvd","auto","FALSE",NA,NA,"ordinary_fast","fresh_oversampled_sketch_per_component",1,"FALSE","TRUE",NA,NA,32,5,2000,400,500,100,NA,100,40,1,0.3814697265625,0.745,0.00150000000000006,0.006,0.00049999999999995,0.752,0.00149999999999995,18.85925,254.828,NA,0.59063720703125,0.000631934803587179,0.999999756999976,NA,4.64099096308956e-06,0,3
"23_ncomp_40","one_factor","ncomp",40,"regression","metal_rsvd_auto","metal","rsvd","auto","FALSE",NA,NA,"ordinary_fast","fresh_oversampled_sketch_per_component",1,"FALSE","TRUE",NA,NA,32,5,2000,400,500,100,NA,100,40,1,0.3814697265625,0.722,0.005,0.00800000000000001,0.002,0.732,0.004,37.54725,282.516,NA,1.38390350341797,6.9811784243664e-06,0.999999999975633,NA,1.17826540746435e-08,0,3
"24_ncomp_80","one_factor","ncomp",80,"regression","cpu_irlba_explicit","cpu","irlba","explicit","FALSE",32,5,NA,"fresh_per_component",1,"FALSE","TRUE",NA,NA,NA,NA,2000,400,500,100,NA,100,80,1,0.3814697265625,0.304,5e-04,0.0069999999999999,0,0.311,5e-04,16.124875,248.125,NA,0.768653869628906,0,1,NA,0,0,3
"24_ncomp_80","one_factor","ncomp",80,"regression","cpu_rsvd_auto","cpu","rsvd","auto","FALSE",NA,NA,"ordinary_fast","fresh_oversampled_sketch_per_component",1,"FALSE","TRUE",NA,NA,32,5,2000,400,500,100,NA,100,80,1,0.3814697265625,1.454,0.00200000000000022,0.00700000000000012,2.24646690138997e-16,1.461,0.00200000000000022,17.73425,255.016,NA,0.77374267578125,0.0019525480759169,0.99999767429253,NA,6.61543777141782e-06,0,3
"24_ncomp_80","one_factor","ncomp",80,"regression","metal_rsvd_auto","metal","rsvd","auto","FALSE",NA,NA,"ordinary_fast","fresh_oversampled_sketch_per_component",1,"FALSE","TRUE",NA,NA,32,5,2000,400,500,100,NA,100,80,1,0.3814697265625,1.405,0.0105,0.00700000000000012,0.000499999999999946,1.412,0.00999999999999979,50.78075,288.109,NA,2.36046600341797,7.98941823968814e-06,0.999999999968067,NA,2.64666963345483e-08,0,3
"06_p_50","one_factor","p",50,"regression","cpu_irlba_explicit","cpu","irlba","explicit","FALSE",32,5,NA,"fresh_per_component",1,"FALSE","TRUE",NA,NA,NA,NA,2000,400,50,100,NA,30,20,1,0.03814697265625,0.011,5e-04,0.001,0,0.012,5e-04,3.04662500000001,211.781,NA,0.0751419067382812,0,1,NA,0,0,3
"06_p_50","one_factor","p",50,"regression","cpu_rsvd_auto","cpu","rsvd","auto","FALSE",NA,NA,"ordinary_fast","fresh_oversampled_sketch_per_component",1,"FALSE","TRUE",NA,NA,32,5,2000,400,50,100,NA,30,20,1,0.03814697265625,0.041,5e-04,0.001,5e-04,0.043,5e-04,2.15587500000001,218.031,NA,0.080230712890625,6.32772413327963e-07,0.999999999999787,NA,1.71395970749444e-08,0,3
"06_p_50","one_factor","p",50,"regression","metal_rsvd_auto","metal","rsvd","auto","FALSE",NA,NA,"ordinary_fast","fresh_oversampled_sketch_per_component",1,"FALSE","TRUE",NA,NA,32,5,2000,400,50,100,NA,30,20,1,0.03814697265625,0.117,0.00299999999999999,0.00499999999999989,0.001,0.122,0.002,9.25024999999999,225.094,NA,0.408103942871094,7.29380465347188e-07,0.999999999999719,NA,1.56811583718053e-08,0,3
"07_p_100","one_factor","p",100,"regression","cpu_irlba_explicit","cpu","irlba","explicit","FALSE",32,5,NA,"fresh_per_component",1,"FALSE","TRUE",NA,NA,NA,NA,2000,400,100,100,NA,30,20,1,0.0762939453125,0.023,0,0.002,0,0.025,0,3.812625,217.547,NA,0.121681213378906,0,1,NA,0,0,3
"07_p_100","one_factor","p",100,"regression","cpu_rsvd_auto","cpu","rsvd","auto","FALSE",NA,NA,"ordinary_fast","fresh_oversampled_sketch_per_component",1,"FALSE","TRUE",NA,NA,32,5,2000,400,100,100,NA,30,20,1,0.0762939453125,0.0770000000000001,5e-04,0.001,5e-04,0.079,0.000499999999999959,3.71875,218.312,NA,0.12677001953125,1.05841805266947e-06,0.999999999999433,NA,3.01426010818062e-08,0,3
"07_p_100","one_factor","p",100,"regression","metal_rsvd_auto","metal","rsvd","auto","FALSE",NA,NA,"ordinary_fast","fresh_oversampled_sketch_per_component",1,"FALSE","TRUE",NA,NA,32,5,2000,400,100,100,NA,30,20,1,0.0762939453125,0.164,0.01,0.006,0,0.17,0.00999999999999998,12.4685,233.938,NA,0.462272644042969,1.10545280816211e-06,0.999999999999398,NA,3.07245867636752e-08,0,3
"08_p_250","one_factor","p",250,"regression","cpu_irlba_explicit","cpu","irlba","explicit","FALSE",32,5,NA,"fresh_per_component",1,"FALSE","TRUE",NA,NA,NA,NA,2000,400,250,100,NA,30,20,1,0.19073486328125,0.077,5e-04,0.004,0,0.081,5e-04,8.45337499999999,231.312,NA,0.261299133300781,0,1,NA,0,0,3
"08_p_250","one_factor","p",250,"regression","cpu_rsvd_auto","cpu","rsvd","auto","FALSE",NA,NA,"ordinary_fast","fresh_oversampled_sketch_per_component",1,"FALSE","TRUE",NA,NA,32,5,2000,400,250,100,NA,30,20,1,0.19073486328125,0.219,5e-04,0.003,5e-04,0.222,0.001,4.54650000000001,227.109,NA,0.266387939453125,7.21094123412665e-06,0.999999999973998,NA,2.06281284276244e-08,0,3
"08_p_250","one_factor","p",250,"regression","metal_rsvd_auto","metal","rsvd","auto","FALSE",NA,NA,"ordinary_fast","fresh_oversampled_sketch_per_component",1,"FALSE","TRUE",NA,NA,32,5,2000,400,250,100,NA,30,20,1,0.19073486328125,0.248,0.0055,0.00800000000000001,0.00200000000000001,0.256,0.00750000000000001,23.04675,247.719,NA,0.624778747558594,7.15718460423428e-06,0.999999999974381,NA,1.83439550216491e-08,0,3
"09_p_500","one_factor","p",500,"regression","cpu_irlba_explicit","cpu","irlba","explicit","FALSE",32,5,NA,"fresh_per_component",1,"FALSE","TRUE",NA,NA,NA,NA,2000,400,500,100,NA,30,20,1,0.3814697265625,0.088,0.00100000000000006,0.00700000000000001,5.55111512312578e-17,0.095,0.0010000000000001,17.578375,250.094,NA,0.493995666503906,0,1,NA,0,0,3
"09_p_500","one_factor","p",500,"regression","cpu_rsvd_auto","cpu","rsvd","auto","FALSE",NA,NA,"ordinary_fast","fresh_oversampled_sketch_per_component",1,"FALSE","TRUE",NA,NA,32,5,2000,400,500,100,NA,30,20,1,0.3814697265625,0.392,0,0.0069999999999999,0.00049999999999995,0.399,5e-04,16.406375,253.719,NA,0.49908447265625,7.80313751785048e-06,0.999999999969554,NA,2.5142048110105e-08,0,3
"09_p_500","one_factor","p",500,"regression","metal_rsvd_auto","metal","rsvd","auto","FALSE",NA,NA,"ordinary_fast","fresh_oversampled_sketch_per_component",1,"FALSE","TRUE",NA,NA,32,5,2000,400,500,100,NA,30,20,1,0.3814697265625,0.374,0.0105,0.00800000000000001,0.00100000000000001,0.38,0.0105,37.968625,277.203,NA,0.895622253417969,7.81469207379729e-06,0.999999999969452,NA,2.04116478164096e-08,0,3
"10_p_1000","one_factor","p",1000,"regression","cpu_irlba_explicit","cpu","irlba","explicit","FALSE",32,5,NA,"fresh_per_component",1,"FALSE","TRUE",NA,NA,NA,NA,2000,400,1000,100,NA,30,20,1,0.762939453125,0.168,0.001,0.013,0,0.181,0.001,18.358875,263.844,NA,0.959388732910156,0,1,NA,0,0,3
"10_p_1000","one_factor","p",1000,"regression","cpu_rsvd_auto","cpu","rsvd","auto","FALSE",NA,NA,"ordinary_fast","fresh_oversampled_sketch_per_component",1,"FALSE","TRUE",NA,NA,32,5,2000,400,1000,100,NA,30,20,1,0.762939453125,0.8,0.000499999999999945,0.0130000000000001,0.000500000000000049,0.813,0.001,19.844,269.844,NA,0.9644775390625,9.57123456247213e-06,0.999999999954191,NA,4.30819477870159e-08,0,3
"10_p_1000","one_factor","p",1000,"regression","metal_rsvd_auto","metal","rsvd","auto","FALSE",NA,NA,"ordinary_fast","fresh_oversampled_sketch_per_component",1,"FALSE","TRUE",NA,NA,32,5,2000,400,1000,100,NA,30,20,1,0.762939453125,0.643,0.013,0.0089999999999999,0.00150000000000004,0.652,0.0115,50.969,300.094,NA,1.43730926513672,9.63439320713632e-06,0.999999999953589,NA,4.7615848264293e-08,0,3
"11_p_2000","one_factor","p",2000,"regression","cpu_irlba_explicit","cpu","irlba","explicit","FALSE",32,5,NA,"fresh_per_component",1,"FALSE","TRUE",NA,NA,NA,NA,2000,400,2000,100,NA,30,20,1,1.52587890625,0.344,0.00149999999999995,0.026,1.00613961606655e-16,0.37,0.0015,8.64087499999999,327.688,NA,1.89017486572266,0,1,NA,0,0,3
"11_p_2000","one_factor","p",2000,"regression","cpu_rsvd_auto","cpu","rsvd","auto","FALSE",NA,NA,"ordinary_fast","fresh_oversampled_sketch_per_component",1,"FALSE","TRUE",NA,NA,32,5,2000,400,2000,100,NA,30,20,1,1.52587890625,1.618,0.00350000000000006,0.0260000000000002,0.000500000000000146,1.645,0.00350000000000006,13.609875,329.281,NA,1.895263671875,1.56230005211313e-06,0.999999999998788,NA,7.13984393829747e-09,0,3
"11_p_2000","one_factor","p",2000,"regression","metal_rsvd_auto","metal","rsvd","auto","FALSE",NA,NA,"ordinary_fast","fresh_oversampled_sketch_per_component",1,"FALSE","TRUE",NA,NA,32,5,2000,400,2000,100,NA,30,20,1,1.52587890625,1.099,0.02,0.0130000000000003,0.0010000000000001,1.112,0.0209999999999999,81.17175,403.828,NA,2.52068328857422,1.79778360331372e-06,0.999999999998398,NA,6.16033113409742e-10,0,3
"25_prefix_count_1","one_factor","prefix_count",1,"regression","cpu_irlba_explicit","cpu","irlba","explicit","FALSE",32,5,NA,"fresh_per_component",1,"FALSE","TRUE",NA,NA,NA,NA,2000,400,400,100,NA,30,1,1,0.30517578125,0.033,5e-04,0.006,5e-04,0.039,0,10.7965,241.109,NA,0.328422546386719,0,1,NA,0,0,3
"25_prefix_count_1","one_factor","prefix_count",1,"regression","cpu_rsvd_auto","cpu","rsvd","auto","FALSE",NA,NA,"ordinary_fast","fresh_oversampled_sketch_per_component",1,"FALSE","TRUE",NA,NA,32,5,2000,400,400,100,NA,30,1,1,0.30517578125,0.045,5e-04,0.005,0,0.05,5e-04,6.843625,241.188,NA,0.333511352539062,1.38812543792692e-06,0.999999999999032,NA,1.29141142224398e-11,0,3
"25_prefix_count_1","one_factor","prefix_count",1,"regression","metal_rsvd_auto","metal","rsvd","auto","FALSE",NA,NA,"ordinary_fast","fresh_oversampled_sketch_per_component",1,"FALSE","TRUE",NA,NA,32,5,2000,400,400,100,NA,30,1,1,0.30517578125,0.0469999999999999,0.0015,0.00700000000000001,0.00200000000000001,0.0519999999999999,0.0025,15.06275,246.172,NA,0.352401733398438,1.62651659368657e-06,0.999999999998673,NA,2.30090912989311e-09,0,3
"26_prefix_count_2","one_factor","prefix_count",2,"regression","cpu_irlba_explicit","cpu","irlba","explicit","FALSE",32,5,NA,"fresh_per_component",1,"FALSE","TRUE",NA,NA,NA,NA,2000,400,400,100,NA,30,20,2,0.30517578125,0.0730000000000001,0.00100000000000004,0.01,0.000499999999999999,0.0830000000000001,0.00150000000000006,10.2035,246.516,NA,0.70562744140625,0,1,NA,0,0,3
"26_prefix_count_2","one_factor","prefix_count",2,"regression","cpu_rsvd_auto","cpu","rsvd","auto","FALSE",NA,NA,"ordinary_fast","fresh_oversampled_sketch_per_component",1,"FALSE","TRUE",NA,NA,32,5,2000,400,400,100,NA,30,20,2,0.30517578125,0.31,5e-04,0.0110000000000001,0.000500000000000049,0.32,5e-04,12.891125,242.75,NA,0.710716247558594,2.9373333437283e-06,0.999999999995678,NA,2.14619588767562e-09,0,3
"26_prefix_count_2","one_factor","prefix_count",2,"regression","metal_rsvd_auto","metal","rsvd","auto","FALSE",NA,NA,"ordinary_fast","fresh_oversampled_sketch_per_component",1,"FALSE","TRUE",NA,NA,32,5,2000,400,400,100,NA,30,20,2,0.30517578125,0.337,0.00899999999999995,0.00800000000000001,0.000999999999999994,0.347,0.00900000000000001,27.812,256.812,NA,1.1077880859375,2.87242152465642e-06,0.999999999995862,NA,3.5284397625901e-10,0,3
"27_prefix_count_5","one_factor","prefix_count",5,"regression","cpu_irlba_explicit","cpu","irlba","explicit","FALSE",32,5,NA,"fresh_per_component",1,"FALSE","TRUE",NA,NA,NA,NA,2000,400,400,100,NA,30,20,5,0.30517578125,0.0700000000000001,5e-04,0.025,0.001,0.0950000000000001,5e-04,15.250125,244.703,NA,1.62165832519531,0,1,NA,0,0,3
"27_prefix_count_5","one_factor","prefix_count",5,"regression","cpu_rsvd_auto","cpu","rsvd","auto","FALSE",NA,NA,"ordinary_fast","fresh_oversampled_sketch_per_component",1,"FALSE","TRUE",NA,NA,32,5,2000,400,400,100,NA,30,20,5,0.30517578125,0.309,0.001,0.0249999999999999,0.000499999999999948,0.334,5e-04,16.125375,245.766,NA,1.62674713134766,5.36322948323683e-06,0.99999999998561,NA,6.62514594296226e-08,0,3
"27_prefix_count_5","one_factor","prefix_count",5,"regression","metal_rsvd_auto","metal","rsvd","auto","FALSE",NA,NA,"ordinary_fast","fresh_oversampled_sketch_per_component",1,"FALSE","TRUE",NA,NA,32,5,2000,400,400,100,NA,30,20,5,0.30517578125,0.351,0.006,0.012,0.00250000000000004,0.364,0.004,27.68775,263.156,NA,2.06935119628906,5.38252591368287e-06,0.999999999985517,NA,6.8371079242624e-08,0,3
"28_prefix_count_10","one_factor","prefix_count",10,"regression","cpu_irlba_explicit","cpu","irlba","explicit","FALSE",32,5,NA,"fresh_per_component",1,"FALSE","TRUE",NA,NA,NA,NA,2000,400,400,100,NA,30,20,10,0.30517578125,0.072,0.000999999999999945,0.049,5e-04,0.12,0.001,18.297125,248.969,NA,3.14848327636719,0,1,NA,0,0,3
"28_prefix_count_10","one_factor","prefix_count",10,"regression","cpu_rsvd_auto","cpu","rsvd","auto","FALSE",NA,NA,"ordinary_fast","fresh_oversampled_sketch_per_component",1,"FALSE","TRUE",NA,NA,32,5,2000,400,400,100,NA,30,20,10,0.30517578125,0.311,5e-04,0.0489999999999999,0,0.36,5e-04,16.81275,243.094,NA,3.15357208251953,1.92151935000402e-06,0.999999999998154,NA,1.40313018981431e-08,0,3
"28_prefix_count_10","one_factor","prefix_count",10,"regression","metal_rsvd_auto","metal","rsvd","auto","FALSE",NA,NA,"ordinary_fast","fresh_oversampled_sketch_per_component",1,"FALSE","TRUE",NA,NA,32,5,2000,400,400,100,NA,30,20,10,0.30517578125,0.357,0.00799999999999995,0.0209999999999999,0.00249999999999995,0.376,0.00650000000000001,26.79725,261.016,NA,3.67197418212891,2.05765613221975e-06,0.999999999997871,NA,1.70905708474223e-08,0,3
"29_prefix_count_20","one_factor","prefix_count",20,"regression","cpu_irlba_explicit","cpu","irlba","explicit","FALSE",32,5,NA,"fresh_per_component",1,"FALSE","TRUE",NA,NA,NA,NA,2000,400,400,100,NA,30,20,20,0.30517578125,0.074,0.001,0.096,5e-04,0.17,5e-04,32.172125,260.094,NA,6.20155334472656,0,1,NA,0,0,3
"29_prefix_count_20","one_factor","prefix_count",20,"regression","cpu_rsvd_auto","cpu","rsvd","auto","FALSE",NA,NA,"ordinary_fast","fresh_oversampled_sketch_per_component",1,"FALSE","TRUE",NA,NA,32,5,2000,400,400,100,NA,30,20,20,0.30517578125,0.312,0.001,0.097,0.000499999999999945,0.408,0.001,17.797,243.172,NA,6.20664215087891,6.33106379132125e-06,0.999999999979966,NA,3.92653283221023e-08,0,3
"29_prefix_count_20","one_factor","prefix_count",20,"regression","metal_rsvd_auto","metal","rsvd","auto","FALSE",NA,NA,"ordinary_fast","fresh_oversampled_sketch_per_component",1,"FALSE","TRUE",NA,NA,32,5,2000,400,400,100,NA,30,20,20,0.30517578125,0.38,0.0145,0.034,0.00449999999999995,0.406,0.015,30.60925,263.203,NA,6.87703704833984,6.45796063242204e-06,0.999999999979154,NA,3.25493604291793e-08,0,3
"12_q_10","one_factor","q",10,"regression","cpu_irlba_explicit","cpu","irlba","explicit","FALSE",32,5,NA,"fresh_per_component",1,"FALSE","TRUE",NA,NA,NA,NA,2000,400,400,10,NA,30,20,1,0.030517578125,0.021,0.000499999999999997,0.001,5e-04,0.022,0.001,12.890125,239.391,NA,0.111885070800781,0,1,NA,0,0,3
"12_q_10","one_factor","q",10,"regression","cpu_rsvd_auto","cpu","rsvd","auto","FALSE",NA,NA,"ordinary_fast","fresh_oversampled_sketch_per_component",1,"FALSE","TRUE",NA,NA,32,5,2000,400,400,10,NA,30,20,1,0.030517578125,0.031,5e-04,0.001,0,0.032,5e-04,6.71924999999999,235.438,NA,0.116973876953125,1.26655074562183e-07,0.999999999999992,NA,2.59919033518408e-09,0,3
"12_q_10","one_factor","q",10,"regression","metal_rsvd_auto","metal","rsvd","auto","FALSE",NA,NA,"ordinary_fast","fresh_oversampled_sketch_per_component",1,"FALSE","TRUE",NA,NA,32,5,2000,400,400,10,NA,30,20,1,0.030517578125,0.161,0.0015,0.00700000000000001,0.00100000000000001,0.169,0.002,19.406625,249.688,NA,0.484519958496094,3.8828316195989e-07,0.999999999999924,NA,1.59264368915224e-08,0,3
"13_q_25","one_factor","q",25,"regression","cpu_irlba_explicit","cpu","irlba","explicit","FALSE",32,5,NA,"fresh_per_component",1,"FALSE","TRUE",NA,NA,NA,NA,2000,400,400,25,NA,30,20,1,0.0762939453125,0.029,5e-04,0.002,0,0.031,5e-04,6.984375,239.734,NA,0.160018920898438,0,1,NA,0,0,3
"13_q_25","one_factor","q",25,"regression","cpu_rsvd_auto","cpu","rsvd","auto","FALSE",NA,NA,"ordinary_fast","fresh_oversampled_sketch_per_component",1,"FALSE","TRUE",NA,NA,32,5,2000,400,400,25,NA,30,20,1,0.0762939453125,0.099,0.001,0.002,5e-04,0.101,0.0015,12.812625,236.422,NA,0.165107727050781,8.46168676540157e-07,0.999999999999642,NA,1.66027240844357e-08,0,3
"13_q_25","one_factor","q",25,"regression","metal_rsvd_auto","metal","rsvd","auto","FALSE",NA,NA,"ordinary_fast","fresh_oversampled_sketch_per_component",1,"FALSE","TRUE",NA,NA,32,5,2000,400,400,25,NA,30,20,1,0.0762939453125,0.178,0.0115,0.005,0.0015,0.184,0.0125,21.999625,251.078,NA,0.534942626953125,1.10759174216973e-06,0.999999999999389,NA,1.56510813753563e-08,0,3
"14_q_50","one_factor","q",50,"regression","cpu_irlba_explicit","cpu","irlba","explicit","FALSE",32,5,NA,"fresh_per_component",1,"FALSE","TRUE",NA,NA,NA,NA,2000,400,400,50,NA,30,20,1,0.152587890625,0.0429999999999999,0.000999999999999994,0.003,0,0.0459999999999999,0.001,8.828,234.203,NA,0.240318298339844,0,1,NA,0,0,3
"14_q_50","one_factor","q",50,"regression","cpu_rsvd_auto","cpu","rsvd","auto","FALSE",NA,NA,"ordinary_fast","fresh_oversampled_sketch_per_component",1,"FALSE","TRUE",NA,NA,32,5,2000,400,400,50,NA,30,20,1,0.152587890625,0.195,0.0015,0.004,5e-04,0.199,0.002,12.969125,239.141,NA,0.245407104492188,1.60867343323985e-06,0.999999999998699,NA,2.87293585587989e-08,0,3
"14_q_50","one_factor","q",50,"regression","metal_rsvd_auto","metal","rsvd","auto","FALSE",NA,NA,"ordinary_fast","fresh_oversampled_sketch_per_component",1,"FALSE","TRUE",NA,NA,32,5,2000,400,400,50,NA,30,20,1,0.152587890625,0.198,0.00800000000000001,0.004,5e-04,0.201,0.00800000000000001,21.125375,251.688,NA,0.619056701660156,1.72386508604723e-06,0.999999999998513,NA,3.35474046320172e-08,0,3
"15_q_100","one_factor","q",100,"regression","cpu_irlba_explicit","cpu","irlba","explicit","FALSE",32,5,NA,"fresh_per_component",1,"FALSE","TRUE",NA,NA,NA,NA,2000,400,400,100,NA,30,20,1,0.30517578125,0.071,0.000499999999999945,0.006,5e-04,0.077,0.000999999999999959,13.015875,241.516,NA,0.400917053222656,0,1,NA,0,0,3
"15_q_100","one_factor","q",100,"regression","cpu_rsvd_auto","cpu","rsvd","auto","FALSE",NA,NA,"ordinary_fast","fresh_oversampled_sketch_per_component",1,"FALSE","TRUE",NA,NA,32,5,2000,400,400,100,NA,30,20,1,0.30517578125,0.31,0.001,0.006,0.000500000000000055,0.316,0.0015,12.890125,244.812,NA,0.406005859375,3.11925991865461e-06,0.999999999995131,NA,7.77798263573715e-08,0,3
"15_q_100","one_factor","q",100,"regression","metal_rsvd_auto","metal","rsvd","auto","FALSE",NA,NA,"ordinary_fast","fresh_oversampled_sketch_per_component",1,"FALSE","TRUE",NA,NA,32,5,2000,400,400,100,NA,30,20,1,0.30517578125,0.34,0.00799999999999995,0.004,0.00249999999999995,0.348,0.00850000000000001,24.796625,258.531,NA,0.787284851074219,3.13998524939734e-06,0.99999999999508,NA,7.83219689104442e-08,0,3
"16_q_250","one_factor","q",250,"regression","cpu_irlba_explicit","cpu","irlba","explicit","FALSE",32,5,NA,"fresh_per_component",1,"FALSE","TRUE",NA,NA,NA,NA,2000,400,400,250,NA,30,20,1,0.762939453125,0.164,5e-04,0.013,0,0.177,5e-04,14.4535,257.391,NA,0.882713317871094,0,1,NA,0,0,3
"16_q_250","one_factor","q",250,"regression","cpu_rsvd_auto","cpu","rsvd","auto","FALSE",NA,NA,"ordinary_fast","fresh_oversampled_sketch_per_component",1,"FALSE","TRUE",NA,NA,32,5,2000,400,400,250,NA,30,20,1,0.762939453125,0.658,0.002,0.0130000000000001,0.000500000000000051,0.67,0.002,14.50025,252.875,NA,0.887802124023438,9.77128423675223e-06,0.999999999952247,NA,9.97977467331879e-09,0,3
"16_q_250","one_factor","q",250,"regression","metal_rsvd_auto","metal","rsvd","auto","FALSE",NA,NA,"ordinary_fast","fresh_oversampled_sketch_per_component",1,"FALSE","TRUE",NA,NA,32,5,2000,400,400,250,NA,30,20,1,0.762939453125,1.24,0.004,0.006,0.00100000000000011,1.246,0.00299999999999989,47.82825,290.094,NA,1.29196929931641,9.80285245638358e-06,0.999999999951945,NA,9.78492420422583e-09,0,3
"17_q_500","one_factor","q",500,"regression","cpu_irlba_explicit","cpu","irlba","explicit","FALSE",32,5,NA,"fresh_per_component",1,"FALSE","TRUE",NA,NA,NA,NA,2000,400,400,500,NA,30,20,1,1.52587890625,0.302,0.0045,0.0250000000000001,0.000500000000000049,0.327,0.004,33.10975,285.922,NA,1.68570709228516,0,1,NA,0,0,3
"17_q_500","one_factor","q",500,"regression","cpu_rsvd_auto","cpu","rsvd","auto","FALSE",NA,NA,"high_response_stable","fresh_oversampled_sketch_per_component",1,"FALSE","TRUE",NA,NA,48,6,2000,400,400,500,NA,30,20,1,1.52587890625,2.141,0.00400000000000045,0.0249999999999999,0,2.166,0.004,33.71825,292.812,NA,1.69081115722656,1.04374817521887e-05,0.999999999945574,NA,3.44330807644511e-07,0,3
"17_q_500","one_factor","q",500,"regression","metal_rsvd_auto","metal","rsvd","auto","FALSE",NA,NA,"high_response_stable","fresh_oversampled_sketch_per_component",1,"FALSE","TRUE",NA,NA,48,6,2000,400,400,500,NA,30,20,1,1.52587890625,1.308,0.0185000000000002,0.00599999999999978,0.00150000000000006,1.316,0.0190000000000001,69.79675,334.828,NA,2.13312530517578,1.04431851370175e-05,0.999999999940894,NA,3.39704457563705e-07,0,3
"18_q_1000","one_factor","q",1000,"regression","cpu_irlba_explicit","cpu","irlba","explicit","FALSE",32,5,NA,"fresh_per_component",1,"FALSE","TRUE",NA,NA,NA,NA,2000,400,400,1000,NA,30,20,1,3.0517578125,0.618,0.000500000000000056,0.048,0.000499999999999945,0.666,0.00100000000000011,22.203125,299.812,NA,3.29169464111328,0,1,NA,0,0,3
"18_q_1000","one_factor","q",1000,"regression","cpu_rsvd_auto","cpu","rsvd","auto","FALSE",NA,NA,"high_response_stable","fresh_oversampled_sketch_per_component",1,"FALSE","TRUE",NA,NA,48,6,2000,400,400,1000,NA,30,20,1,3.0517578125,4.121,0.00100000000000033,0.048,0.00100000000000075,4.17,0.00150000000000006,22.15575,301.312,NA,3.29679870605469,6.13126592017285e-06,0.999999999981207,NA,5.57328138084401e-08,0,3
"18_q_1000","one_factor","q",1000,"regression","metal_rsvd_auto","metal","rsvd","auto","FALSE",NA,NA,"high_response_stable","fresh_oversampled_sketch_per_component",1,"FALSE","TRUE",NA,NA,48,6,2000,400,400,1000,NA,30,20,1,3.0517578125,1.8,0.0155000000000001,0.0100000000000002,0.00100000000000009,1.81,0.0165,97.14075,383.922,NA,3.81540679931641,6.13839255027841e-06,0.999999999981059,NA,5.6528535630207e-08,0,3
"30_rank_5","one_factor","rank",5,"regression","cpu_irlba_explicit","cpu","irlba","explicit","FALSE",32,5,NA,"fresh_per_component",1,"FALSE","TRUE",NA,NA,NA,NA,2000,400,400,100,NA,5,5,1,0.30517578125,0.037,5e-04,0.006,0,0.043,5e-04,12.9845,242.172,NA,0.343681335449219,0,1,NA,0,0,3
"30_rank_5","one_factor","rank",5,"regression","cpu_rsvd_auto","cpu","rsvd","auto","FALSE",NA,NA,"ordinary_fast","fresh_oversampled_sketch_per_component",1,"FALSE","TRUE",NA,NA,32,5,2000,400,400,100,NA,5,5,1,0.30517578125,0.101,5e-04,0.006,0,0.107,5e-04,6.82787500000001,239.297,NA,0.348770141601562,1.43074536260383e-15,1,NA,1.11022302462516e-16,0,3
"30_rank_5","one_factor","rank",5,"regression","metal_rsvd_auto","metal","rsvd","auto","FALSE",NA,NA,"ordinary_fast","fresh_oversampled_sketch_per_component",1,"FALSE","TRUE",NA,NA,32,5,2000,400,400,100,NA,5,5,1,0.30517578125,0.106,0.004,0.005,0.00150000000000006,0.111,0.00549999999999999,24.703125,259.938,NA,0.443954467773438,2.17387293446227e-07,0.999999999999972,NA,2.38548941711159e-09,0,3
"31_rank_10","one_factor","rank",10,"regression","cpu_irlba_explicit","cpu","irlba","explicit","FALSE",32,5,NA,"fresh_per_component",1,"FALSE","TRUE",NA,NA,NA,NA,2000,400,400,100,NA,10,5,1,0.30517578125,0.04,0,0.006,5e-04,0.046,5e-04,12.906125,239.203,NA,0.343681335449219,0,1,NA,0,0,3
"31_rank_10","one_factor","rank",10,"regression","cpu_rsvd_auto","cpu","rsvd","auto","FALSE",NA,NA,"ordinary_fast","fresh_oversampled_sketch_per_component",1,"FALSE","TRUE",NA,NA,32,5,2000,400,400,100,NA,10,5,1,0.30517578125,0.101,5e-04,0.005,5e-04,0.106,0,8.39099999999999,238.891,NA,0.348770141601562,2.1983021987301e-07,0.999999999999972,NA,1.91622906431377e-09,0,3
"31_rank_10","one_factor","rank",10,"regression","metal_rsvd_auto","metal","rsvd","auto","FALSE",NA,NA,"ordinary_fast","fresh_oversampled_sketch_per_component",1,"FALSE","TRUE",NA,NA,32,5,2000,400,400,100,NA,10,5,1,0.30517578125,0.109,0.00799999999999999,0.005,5e-04,0.114,0.00749999999999999,26.422,258.797,NA,0.443954467773438,3.48234910108148e-07,0.999999999999943,NA,1.22157928217348e-09,0,3
"32_rank_20","one_factor","rank",20,"regression","cpu_irlba_explicit","cpu","irlba","explicit","FALSE",32,5,NA,"fresh_per_component",1,"FALSE","TRUE",NA,NA,NA,NA,2000,400,400,100,NA,20,5,1,0.30517578125,0.04,0,0.005,5e-04,0.045,5e-04,13.047125,243.344,NA,0.343681335449219,0,1,NA,0,0,3
"32_rank_20","one_factor","rank",20,"regression","cpu_rsvd_auto","cpu","rsvd","auto","FALSE",NA,NA,"ordinary_fast","fresh_oversampled_sketch_per_component",1,"FALSE","TRUE",NA,NA,32,5,2000,400,400,100,NA,20,5,1,0.30517578125,0.101,0,0.006,5e-04,0.107,5e-04,9.84375,239.969,NA,0.348770141601562,1.39625084741058e-06,0.999999999999043,NA,1.77379325672078e-08,0,3
"32_rank_20","one_factor","rank",20,"regression","metal_rsvd_auto","metal","rsvd","auto","FALSE",NA,NA,"ordinary_fast","fresh_oversampled_sketch_per_component",1,"FALSE","TRUE",NA,NA,32,5,2000,400,400,100,NA,20,5,1,0.30517578125,0.112,0.002,0.006,0.0015,0.118,0.0035,24.344,257.078,NA,0.443954467773438,1.45434188699743e-06,0.99999999999895,NA,1.49491248269129e-08,0,3
"33_rank_40","one_factor","rank",40,"regression","cpu_irlba_explicit","cpu","irlba","explicit","FALSE",32,5,NA,"fresh_per_component",1,"FALSE","TRUE",NA,NA,NA,NA,2000,400,400,100,NA,40,5,1,0.30517578125,0.041,0.000999999999999994,0.005,5e-04,0.047,0.001,14.828,245.328,NA,0.343681335449219,0,1,NA,0,0,3
"33_rank_40","one_factor","rank",40,"regression","cpu_rsvd_auto","cpu","rsvd","auto","FALSE",NA,NA,"ordinary_fast","fresh_oversampled_sketch_per_component",1,"FALSE","TRUE",NA,NA,32,5,2000,400,400,100,NA,40,5,1,0.30517578125,0.101,0,0.005,5e-04,0.106,5e-04,8.3595,240.906,NA,0.348770141601562,7.34994818632526e-06,0.999999999970908,NA,1.17560611245793e-08,0,3
"33_rank_40","one_factor","rank",40,"regression","metal_rsvd_auto","metal","rsvd","auto","FALSE",NA,NA,"ordinary_fast","fresh_oversampled_sketch_per_component",1,"FALSE","TRUE",NA,NA,32,5,2000,400,400,100,NA,40,5,1,0.30517578125,0.104,0.0035,0.004,0.0035,0.107,0.00649999999999999,25.156375,260.172,NA,0.443954467773438,6.18774899072558e-06,0.999999999980864,NA,1.43106085870315e-08,0,3
"34_rank_80","one_factor","rank",80,"regression","cpu_irlba_explicit","cpu","irlba","explicit","FALSE",32,5,NA,"fresh_per_component",1,"FALSE","TRUE",NA,NA,NA,NA,2000,400,400,100,NA,80,5,1,0.30517578125,0.0419999999999999,0.000999999999999945,0.006,5e-04,0.0479999999999999,0.00149999999999995,13.0155,242.516,NA,0.343681335449219,0,1,NA,0,0,3
"34_rank_80","one_factor","rank",80,"regression","cpu_rsvd_auto","cpu","rsvd","auto","FALSE",NA,NA,"ordinary_fast","fresh_oversampled_sketch_per_component",1,"FALSE","TRUE",NA,NA,32,5,2000,400,400,100,NA,80,5,1,0.30517578125,0.101,5e-04,0.006,5e-04,0.107,0,8.32849999999999,239.016,NA,0.348770141601562,0.000207769993008926,0.999999926414488,NA,8.84075144980123e-07,0,3
"34_rank_80","one_factor","rank",80,"regression","metal_rsvd_auto","metal","rsvd","auto","FALSE",NA,NA,"ordinary_fast","fresh_oversampled_sketch_per_component",1,"FALSE","TRUE",NA,NA,32,5,2000,400,400,100,NA,80,5,1,0.30517578125,0.104,0.00749999999999999,0.004,5e-04,0.108,0.00799999999999999,18.875,248.234,NA,0.443954467773438,3.56814144757007e-05,0.99999999936408,NA,1.19806193632499e-07,0,3
