"dataset","task_type","method_id","package","algorithm","ncomp_requested","input_precision","execution_precision","classifier","classifier_backend","classifier_numeric_path","requested_estimator","executed_estimator","reps_ok","median_time_ms","iqr_time_ms","median_peak_host_rss_mb","iqr_peak_host_rss_mb","median_metric","iqr_metric","metric_name","median_accuracy","median_balanced_accuracy","median_macro_f1","median_rmse","median_q2"
"ccle","classification","chemometrics_pls_eigen","chemometrics","PLS eigen",26,"float64","float64","argmax","chemometrics","float64","PLS eigen","PLS eigen",10,925,4.25,165.2089845,0.419921750000015,0.676056338028169,0,"accuracy",0.676056338028169,0.561243386243386,0.565722267533862,,
"cifar100","classification","chemometrics_pls_eigen","chemometrics","PLS eigen",263,"float64","float64","argmax","chemometrics","float64","PLS eigen","PLS eigen",3,34188,15,2027.5,0.332030999999915,0.8741,0,"accuracy",0.8741,0.8741,0.871947611199974,,
"gtex_v8","classification","chemometrics_pls_eigen","chemometrics","PLS eigen",190,"float64","float64","argmax","chemometrics","float64","PLS eigen","PLS eigen",3,3429,20,280.445312,0.197265499999958,0.941028858218319,0,"accuracy",0.941028858218319,0.770679859726495,0.781395675597552,,
"metref","classification","chemometrics_pls_eigen","chemometrics","PLS eigen",118,"float64","float64","argmax","chemometrics","float64","PLS eigen","PLS eigen",10,108.5,4.25,138.169922,0.536133000000007,0.82,0,"accuracy",0.82,0.839935064935065,0.809346209346209,,
"retina","classification","chemometrics_pls_eigen","chemometrics","PLS eigen",30,"float64","float64","argmax","chemometrics","float64","PLS eigen","PLS eigen",10,136,1.75,163.189453,0.22265625,0.934392573417835,0,"accuracy",0.934392573417835,0.753518881508825,0.838363295027981,,
"tabula","classification","chemometrics_pls_eigen","chemometrics","PLS eigen",44,"float64","float64","argmax","chemometrics","float64","PLS eigen","PLS eigen",10,603,5,314.660156,0.501953500000013,0.783275734633133,0,"accuracy",0.783275734633133,0.586035023863962,0.572764211743705,,
"tcga_brca","classification","chemometrics_pls_eigen","chemometrics","PLS eigen",7,"float64","float64","argmax","chemometrics","float64","PLS eigen","PLS eigen",3,1016,5.5,181.101562,0.103516000000013,0.886363636363636,0,"accuracy",0.886363636363636,0.679634551495017,0.695970602562468,,
"tcga_hnsc_methylation","classification","chemometrics_pls_eigen","chemometrics","PLS eigen",2,"float64","float64","argmax","chemometrics","float64","PLS eigen","PLS eigen",10,467,14.25,132.667969,0.318359750000013,1,0,"accuracy",1,1,1,,
"tcga_pan_cancer","classification","chemometrics_pls_eigen","chemometrics","PLS eigen",185,"float64","float64","argmax","chemometrics","float64","PLS eigen","PLS eigen",3,1634,5.5,215.984375,0.0722659999999848,0.881873727087576,0,"accuracy",0.881873727087576,0.823255035432532,0.807572341636232,,
"ccle","classification","fastPLS_simpls_cpu_irlba","fastPLS","SIMPLS",26,"float64","float64","argmax","argmax","float64","simpls","simpls",10,48,0.749999999999929,463.123047,0.278320250000036,0.71830985915493,0,"accuracy",0.71830985915493,0.59021164021164,0.602765752765753,,
"cifar100","classification","fastPLS_simpls_cpu_irlba","fastPLS","SIMPLS",263,"float64","float64","argmax","argmax","float64","simpls","simpls",3,16387,50,1687.101562,0.0195314999998573,0.8912,0,"accuracy",0.8912,0.8912,0.88985913883586,,
"gtex_v8","classification","fastPLS_simpls_cpu_irlba","fastPLS","SIMPLS",190,"float64","float64","argmax","argmax","float64","simpls","simpls",10,993.5,4.5,501.783203,0.354492499999992,0.963613550815558,0,"accuracy",0.963613550815558,0.823156168906619,0.829612729932731,,
"metref","classification","fastPLS_simpls_cpu_irlba","fastPLS","SIMPLS",118,"float64","float64","argmax","argmax","float64","simpls","simpls",10,82.5000000000001,0.999999999999901,465.3691405,0.278320000000008,0.97,0,"accuracy",0.97,0.972727272727273,0.973096348096348,,
"retina","classification","fastPLS_simpls_cpu_irlba","fastPLS","SIMPLS",30,"float64","float64","argmax","argmax","float64","simpls","simpls",10,80.0000000000001,2.50000000000004,518.375,0.399414499999921,0.967776488440596,0,"accuracy",0.967776488440596,0.901549874457733,0.933160842295358,,
"tabula","classification","fastPLS_simpls_cpu_irlba","fastPLS","SIMPLS",44,"float64","float64","argmax","argmax","float64","simpls","simpls",10,342,2.75,648.546875,0.724609500000042,0.800435486126371,0,"accuracy",0.800435486126371,0.598654992864988,0.58682068731277,,
"tcga_brca","classification","fastPLS_simpls_cpu_irlba","fastPLS","SIMPLS",7,"float64","float64","argmax","argmax","float64","simpls","simpls",10,26.9999999999999,0.999999999999901,465.1992185,0.25390625,0.852272727272727,0,"accuracy",0.852272727272727,0.680919158361019,0.669563167418508,,
"tcga_hnsc_methylation","classification","fastPLS_simpls_cpu_irlba","fastPLS","SIMPLS",2,"float64","float64","argmax","argmax","float64","simpls","simpls",10,18.5,0.999999999999901,461.3671875,0.613280750000001,1,0,"accuracy",1,1,1,,
"tcga_pan_cancer","classification","fastPLS_simpls_cpu_irlba","fastPLS","SIMPLS",185,"float64","float64","argmax","argmax","float64","simpls","simpls",10,798.5,8,498.027344,0.146483999999987,0.940936863543788,0,"accuracy",0.940936863543788,0.90513809166767,0.902001623474065,,
"ccle","classification","fastPLS_simpls_cpu_irlba_lda","fastPLS","SIMPLS + LDA",26,"float64","float64","lda","cpp_project","float64","simpls","simpls",10,54.9999999999999,1.49999999999993,463.6875,0.549804999999992,0.774647887323944,0,"accuracy",0.774647887323944,0.685582010582011,0.705659772326439,,
"cifar100","classification","fastPLS_simpls_cpu_irlba_lda","fastPLS","SIMPLS + LDA",263,"float64","float64","lda","cpp_project","float64","simpls","simpls",3,23343,12.5,1686.828125,0.417969000000085,0.8847,0,"accuracy",0.8847,0.8847,0.888974693902574,,
"gtex_v8","classification","fastPLS_simpls_cpu_irlba_lda","fastPLS","SIMPLS + LDA",190,"float64","float64","lda","cpp_project","float64","simpls","simpls",3,1286,12,502.039062,1.89257799999996,0.969887076537014,0,"accuracy",0.969887076537014,0.867805915711538,0.87156122383465,,
"metref","classification","fastPLS_simpls_cpu_irlba_lda","fastPLS","SIMPLS + LDA",118,"float64","float64","lda","cpp_project","float64","simpls","simpls",10,99.0000000000001,0.750000000000057,465.714844,0.177734250000015,0.99,0,"accuracy",0.99,0.988636363636364,0.988455988455988,,
"retina","classification","fastPLS_simpls_cpu_irlba_lda","fastPLS","SIMPLS + LDA",30,"float64","float64","lda","cpp_project","float64","simpls","simpls",10,90.0000000000001,0.749999999999929,494.7167965,0.301758250000034,0.969115415513702,0,"accuracy",0.969115415513702,0.909706872612551,0.936189749405791,,
"tabula","classification","fastPLS_simpls_cpu_irlba_lda","fastPLS","SIMPLS + LDA",44,"float64","float64","lda","cpp_project","float64","simpls","simpls",10,285.5,1,599.751953,0.184570000000008,0.874528056892866,0,"accuracy",0.874528056892866,0.812762740967671,0.808052487455842,,
"tcga_brca","classification","fastPLS_simpls_cpu_irlba_lda","fastPLS","SIMPLS + LDA",7,"float64","float64","lda","cpp_project","float64","simpls","simpls",10,29,1.0000000000001,464.412109,0.249023000000022,0.863636363636364,0,"accuracy",0.863636363636364,0.876965669988926,0.846635282295501,,
"tcga_hnsc_methylation","classification","fastPLS_simpls_cpu_irlba_lda","fastPLS","SIMPLS + LDA",2,"float64","float64","lda","cpp_project","float64","simpls","simpls",10,18.9999999999999,1.49213974509621e-13,461.5585935,0.190429249999966,0.982758620689655,0,"accuracy",0.982758620689655,0.990566037735849,0.94978354978355,,
"tcga_pan_cancer","classification","fastPLS_simpls_cpu_irlba_lda","fastPLS","SIMPLS + LDA",185,"float64","float64","lda","cpp_project","float64","simpls","simpls",3,1031,11,497.730469,1.3125,0.934826883910387,0,"accuracy",0.934826883910387,0.915076535238949,0.908787422146443,,
"ccle","classification","mdatools_plsda_or_pls","mdatools","SIMPLS/PLS-DA",26,"float64","float64","argmax","mdatools","float64","SIMPLS/PLS-DA","SIMPLS/PLS-DA",10,740.5,3.5,206.2441405,0.235352000000034,0.71830985915493,0,"accuracy",0.71830985915493,0.59021164021164,0.602765752765753,,
"gtex_v8","classification","mdatools_plsda_or_pls","mdatools","SIMPLS/PLS-DA",190,"float64","float64","argmax","mdatools","float64","SIMPLS/PLS-DA","SIMPLS/PLS-DA",3,25186,76.5,1344.328125,0.1640625,0.963613550815558,0,"accuracy",0.963613550815558,0.823156168906619,0.829612729932731,,
"metref","classification","mdatools_plsda_or_pls","mdatools","SIMPLS/PLS-DA",118,"float64","float64","argmax","mdatools","float64","SIMPLS/PLS-DA","SIMPLS/PLS-DA",3,1450,23,285.09375,0.244140500000071,0.97,0,"accuracy",0.97,0.972727272727273,0.973096348096348,,
"retina","classification","mdatools_plsda_or_pls","mdatools","SIMPLS/PLS-DA",30,"float64","float64","argmax","mdatools","float64","SIMPLS/PLS-DA","SIMPLS/PLS-DA",3,3274,16.5,841.105469,0.316406499999971,0.967776488440596,0,"accuracy",0.967776488440596,0.901549874457733,0.933160842295358,,
"tabula","classification","mdatools_plsda_or_pls","mdatools","SIMPLS/PLS-DA",44,"float64","float64","argmax","mdatools","float64","SIMPLS/PLS-DA","SIMPLS/PLS-DA",3,20260,51,5601.339844,0.09375,0.800435486126371,0,"accuracy",0.800435486126371,0.598654992864988,0.58682068731277,,
"tcga_brca","classification","mdatools_plsda_or_pls","mdatools","SIMPLS/PLS-DA",7,"float64","float64","argmax","mdatools","float64","SIMPLS/PLS-DA","SIMPLS/PLS-DA",10,432,2.75,202.59375,0.215820000000008,0.852272727272727,0,"accuracy",0.852272727272727,0.680919158361019,0.669563167418508,,
"tcga_hnsc_methylation","classification","mdatools_plsda_or_pls","mdatools","SIMPLS/PLS-DA",2,"float64","float64","argmax","mdatools","float64","SIMPLS/PLS-DA","SIMPLS/PLS-DA",10,142.5,1,166.578125,0.189452249999988,1,0,"accuracy",1,1,1,,
"tcga_pan_cancer","classification","mdatools_plsda_or_pls","mdatools","SIMPLS/PLS-DA",185,"float64","float64","argmax","mdatools","float64","SIMPLS/PLS-DA","SIMPLS/PLS-DA",3,21035,52.5,1326.222656,1.796875,0.940936863543788,0,"accuracy",0.940936863543788,0.90513809166767,0.902001623474065,,
"ccle","classification","mixOmics_plsda","mixOmics","PLS-DA",26,"float64","float64","argmax","mixOmics","float64","PLS-DA","PLS-DA",3,1031,5,356.875,0.197265499999958,0.71830985915493,0,"accuracy",0.71830985915493,0.576322751322751,0.572619047619048,,
"gtex_v8","classification","mixOmics_plsda","mixOmics","PLS-DA",190,"float64","float64","argmax","mixOmics","float64","PLS-DA","PLS-DA",3,3341605,5576.5,845.917969,0.308593500000029,0.963613550815558,0,"accuracy",0.963613550815558,0.823156168906619,0.8296355966322,,
"metref","classification","mixOmics_plsda","mixOmics","PLS-DA",118,"float64","float64","argmax","mixOmics","float64","PLS-DA","PLS-DA",3,34979,57.5,417.445312,0.550781499999971,0.97,0,"accuracy",0.97,0.972727272727273,0.973096348096348,,
"retina","classification","mixOmics_plsda","mixOmics","PLS-DA",30,"float64","float64","argmax","mixOmics","float64","PLS-DA","PLS-DA",3,4970603,19486.5,852.316406,1.15429699999993,0.967776488440596,0,"accuracy",0.967776488440596,0.901549874457733,0.933160842295358,,
"tcga_brca","classification","mixOmics_plsda","mixOmics","PLS-DA",7,"float64","float64","argmax","mixOmics","float64","PLS-DA","PLS-DA",10,287,1.75,301.095703,0.308593250000001,0.852272727272727,0,"accuracy",0.852272727272727,0.675570321151717,0.668317123489537,,
"tcga_hnsc_methylation","classification","mixOmics_plsda","mixOmics","PLS-DA",2,"float64","float64","argmax","mixOmics","float64","PLS-DA","PLS-DA",10,34.9999999999999,1.75000000000003,277.648437,0.125000250000028,1,0,"accuracy",1,1,1,,
"tcga_pan_cancer","classification","mixOmics_plsda","mixOmics","PLS-DA",185,"float64","float64","argmax","mixOmics","float64","PLS-DA","PLS-DA",3,3820241,8392,845.882812,8.5703125,0.940936863543788,0,"accuracy",0.940936863543788,0.905037447545287,0.903109584901054,,
"ccle","classification","pcv_simpls","pcv","SIMPLS",26,"float64","float64","argmax","pcv","float64","simpls","simpls",10,254.5,2,147.669922,0.33203125,0.71830985915493,0,"accuracy",0.71830985915493,0.59021164021164,0.602765752765753,,
"cifar100","classification","pcv_simpls","pcv","SIMPLS",263,"float64","float64","argmax","pcv","float64","simpls","simpls",3,48096,133.5,1591,0.029296499999873,0.8912,0,"accuracy",0.8912,0.8912,0.88985913883586,,
"gtex_v8","classification","pcv_simpls","pcv","SIMPLS",190,"float64","float64","argmax","pcv","float64","simpls","simpls",3,2975,4.5,236.972656,0.201172000000014,0.963613550815558,0,"accuracy",0.963613550815558,0.823156168906619,0.829612729932731,,
"metref","classification","pcv_simpls","pcv","SIMPLS",118,"float64","float64","argmax","pcv","float64","simpls","simpls",10,195,1.5,142.5976565,0.308593500000029,0.97,0,"accuracy",0.97,0.972727272727273,0.973096348096348,,
"retina","classification","pcv_simpls","pcv","SIMPLS",30,"float64","float64","argmax","pcv","float64","simpls","simpls",10,197.5,2,152.171875,0.227539500000006,0.967776488440596,0,"accuracy",0.967776488440596,0.901549874457733,0.933160842295358,,
"tabula","classification","pcv_simpls","pcv","SIMPLS",44,"float64","float64","argmax","pcv","float64","simpls","simpls",10,896,6.25,305.5742185,0.222655999999972,0.800435486126371,0,"accuracy",0.800435486126371,0.598654992864988,0.58682068731277,,
"tcga_brca","classification","pcv_simpls","pcv","SIMPLS",7,"float64","float64","argmax","pcv","float64","simpls","simpls",10,236,1.75,149.7089845,0.327148749999992,0.852272727272727,0,"accuracy",0.852272727272727,0.680919158361019,0.669563167418508,,
"tcga_hnsc_methylation","classification","pcv_simpls","pcv","SIMPLS",2,"float64","float64","argmax","pcv","float64","simpls","simpls",10,98,0.75,120.712891,0.387695249999993,1,0,"accuracy",1,1,1,,
"tcga_pan_cancer","classification","pcv_simpls","pcv","SIMPLS",185,"float64","float64","argmax","pcv","float64","simpls","simpls",3,2424,44,211.742188,0.417968499999972,0.940936863543788,0,"accuracy",0.940936863543788,0.90513809166767,0.902001623474065,,
"ccle","classification","pls_simpls_fit","pls","SIMPLS",26,"float64","float64","argmax","pls","float64","simpls","simpls",10,57,0.75,139.207031,0.265625499999999,0.71830985915493,0,"accuracy",0.71830985915493,0.59021164021164,0.602765752765753,,
"gtex_v8","classification","pls_simpls_fit","pls","SIMPLS",190,"float64","float64","argmax","pls","float64","simpls","simpls",3,2839,12,692.191406,0.128905999999915,0.963613550815558,0,"accuracy",0.963613550815558,0.823156168906619,0.829612729932731,,
"metref","classification","pls_simpls_fit","pls","SIMPLS",118,"float64","float64","argmax","pls","float64","simpls","simpls",10,239,10,157.1523435,0.176757500000008,0.97,0,"accuracy",0.97,0.972727272727273,0.973096348096348,,
"retina","classification","pls_simpls_fit","pls","SIMPLS",30,"float64","float64","argmax","pls","float64","simpls","simpls",10,425,2.75,356.9238285,0.475585749999993,0.967776488440596,0,"accuracy",0.967776488440596,0.901549874457733,0.933160842295358,,
"tabula","classification","pls_simpls_fit","pls","SIMPLS",44,"float64","float64","argmax","pls","float64","simpls","simpls",3,2575,7.5,1978.660156,0.125,0.800435486126371,0,"accuracy",0.800435486126371,0.598654992864988,0.58682068731277,,
"tcga_brca","classification","pls_simpls_fit","pls","SIMPLS",7,"float64","float64","argmax","pls","float64","simpls","simpls",10,27,0,121.5332035,0.155273499999993,0.852272727272727,0,"accuracy",0.852272727272727,0.680919158361019,0.669563167418508,,
"tcga_hnsc_methylation","classification","pls_simpls_fit","pls","SIMPLS",2,"float64","float64","argmax","pls","float64","simpls","simpls",10,13,0,106.71875,0.258789000000007,1,0,"accuracy",1,1,1,,
"tcga_pan_cancer","classification","pls_simpls_fit","pls","SIMPLS",185,"float64","float64","argmax","pls","float64","simpls","simpls",3,2478,6.5,661.574219,0.1796875,0.940936863543788,0,"accuracy",0.940936863543788,0.90513809166767,0.902001623474065,,
"ccle","classification","plsdepot_simpls","plsdepot","SIMPLS",26,"float64","float64","argmax","plsdepot","float64","simpls","simpls",3,2939,7.5,160.265625,0.238281000000029,0.746478873239437,0,"accuracy",0.746478873239437,0.641137566137566,0.633166551644813,,
"cifar100","classification","plsdepot_simpls","plsdepot","SIMPLS",263,"float64","float64","argmax","plsdepot","float64","simpls","simpls",3,2097960,2745.5,3408.214844,0.236328500000127,0.8704,0,"accuracy",0.8704,0.8704,0.866232639504298,,
"gtex_v8","classification","plsdepot_simpls","plsdepot","SIMPLS",190,"float64","float64","argmax","plsdepot","float64","simpls","simpls",3,37806,190,351,0.208984500000042,0.938519447929737,0,"accuracy",0.938519447929737,0.753705869542005,0.754070138219657,,
"metref","classification","plsdepot_simpls","plsdepot","SIMPLS",118,"float64","float64","argmax","plsdepot","float64","simpls","simpls",3,1238,6,145.492188,0.130859500000014,0.84,0,"accuracy",0.84,0.847619047619048,0.816347541347541,,
"retina","classification","plsdepot_simpls","plsdepot","SIMPLS",30,"float64","float64","argmax","plsdepot","float64","simpls","simpls",10,745,6.5,244.0996095,0.526366999999993,0.948719093100063,0,"accuracy",0.948719093100063,0.814275305994087,0.882815713025394,,
"tabula","classification","plsdepot_simpls","plsdepot","SIMPLS",44,"float64","float64","argmax","plsdepot","float64","simpls","simpls",3,4775,13,472.949219,0.0253905000000145,0.783395593200024,0,"accuracy",0.783395593200024,0.588469665124499,0.57315823274054,,
"tcga_brca","classification","plsdepot_simpls","plsdepot","SIMPLS",7,"float64","float64","argmax","plsdepot","float64","simpls","simpls",3,2204,17,165.605469,0.166016000000013,0.875,0,"accuracy",0.875,0.674983388704319,0.6892227127711,,
"tcga_hnsc_methylation","classification","plsdepot_simpls","plsdepot","SIMPLS",2,"float64","float64","argmax","plsdepot","float64","simpls","simpls",10,553.5,4.5,134.0234375,0.214843500000001,1,0,"accuracy",1,1,1,,
"tcga_pan_cancer","classification","plsdepot_simpls","plsdepot","SIMPLS",185,"float64","float64","argmax","plsdepot","float64","simpls","simpls",3,33926,178.5,332.945312,0.4140625,0.884928716904277,0,"accuracy",0.884928716904277,0.820593105845483,0.799351125393256,,
"ccle","classification","plsgenomics_pls_lda","plsgenomics","PLS-LDA",26,"float64","float64","lda","plsgenomics","float64","PLS-LDA","PLS-LDA",10,63.9999999999999,1.4210854715202e-13,163.4492185,0.395507499999979,0.774647887323944,0,"accuracy",0.774647887323944,0.685582010582011,0.705659772326439,,
"cifar100","classification","plsgenomics_pls_lda","plsgenomics","PLS-LDA",263,"float64","float64","lda","plsgenomics","float64","PLS-LDA","PLS-LDA",3,51221,103.5,1994.398438,0.296875,0.8847,0,"accuracy",0.8847,0.8847,0.888974693902574,,
"gtex_v8","classification","plsgenomics_pls_lda","plsgenomics","PLS-LDA",190,"float64","float64","lda","plsgenomics","float64","PLS-LDA","PLS-LDA",3,2261,0,224.851562,0.521484500000014,0.969887076537014,0,"accuracy",0.969887076537014,0.867805915711538,0.87156122383465,,
"metref","classification","plsgenomics_pls_lda","plsgenomics","PLS-LDA",118,"float64","float64","lda","plsgenomics","float64","PLS-LDA","PLS-LDA",10,193,1.75,171.7539065,0.187499750000001,0.99,0,"accuracy",0.99,0.988636363636364,0.988455988455988,,
"retina","classification","plsgenomics_pls_lda","plsgenomics","PLS-LDA",30,"float64","float64","lda","plsgenomics","float64","PLS-LDA","PLS-LDA",10,450,3.25,242.482422,0.236327499999987,0.969115415513702,0,"accuracy",0.969115415513702,0.909706872612551,0.936189749405791,,
"tabula","classification","plsgenomics_pls_lda","plsgenomics","PLS-LDA",44,"float64","float64","lda","plsgenomics","float64","PLS-LDA","PLS-LDA",3,1773,5.5,420.410156,0.0703125,0.874528056892866,0,"accuracy",0.874528056892866,0.812762740967671,0.808052487455842,,
"tcga_brca","classification","plsgenomics_pls_lda","plsgenomics","PLS-LDA",7,"float64","float64","lda","plsgenomics","float64","PLS-LDA","PLS-LDA",10,24,0.75,145.396484,0.240234499999985,0.863636363636364,0,"accuracy",0.863636363636364,0.876965669988926,0.846635282295501,,
"tcga_hnsc_methylation","classification","plsgenomics_pls_lda","plsgenomics","PLS-LDA",2,"float64","float64","lda","plsgenomics","float64","PLS-LDA","PLS-LDA",10,11,1,132.5371095,0.600585999999993,0.982758620689655,0,"accuracy",0.982758620689655,0.990566037735849,0.94978354978355,,
"tcga_pan_cancer","classification","plsgenomics_pls_lda","plsgenomics","PLS-LDA",185,"float64","float64","lda","plsgenomics","float64","PLS-LDA","PLS-LDA",3,1912,12.5,260.394531,0.263672000000042,0.934826883910387,0,"accuracy",0.934826883910387,0.915076535238949,0.908787422146443,,
"ccle","classification","spls_splsda","spls","sPLS-DA",26,"float64","float64","argmax","spls","float64","sPLS-DA","sPLS-DA",10,992,6,160.5019535,0.28515625,0.690140845070423,0,"accuracy",0.690140845070423,0.61957671957672,0.61711860670194,,
"gtex_v8","classification","spls_splsda","spls","sPLS-DA",190,"float64","float64","argmax","spls","float64","sPLS-DA","sPLS-DA",3,147152,34,1601.519531,0.298828500000127,0.973651191969887,0,"accuracy",0.973651191969887,0.870970372782245,0.874443010606482,,
"metref","classification","spls_splsda","spls","sPLS-DA",118,"float64","float64","argmax","spls","float64","sPLS-DA","sPLS-DA",3,9150,10.5,245.496094,0.113281000000001,0.98,0,"accuracy",0.98,0.982142857142857,0.981462981462981,,
"retina","classification","spls_splsda","spls","sPLS-DA",30,"float64","float64","argmax","spls","float64","sPLS-DA","sPLS-DA",3,5368,21,673.898438,0.121093499999915,0.968802999196644,0,"accuracy",0.968802999196644,0.907427506651623,0.935863258710746,,
"tabula","classification","spls_splsda","spls","sPLS-DA",44,"float64","float64","argmax","spls","float64","sPLS-DA","sPLS-DA",3,52376,82,4047.390625,0.144530999999915,0.871651451287481,0,"accuracy",0.871651451287481,0.81147935144343,0.806762929108388,,
"tcga_brca","classification","spls_splsda","spls","sPLS-DA",7,"float64","float64","argmax","spls","float64","sPLS-DA","sPLS-DA",10,201,6.75,148.6953125,0.0761712500000158,0.840909090909091,0,"accuracy",0.840909090909091,0.803776301218162,0.790474986637389,,
"tcga_hnsc_methylation","classification","spls_splsda","spls","sPLS-DA",2,"float64","float64","argmax","spls","float64","sPLS-DA","sPLS-DA",10,25,0.75,126.8398435,0.171875500000013,0.948275862068966,0,"accuracy",0.948275862068966,0.881132075471698,0.849350649350649,,
"tcga_pan_cancer","classification","spls_splsda","spls","sPLS-DA",185,"float64","float64","argmax","spls","float64","sPLS-DA","sPLS-DA",3,115062,268.5,1365.996094,0.296875,0.918533604887984,0,"accuracy",0.918533604887984,0.90037898664893,0.895306949629529,,
