"family","case","source","task","n_train","n_test","p","q","ncomp","north","kernel","solver","operator_relative_error","prediction_relative_error","prediction_correlation","coefficient_relative_error","max_predictive_score_angle_deg","max_orthogonal_score_angle_deg","label_agreement","fast_metric","reference_metric","metric_absolute_difference","status","error","setting","gamma","degree","coef0","passes_operator","passes_prediction","passes_coefficient","passes_predictive_subspace","passes_orthogonal_subspace","passes_labels","passes_metric","passes_all"
"OPLS","synthetic_regression_p_lt_n","synthetic","regression",140,60,30,8,5,1,NA,"deterministic_irlba",6.54788873925756e-16,1.3548016361666e-15,1,1.4834187038438e-15,2.25887274392255e-06,0,NA,0.889676137932638,0.889676137932638,4.44089209850063e-16,"success",NA,"north_1",NA,NA,NA,TRUE,TRUE,TRUE,TRUE,TRUE,TRUE,TRUE,TRUE
"OPLS","synthetic_regression_p_lt_n","synthetic","regression",140,60,30,8,5,2,NA,"deterministic_irlba",1.44460839305557e-15,2.14579298791097e-12,1,3.72266531286782e-11,1.20741826972573e-06,0,NA,1.04632063488955,1.04632063488969,1.43218770176645e-13,"success",NA,"north_2",NA,NA,NA,TRUE,TRUE,TRUE,TRUE,TRUE,TRUE,TRUE,TRUE
"OPLS","synthetic_regression_p_lt_n","synthetic","regression",140,60,30,8,5,3,NA,"deterministic_irlba",6.55265251667672e-15,1.14524258228137e-12,1,1.84033915295097e-11,1.20741826972573e-06,0,NA,1.23998567318712,1.23998567318708,3.95239396766556e-14,"success",NA,"north_3",NA,NA,NA,TRUE,TRUE,TRUE,TRUE,TRUE,TRUE,TRUE,TRUE
"kernelPLS","synthetic_regression_p_lt_n","synthetic","regression",140,60,30,8,5,NA,"linear","deterministic_irlba",2.09492672183873e-16,9.92269323317629e-16,1,9.03713655012873e-16,2.41483653945147e-06,NA,NA,0.432568740981888,0.432568740981888,3.33066907387547e-16,"success",NA,"linear",0.0333333333333333,3,1,TRUE,TRUE,TRUE,TRUE,TRUE,TRUE,TRUE,TRUE
"kernelPLS","synthetic_regression_p_lt_n","synthetic","regression",140,60,30,8,5,NA,"rbf","deterministic_irlba",2.29349783938507e-15,1.31795068411877e-15,1,1.64405143016615e-15,1.4787793334711e-06,NA,NA,0.666814971283438,0.666814971283438,2.22044604925031e-16,"success",NA,"rbf_gamma_0.25_over_p",0.00833333333333333,3,1,TRUE,TRUE,TRUE,TRUE,TRUE,TRUE,TRUE,TRUE
"kernelPLS","synthetic_regression_p_lt_n","synthetic","regression",140,60,30,8,5,NA,"rbf","deterministic_irlba",7.89018655912641e-16,1.50802839209505e-15,1,1.82205739879275e-15,1.20741826972573e-06,NA,NA,1.14035196823746,1.14035196823746,4.44089209850063e-16,"success",NA,"rbf_gamma_1_over_p",0.0333333333333333,3,1,TRUE,TRUE,TRUE,TRUE,TRUE,TRUE,TRUE,TRUE
"kernelPLS","synthetic_regression_p_lt_n","synthetic","regression",140,60,30,8,5,NA,"rbf","deterministic_irlba",6.25248656991844e-16,1.42300991564063e-15,1,1.55036918498437e-15,8.53773646251594e-07,NA,NA,1.75900424118794,1.75900424118794,0,"success",NA,"rbf_gamma_4_over_p",0.133333333333333,3,1,TRUE,TRUE,TRUE,TRUE,TRUE,TRUE,TRUE,TRUE
"kernelPLS","synthetic_regression_p_lt_n","synthetic","regression",140,60,30,8,5,NA,"poly","deterministic_irlba",6.33120727012182e-16,1.1605189590325e-15,1,1.12451091051603e-15,0,NA,NA,0.668072562217799,0.668072562217798,3.33066907387547e-16,"success",NA,"poly_degree2_offset1",0.0333333333333333,2,1,TRUE,TRUE,TRUE,TRUE,TRUE,TRUE,TRUE,TRUE
"kernelPLS","synthetic_regression_p_lt_n","synthetic","regression",140,60,30,8,5,NA,"poly","deterministic_irlba",4.71326198194575e-16,7.92214635038906e-16,1,1.13779138843656e-15,1.20741826972573e-06,NA,NA,0.910963997273201,0.910963997273201,1.11022302462516e-16,"success",NA,"poly_degree3_offset1",0.0333333333333333,3,1,TRUE,TRUE,TRUE,TRUE,TRUE,TRUE,TRUE,TRUE
"kernelPLS","synthetic_regression_p_lt_n","synthetic","regression",140,60,30,8,5,NA,"poly","deterministic_irlba",3.0029105893105e-16,1.05081809549226e-15,1,1.19249197660627e-15,1.4787793334711e-06,NA,NA,1.26108887553644,1.26108887553644,0,"success",NA,"poly_degree4_offset1",0.0333333333333333,4,1,TRUE,TRUE,TRUE,TRUE,TRUE,TRUE,TRUE,TRUE
"kernelPLS","synthetic_regression_p_lt_n","synthetic","regression",140,60,30,8,5,NA,"poly","deterministic_irlba",1.87400364461456e-16,1.22442893246651e-15,1,1.39846144291057e-15,1.20741826972573e-06,NA,NA,1.49540389314408,1.49540389314408,0,"success",NA,"poly_degree3_offset0",0.0333333333333333,3,0,TRUE,TRUE,TRUE,TRUE,TRUE,TRUE,TRUE,TRUE
"OPLS","synthetic_regression_p_gt_n_ill_conditioned","synthetic","regression",80,40,300,8,5,1,NA,"deterministic_irlba",1.10305386051223e-16,1.79476597628688e-15,1,1.97719866573131e-15,0,0,NA,0.834062010778925,0.834062010778925,2.22044604925031e-16,"success",NA,"north_1",NA,NA,NA,TRUE,TRUE,TRUE,TRUE,TRUE,TRUE,TRUE,TRUE
"OPLS","synthetic_regression_p_gt_n_ill_conditioned","synthetic","regression",80,40,300,8,5,2,NA,"deterministic_irlba",4.2238575368367e-16,2.49549913359515e-12,0.999999999999998,1.10774585363654e-10,1.4787793334711e-06,0,NA,0.948472051090635,0.948472051090201,4.33875158023511e-13,"success",NA,"north_2",NA,NA,NA,TRUE,TRUE,TRUE,TRUE,TRUE,TRUE,TRUE,TRUE
"OPLS","synthetic_regression_p_gt_n_ill_conditioned","synthetic","regression",80,40,300,8,5,3,NA,"deterministic_irlba",5.05167700842541e-15,9.4781425342429e-12,1,3.06822365166231e-10,1.4787793334711e-06,1.90909591041642e-06,NA,1.44093351559487,1.44093351559484,2.44249065417534e-14,"success",NA,"north_3",NA,NA,NA,TRUE,TRUE,TRUE,TRUE,TRUE,TRUE,TRUE,TRUE
"kernelPLS","synthetic_regression_p_gt_n_ill_conditioned","synthetic","regression",80,40,300,8,5,NA,"linear","deterministic_irlba",2.09852595732579e-16,8.04153909775507e-16,1,9.24686375783337e-16,8.53773646251594e-07,NA,NA,0.443886166909595,0.443886166909595,5.55111512312578e-17,"success",NA,"linear",0.00333333333333333,3,1,TRUE,TRUE,TRUE,TRUE,TRUE,TRUE,TRUE,TRUE
"kernelPLS","synthetic_regression_p_gt_n_ill_conditioned","synthetic","regression",80,40,300,8,5,NA,"rbf","deterministic_irlba",1.69489611655633e-15,1.29862015169028e-15,1,1.31199715497e-15,1.4787793334711e-06,NA,NA,0.54378562933665,0.543785629336649,2.22044604925031e-16,"success",NA,"rbf_gamma_0.25_over_p",0.000833333333333333,3,1,TRUE,TRUE,TRUE,TRUE,TRUE,TRUE,TRUE,TRUE
"kernelPLS","synthetic_regression_p_gt_n_ill_conditioned","synthetic","regression",80,40,300,8,5,NA,"rbf","deterministic_irlba",5.84537653816716e-16,1.24908696313171e-15,1,1.4112059909837e-15,0,NA,NA,0.850506246992758,0.850506246992758,3.33066907387547e-16,"success",NA,"rbf_gamma_1_over_p",0.00333333333333333,3,1,TRUE,TRUE,TRUE,TRUE,TRUE,TRUE,TRUE,TRUE
"kernelPLS","synthetic_regression_p_gt_n_ill_conditioned","synthetic","regression",80,40,300,8,5,NA,"rbf","deterministic_irlba",5.86300214033306e-16,1.55549955700809e-15,1,1.96411194788518e-15,0,NA,NA,1.38040325230449,1.38040325230449,4.44089209850063e-16,"success",NA,"rbf_gamma_4_over_p",0.0133333333333333,3,1,TRUE,TRUE,TRUE,TRUE,TRUE,TRUE,TRUE,TRUE
"kernelPLS","synthetic_regression_p_gt_n_ill_conditioned","synthetic","regression",80,40,300,8,5,NA,"poly","deterministic_irlba",5.19462613113996e-16,1.60845009130913e-15,1,1.74713802482804e-15,1.4787793334711e-06,NA,NA,0.550559137682485,0.550559137682485,5.55111512312578e-16,"success",NA,"poly_degree2_offset1",0.00333333333333333,2,1,TRUE,TRUE,TRUE,TRUE,TRUE,TRUE,TRUE,TRUE
"kernelPLS","synthetic_regression_p_gt_n_ill_conditioned","synthetic","regression",80,40,300,8,5,NA,"poly","deterministic_irlba",3.92265169289277e-16,1.14334414551935e-15,1,1.5416030765304e-15,1.70754729250319e-06,NA,NA,0.755427534915932,0.755427534915932,0,"success",NA,"poly_degree3_offset1",0.00333333333333333,3,1,TRUE,TRUE,TRUE,TRUE,TRUE,TRUE,TRUE,TRUE
"kernelPLS","synthetic_regression_p_gt_n_ill_conditioned","synthetic","regression",80,40,300,8,5,NA,"poly","deterministic_irlba",3.73193160515659e-16,1.19585569726623e-15,1,1.59642677835995e-15,1.4787793334711e-06,NA,NA,1.07471936609859,1.07471936609859,4.44089209850063e-16,"success",NA,"poly_degree4_offset1",0.00333333333333333,4,1,TRUE,TRUE,TRUE,TRUE,TRUE,TRUE,TRUE,TRUE
"kernelPLS","synthetic_regression_p_gt_n_ill_conditioned","synthetic","regression",80,40,300,8,5,NA,"poly","deterministic_irlba",2.19502602973876e-16,9.20145324527392e-16,1,1.45930532897311e-15,0,NA,NA,1.30539302478368,1.30539302478368,2.22044604925031e-16,"success",NA,"poly_degree3_offset0",0.00333333333333333,3,0,TRUE,TRUE,TRUE,TRUE,TRUE,TRUE,TRUE,TRUE
"OPLS","synthetic_classification_p_lt_n","synthetic","classification",180,80,35,6,5,1,NA,"deterministic_irlba",3.76232504378647e-16,9.27423602413325e-16,1,1.21164538563593e-15,1.4787793334711e-06,8.53773646251594e-07,1,0.725,0.725,0,"success",NA,"north_1",NA,NA,NA,TRUE,TRUE,TRUE,TRUE,TRUE,TRUE,TRUE,TRUE
"OPLS","synthetic_classification_p_lt_n","synthetic","classification",180,80,35,6,5,2,NA,"deterministic_irlba",1.24588850481835e-15,3.33148229966699e-14,1,1.40533119116452e-13,8.53773646251594e-07,8.53773646251594e-07,1,0.6625,0.6625,0,"success",NA,"north_2",NA,NA,NA,TRUE,TRUE,TRUE,TRUE,TRUE,TRUE,TRUE,TRUE
"OPLS","synthetic_classification_p_lt_n","synthetic","classification",180,80,35,6,5,3,NA,"deterministic_irlba",9.4003714405019e-15,8.65210577277077e-14,0.999999999999999,3.13461458973632e-13,0,8.53773646251594e-07,1,0.6,0.6,0,"success",NA,"north_3",NA,NA,NA,TRUE,TRUE,TRUE,TRUE,TRUE,TRUE,TRUE,TRUE
"kernelPLS","synthetic_classification_p_lt_n","synthetic","classification",180,80,35,6,5,NA,"linear","deterministic_irlba",3.09843583227596e-16,7.11732106282737e-16,1,9.96542671420788e-16,8.53773646251594e-07,NA,1,0.825,0.825,0,"success",NA,"linear",0.0285714285714286,3,1,TRUE,TRUE,TRUE,TRUE,TRUE,TRUE,TRUE,TRUE
"kernelPLS","synthetic_classification_p_lt_n","synthetic","classification",180,80,35,6,5,NA,"rbf","deterministic_irlba",2.3760245748978e-15,1.36027013673751e-15,1,1.79489628168713e-15,0,NA,1,0.8125,0.8125,0,"success",NA,"rbf_gamma_0.25_over_p",0.00714285714285714,3,1,TRUE,TRUE,TRUE,TRUE,TRUE,TRUE,TRUE,TRUE
"kernelPLS","synthetic_classification_p_lt_n","synthetic","classification",180,80,35,6,5,NA,"rbf","deterministic_irlba",8.21909517957716e-16,2.12438482250572e-15,1,2.87089224862666e-15,8.53773646251594e-07,NA,1,0.7875,0.7875,0,"success",NA,"rbf_gamma_1_over_p",0.0285714285714286,3,1,TRUE,TRUE,TRUE,TRUE,TRUE,TRUE,TRUE,TRUE
"kernelPLS","synthetic_classification_p_lt_n","synthetic","classification",180,80,35,6,5,NA,"rbf","deterministic_irlba",7.07505864978156e-16,7.85940982671515e-16,1,1.26534411025178e-15,0,NA,1,0.6375,0.6375,0,"success",NA,"rbf_gamma_4_over_p",0.114285714285714,3,1,TRUE,TRUE,TRUE,TRUE,TRUE,TRUE,TRUE,TRUE
"kernelPLS","synthetic_classification_p_lt_n","synthetic","classification",180,80,35,6,5,NA,"poly","deterministic_irlba",6.60884047578909e-16,1.4106245180509e-15,1,1.81953999674552e-15,2.09130978915187e-06,NA,1,0.775,0.775,0,"success",NA,"poly_degree2_offset1",0.0285714285714286,2,1,TRUE,TRUE,TRUE,TRUE,TRUE,TRUE,TRUE,TRUE
"kernelPLS","synthetic_classification_p_lt_n","synthetic","classification",180,80,35,6,5,NA,"poly","deterministic_irlba",4.1412254536048e-16,1.32458757214839e-15,1,1.61049456063849e-15,1.20741826972573e-06,NA,1,0.7,0.7,0,"success",NA,"poly_degree3_offset1",0.0285714285714286,3,1,TRUE,TRUE,TRUE,TRUE,TRUE,TRUE,TRUE,TRUE
"kernelPLS","synthetic_classification_p_lt_n","synthetic","classification",180,80,35,6,5,NA,"poly","deterministic_irlba",2.92663433541065e-16,5.77175072703037e-16,1,9.7229577222583e-16,1.20741826972573e-06,NA,1,0.6125,0.6125,0,"success",NA,"poly_degree4_offset1",0.0285714285714286,4,1,TRUE,TRUE,TRUE,TRUE,TRUE,TRUE,TRUE,TRUE
"kernelPLS","synthetic_classification_p_lt_n","synthetic","classification",180,80,35,6,5,NA,"poly","deterministic_irlba",1.87181767291973e-16,1.06686001043165e-15,1,1.79429036161729e-15,2.41483653945147e-06,NA,1,0.675,0.675,0,"success",NA,"poly_degree3_offset0",0.0285714285714286,3,0,TRUE,TRUE,TRUE,TRUE,TRUE,TRUE,TRUE,TRUE
"OPLS","synthetic_classification_p_gt_n","synthetic","classification",90,45,250,6,5,1,NA,"deterministic_irlba",3.42643811776596e-16,3.52653737808674e-15,1,3.9796682289669e-15,1.4787793334711e-06,1.20741826972573e-06,1,0.777777777777778,0.777777777777778,0,"success",NA,"north_1",NA,NA,NA,TRUE,TRUE,TRUE,TRUE,TRUE,TRUE,TRUE,TRUE
"OPLS","synthetic_classification_p_gt_n","synthetic","classification",90,45,250,6,5,2,NA,"deterministic_irlba",3.33016720411169e-15,4.14830056918373e-13,1,5.57823638950325e-13,1.70754729250319e-06,1.20741826972573e-06,1,0.533333333333333,0.533333333333333,0,"success",NA,"north_2",NA,NA,NA,TRUE,TRUE,TRUE,TRUE,TRUE,TRUE,TRUE,TRUE
"OPLS","synthetic_classification_p_gt_n","synthetic","classification",90,45,250,6,5,3,NA,"deterministic_irlba",1.56520115913204e-13,2.57416614611098e-13,1,4.3812166835392e-13,0,1.20741826972573e-06,1,0.466666666666667,0.466666666666667,0,"success",NA,"north_3",NA,NA,NA,TRUE,TRUE,TRUE,TRUE,TRUE,TRUE,TRUE,TRUE
"kernelPLS","synthetic_classification_p_gt_n","synthetic","classification",90,45,250,6,5,NA,"linear","deterministic_irlba",2.05905747882283e-16,1.28575112679251e-15,1,1.57286426641965e-15,1.90909591041642e-06,NA,1,0.844444444444444,0.844444444444444,0,"success",NA,"linear",0.004,3,1,TRUE,TRUE,TRUE,TRUE,TRUE,TRUE,TRUE,TRUE
"kernelPLS","synthetic_classification_p_gt_n","synthetic","classification",90,45,250,6,5,NA,"rbf","deterministic_irlba",1.81445376115528e-15,6.8523382470054e-16,1,1.03015020491456e-15,8.53773646251594e-07,NA,1,0.844444444444444,0.844444444444444,0,"success",NA,"rbf_gamma_0.25_over_p",0.001,3,1,TRUE,TRUE,TRUE,TRUE,TRUE,TRUE,TRUE,TRUE
"kernelPLS","synthetic_classification_p_gt_n","synthetic","classification",90,45,250,6,5,NA,"rbf","deterministic_irlba",5.34821766822479e-16,1.25997657455147e-15,1,2.05232884301926e-15,0,NA,1,0.844444444444444,0.844444444444444,0,"success",NA,"rbf_gamma_1_over_p",0.004,3,1,TRUE,TRUE,TRUE,TRUE,TRUE,TRUE,TRUE,TRUE
"kernelPLS","synthetic_classification_p_gt_n","synthetic","classification",90,45,250,6,5,NA,"rbf","deterministic_irlba",7.29327911646131e-16,4.55025673485452e-16,1,9.08937387500586e-16,1.4787793334711e-06,NA,1,0.755555555555556,0.755555555555556,0,"success",NA,"rbf_gamma_4_over_p",0.016,3,1,TRUE,TRUE,TRUE,TRUE,TRUE,TRUE,TRUE,TRUE
"kernelPLS","synthetic_classification_p_gt_n","synthetic","classification",90,45,250,6,5,NA,"poly","deterministic_irlba",5.03289599976071e-16,1.1586215754096e-15,1,1.55506986003113e-15,1.20741826972573e-06,NA,1,0.888888888888889,0.888888888888889,0,"success",NA,"poly_degree2_offset1",0.004,2,1,TRUE,TRUE,TRUE,TRUE,TRUE,TRUE,TRUE,TRUE
"kernelPLS","synthetic_classification_p_gt_n","synthetic","classification",90,45,250,6,5,NA,"poly","deterministic_irlba",3.4489592808217e-16,6.85399948479116e-16,1,1.11629139265278e-15,1.70754729250319e-06,NA,1,0.822222222222222,0.822222222222222,0,"success",NA,"poly_degree3_offset1",0.004,3,1,TRUE,TRUE,TRUE,TRUE,TRUE,TRUE,TRUE,TRUE
"kernelPLS","synthetic_classification_p_gt_n","synthetic","classification",90,45,250,6,5,NA,"poly","deterministic_irlba",2.58209435588196e-16,6.13839343250324e-16,1,9.61854229426069e-16,0,NA,1,0.755555555555556,0.755555555555556,0,"success",NA,"poly_degree4_offset1",0.004,4,1,TRUE,TRUE,TRUE,TRUE,TRUE,TRUE,TRUE,TRUE
"kernelPLS","synthetic_classification_p_gt_n","synthetic","classification",90,45,250,6,5,NA,"poly","deterministic_irlba",1.52893429254956e-16,6.99865200481072e-16,1,9.26516920525463e-16,8.53773646251594e-07,NA,1,0.555555555555556,0.555555555555556,0,"success",NA,"poly_degree3_offset0",0.004,3,0,TRUE,TRUE,TRUE,TRUE,TRUE,TRUE,TRUE,TRUE
"OPLS","gasoline_real_regression","real","regression",42,18,401,1,5,1,NA,"exact_small_dimension_fallback",3.58630798264416e-17,5.20922011448178e-14,1,9.55358807822136e-12,1.20741826972573e-06,8.53773646251594e-07,NA,0.328878171752463,0.328878171749271,3.19216875155348e-12,"success",NA,"north_1",NA,NA,NA,TRUE,TRUE,TRUE,TRUE,TRUE,TRUE,TRUE,TRUE
"OPLS","gasoline_real_regression","real","regression",42,18,401,1,5,2,NA,"exact_small_dimension_fallback",7.56603830445062e-17,3.42317720521005e-14,1,3.57024979772402e-12,8.53773646251594e-07,8.53773646251594e-07,NA,0.254302422267018,0.254302422267097,7.97695243193175e-14,"success",NA,"north_2",NA,NA,NA,TRUE,TRUE,TRUE,TRUE,TRUE,TRUE,TRUE,TRUE
"OPLS","gasoline_real_regression","real","regression",42,18,401,1,5,3,NA,"exact_small_dimension_fallback",3.07237018001815e-15,5.37679739991003e-14,1,8.75398414890932e-12,0,8.53773646251594e-07,NA,0.336283996638216,0.336283996641138,2.92177393390602e-12,"success",NA,"north_3",NA,NA,NA,TRUE,TRUE,TRUE,TRUE,TRUE,TRUE,TRUE,TRUE
"kernelPLS","gasoline_real_regression","real","regression",42,18,401,1,5,NA,"linear","exact_small_dimension_fallback",4.65698078208078e-15,4.71312399270485e-15,1,6.30863157503365e-13,0,NA,NA,0.295530157271849,0.295530157271535,3.14304138271382e-13,"success",NA,"linear",0.00249376558603491,3,1,TRUE,TRUE,TRUE,TRUE,TRUE,TRUE,TRUE,TRUE
"kernelPLS","gasoline_real_regression","real","regression",42,18,401,1,5,NA,"rbf","exact_small_dimension_fallback",1.14721342320736e-15,1.07835102097187e-15,1,1.06091175638667e-13,0,NA,NA,0.732191279341785,0.732191279341729,5.56221735337203e-14,"success",NA,"rbf_gamma_0.25_over_p",0.000623441396508728,3,1,TRUE,TRUE,TRUE,TRUE,TRUE,TRUE,TRUE,TRUE
"kernelPLS","gasoline_real_regression","real","regression",42,18,401,1,5,NA,"rbf","exact_small_dimension_fallback",5.75435349332715e-16,9.42646646434573e-17,1,4.11149226897808e-15,0,NA,NA,1.07579405948055,1.07579405948055,2.66453525910038e-15,"success",NA,"rbf_gamma_1_over_p",0.00249376558603491,3,1,TRUE,TRUE,TRUE,TRUE,TRUE,TRUE,TRUE,TRUE
"kernelPLS","gasoline_real_regression","real","regression",42,18,401,1,5,NA,"rbf","exact_small_dimension_fallback",7.98102155621059e-16,6.66841524114576e-17,1,6.3359913831515e-15,0,NA,NA,1.33710110309017,1.33710110309017,2.44249065417534e-15,"success",NA,"rbf_gamma_4_over_p",0.00997506234413965,3,1,TRUE,TRUE,TRUE,TRUE,TRUE,TRUE,TRUE,TRUE
"kernelPLS","gasoline_real_regression","real","regression",42,18,401,1,5,NA,"poly","exact_small_dimension_fallback",3.59659667866908e-16,7.89107532099531e-16,1,2.61919650521168e-14,1.20741826972573e-06,NA,NA,0.436284580318464,0.436284580318469,4.49640324973188e-15,"success",NA,"poly_degree2_offset1",0.00249376558603491,2,1,TRUE,TRUE,TRUE,TRUE,TRUE,TRUE,TRUE,TRUE
"kernelPLS","gasoline_real_regression","real","regression",42,18,401,1,5,NA,"poly","exact_small_dimension_fallback",4.51491098604898e-16,4.74608999142367e-15,1,1.60027142710458e-14,8.53773646251594e-07,NA,NA,1.20791298274152,1.2079129827412,3.17523785042795e-13,"success",NA,"poly_degree3_offset1",0.00249376558603491,3,1,TRUE,TRUE,TRUE,TRUE,TRUE,TRUE,TRUE,TRUE
"kernelPLS","gasoline_real_regression","real","regression",42,18,401,1,5,NA,"poly","exact_small_dimension_fallback",5.48655173835379e-16,1.90631920701635e-15,1,1.42024107258367e-13,1.20741826972573e-06,NA,NA,3.21588539170531,3.21588539170537,6.43929354282591e-14,"success",NA,"poly_degree4_offset1",0.00249376558603491,4,1,TRUE,TRUE,TRUE,TRUE,TRUE,TRUE,TRUE,TRUE
"kernelPLS","gasoline_real_regression","real","regression",42,18,401,1,5,NA,"poly","exact_small_dimension_fallback",3.98889481329448e-16,1.16508122294031e-14,1,5.03236979883235e-13,1.70754729250319e-06,NA,NA,1.5908526298165,1.5908526298173,7.97140131680862e-13,"success",NA,"poly_degree3_offset0",0.00249376558603491,3,0,TRUE,TRUE,TRUE,TRUE,TRUE,TRUE,TRUE,TRUE
"OPLS","breast_real_classification","real","classification",150,70,200,3,3,1,NA,"exact_small_dimension_fallback",9.36396657330685e-16,3.02660976024161e-15,1,2.48431347585088e-15,1.4787793334711e-06,8.53773646251594e-07,1,0.971428571428571,0.971428571428571,0,"success",NA,"north_1",NA,NA,NA,TRUE,TRUE,TRUE,TRUE,TRUE,TRUE,TRUE,TRUE
"OPLS","breast_real_classification","real","classification",150,70,200,3,3,2,NA,"exact_small_dimension_fallback",1.84658697335398e-15,1.29525856250316e-14,1,2.36927985199864e-14,0,1.70754729250319e-06,1,0.971428571428571,0.971428571428571,0,"success",NA,"north_2",NA,NA,NA,TRUE,TRUE,TRUE,TRUE,TRUE,TRUE,TRUE,TRUE
"OPLS","breast_real_classification","real","classification",150,70,200,3,3,3,NA,"exact_small_dimension_fallback",2.37720280411228e-15,7.60024550882628e-15,1,1.74116913564974e-14,0,8.53773646251594e-07,1,0.957142857142857,0.957142857142857,0,"success",NA,"north_3",NA,NA,NA,TRUE,TRUE,TRUE,TRUE,TRUE,TRUE,TRUE,TRUE
"kernelPLS","breast_real_classification","real","classification",150,70,200,3,3,NA,"linear","exact_small_dimension_fallback",2.14694469638295e-15,3.85107593793322e-15,1,5.69108183838485e-15,0,NA,1,0.971428571428571,0.971428571428571,0,"success",NA,"linear",0.005,3,1,TRUE,TRUE,TRUE,TRUE,TRUE,TRUE,TRUE,TRUE
"kernelPLS","breast_real_classification","real","classification",150,70,200,3,3,NA,"rbf","exact_small_dimension_fallback",3.57990081472251e-15,4.26216552183736e-15,1,8.75796674904263e-15,0,NA,1,0.985714285714286,0.985714285714286,0,"success",NA,"rbf_gamma_0.25_over_p",0.00125,3,1,TRUE,TRUE,TRUE,TRUE,TRUE,TRUE,TRUE,TRUE
"kernelPLS","breast_real_classification","real","classification",150,70,200,3,3,NA,"rbf","exact_small_dimension_fallback",1.54920025901754e-15,9.96437129438259e-16,1,1.65041606755863e-15,0,NA,1,0.971428571428571,0.971428571428571,0,"success",NA,"rbf_gamma_1_over_p",0.005,3,1,TRUE,TRUE,TRUE,TRUE,TRUE,TRUE,TRUE,TRUE
"kernelPLS","breast_real_classification","real","classification",150,70,200,3,3,NA,"rbf","exact_small_dimension_fallback",6.0852841398009e-16,2.38910720912636e-16,1,7.85484111474574e-16,8.53773646251594e-07,NA,1,0.814285714285714,0.814285714285714,0,"success",NA,"rbf_gamma_4_over_p",0.02,3,1,TRUE,TRUE,TRUE,TRUE,TRUE,TRUE,TRUE,TRUE
"kernelPLS","breast_real_classification","real","classification",150,70,200,3,3,NA,"poly","exact_small_dimension_fallback",9.17122746967171e-16,1.15451969195682e-15,1,1.76700019685351e-15,8.53773646251594e-07,NA,1,0.971428571428571,0.971428571428571,0,"success",NA,"poly_degree2_offset1",0.005,2,1,TRUE,TRUE,TRUE,TRUE,TRUE,TRUE,TRUE,TRUE
"kernelPLS","breast_real_classification","real","classification",150,70,200,3,3,NA,"poly","exact_small_dimension_fallback",6.85624568057704e-16,1.2491823965111e-15,1,2.61367341085345e-15,0,NA,1,0.971428571428571,0.971428571428571,0,"success",NA,"poly_degree3_offset1",0.005,3,1,TRUE,TRUE,TRUE,TRUE,TRUE,TRUE,TRUE,TRUE
"kernelPLS","breast_real_classification","real","classification",150,70,200,3,3,NA,"poly","exact_small_dimension_fallback",6.30780588022182e-16,1.32132285521225e-15,1,2.43891500130058e-15,1.4787793334711e-06,NA,1,0.9,0.9,0,"success",NA,"poly_degree4_offset1",0.005,4,1,TRUE,TRUE,TRUE,TRUE,TRUE,TRUE,TRUE,TRUE
"kernelPLS","breast_real_classification","real","classification",150,70,200,3,3,NA,"poly","exact_small_dimension_fallback",6.12463611521953e-16,5.87856168491618e-16,1,1.003858357708e-15,0,NA,1,0.742857142857143,0.742857142857143,0,"success",NA,"poly_degree3_offset0",0.005,3,0,TRUE,TRUE,TRUE,TRUE,TRUE,TRUE,TRUE,TRUE
