"component","fast_metric","reference_metric","family","setting","case"
1,1.77155613442613,1.77155613442613,"OPLS","north_1","synthetic_regression_p_lt_n"
2,1.43001857684405,1.43001857684405,"OPLS","north_1","synthetic_regression_p_lt_n"
3,1.15688126877363,1.15688126877363,"OPLS","north_1","synthetic_regression_p_lt_n"
4,0.908983495770765,0.908983495770765,"OPLS","north_1","synthetic_regression_p_lt_n"
5,0.742059842314573,0.742059842314573,"OPLS","north_1","synthetic_regression_p_lt_n"
1,1.76607241877477,1.76607241877477,"OPLS","north_2","synthetic_regression_p_lt_n"
2,1.42610146682847,1.42610146682847,"OPLS","north_2","synthetic_regression_p_lt_n"
3,1.21828383466424,1.21828383466424,"OPLS","north_2","synthetic_regression_p_lt_n"
4,1.0244387091406,1.0244387091406,"OPLS","north_2","synthetic_regression_p_lt_n"
5,1.02461742181968,1.02461742181964,"OPLS","north_2","synthetic_regression_p_lt_n"
1,1.76533767742644,1.76533767742644,"OPLS","north_3","synthetic_regression_p_lt_n"
2,1.3982736419773,1.3982736419773,"OPLS","north_3","synthetic_regression_p_lt_n"
3,1.2142969295815,1.2142969295815,"OPLS","north_3","synthetic_regression_p_lt_n"
4,1.21519347286878,1.21519347286876,"OPLS","north_3","synthetic_regression_p_lt_n"
5,1.21598204530836,1.21598204530832,"OPLS","north_3","synthetic_regression_p_lt_n"
1,1.82635685112215,1.82635685112215,"kernelPLS","linear","synthetic_regression_p_lt_n"
2,1.36637576265195,1.36637576265195,"kernelPLS","linear","synthetic_regression_p_lt_n"
3,1.07930911304261,1.07930911304261,"kernelPLS","linear","synthetic_regression_p_lt_n"
4,0.881490060321646,0.881490060321646,"kernelPLS","linear","synthetic_regression_p_lt_n"
5,0.453317287769972,0.453317287769972,"kernelPLS","linear","synthetic_regression_p_lt_n"
1,1.90338268970011,1.90338268970011,"kernelPLS","rbf_gamma_0.25_over_p","synthetic_regression_p_lt_n"
2,1.473107332572,1.473107332572,"kernelPLS","rbf_gamma_0.25_over_p","synthetic_regression_p_lt_n"
3,1.26898010321858,1.26898010321858,"kernelPLS","rbf_gamma_0.25_over_p","synthetic_regression_p_lt_n"
4,0.990618182268995,0.990618182268995,"kernelPLS","rbf_gamma_0.25_over_p","synthetic_regression_p_lt_n"
5,0.638481275882685,0.638481275882685,"kernelPLS","rbf_gamma_0.25_over_p","synthetic_regression_p_lt_n"
1,1.82747728404012,1.82747728404012,"kernelPLS","rbf_gamma_1_over_p","synthetic_regression_p_lt_n"
2,1.53778519694073,1.53778519694073,"kernelPLS","rbf_gamma_1_over_p","synthetic_regression_p_lt_n"
3,1.3454426310156,1.3454426310156,"kernelPLS","rbf_gamma_1_over_p","synthetic_regression_p_lt_n"
4,1.20490150251814,1.20490150251814,"kernelPLS","rbf_gamma_1_over_p","synthetic_regression_p_lt_n"
5,0.989412349124501,0.989412349124501,"kernelPLS","rbf_gamma_1_over_p","synthetic_regression_p_lt_n"
1,1.97642028073128,1.97642028073128,"kernelPLS","rbf_gamma_4_over_p","synthetic_regression_p_lt_n"
2,1.83467794643626,1.83467794643626,"kernelPLS","rbf_gamma_4_over_p","synthetic_regression_p_lt_n"
3,1.73565655523276,1.73565655523276,"kernelPLS","rbf_gamma_4_over_p","synthetic_regression_p_lt_n"
4,1.69561715028034,1.69561715028034,"kernelPLS","rbf_gamma_4_over_p","synthetic_regression_p_lt_n"
5,1.62744991947249,1.62744991947249,"kernelPLS","rbf_gamma_4_over_p","synthetic_regression_p_lt_n"
1,1.94693351415636,1.94693351415636,"kernelPLS","poly_degree2_offset1","synthetic_regression_p_lt_n"
2,1.50855354684682,1.50855354684682,"kernelPLS","poly_degree2_offset1","synthetic_regression_p_lt_n"
3,1.29559437838903,1.29559437838903,"kernelPLS","poly_degree2_offset1","synthetic_regression_p_lt_n"
4,0.993723612445497,0.993723612445497,"kernelPLS","poly_degree2_offset1","synthetic_regression_p_lt_n"
5,0.662508155403865,0.662508155403865,"kernelPLS","poly_degree2_offset1","synthetic_regression_p_lt_n"
1,1.96728524843054,1.96728524843054,"kernelPLS","poly_degree3_offset1","synthetic_regression_p_lt_n"
2,1.59396775776661,1.59396775776661,"kernelPLS","poly_degree3_offset1","synthetic_regression_p_lt_n"
3,1.35052020209046,1.35052020209046,"kernelPLS","poly_degree3_offset1","synthetic_regression_p_lt_n"
4,1.12881983337775,1.12881983337775,"kernelPLS","poly_degree3_offset1","synthetic_regression_p_lt_n"
5,0.892295565904635,0.892295565904635,"kernelPLS","poly_degree3_offset1","synthetic_regression_p_lt_n"
1,2.0145369667365,2.0145369667365,"kernelPLS","poly_degree4_offset1","synthetic_regression_p_lt_n"
2,1.79086209541568,1.79086209541568,"kernelPLS","poly_degree4_offset1","synthetic_regression_p_lt_n"
3,1.58204390277705,1.58204390277705,"kernelPLS","poly_degree4_offset1","synthetic_regression_p_lt_n"
4,1.37956518916152,1.37956518916152,"kernelPLS","poly_degree4_offset1","synthetic_regression_p_lt_n"
5,1.21334782658291,1.21334782658291,"kernelPLS","poly_degree4_offset1","synthetic_regression_p_lt_n"
1,2.03137267443309,2.03137267443309,"kernelPLS","poly_degree3_offset0","synthetic_regression_p_lt_n"
2,1.90603643861527,1.90603643861527,"kernelPLS","poly_degree3_offset0","synthetic_regression_p_lt_n"
3,1.77423913332099,1.77423913332099,"kernelPLS","poly_degree3_offset0","synthetic_regression_p_lt_n"
4,1.5422550213472,1.5422550213472,"kernelPLS","poly_degree3_offset0","synthetic_regression_p_lt_n"
5,1.43168977825144,1.43168977825144,"kernelPLS","poly_degree3_offset0","synthetic_regression_p_lt_n"
1,1.85712788182583,1.85712788182583,"OPLS","north_1","synthetic_regression_p_gt_n_ill_conditioned"
2,1.50379635024815,1.50379635024815,"OPLS","north_1","synthetic_regression_p_gt_n_ill_conditioned"
3,1.10674119074345,1.10674119074345,"OPLS","north_1","synthetic_regression_p_gt_n_ill_conditioned"
4,0.919600658699671,0.919600658699671,"OPLS","north_1","synthetic_regression_p_gt_n_ill_conditioned"
5,0.804620196107821,0.804620196107821,"OPLS","north_1","synthetic_regression_p_gt_n_ill_conditioned"
1,1.85107259356478,1.85107259356478,"OPLS","north_2","synthetic_regression_p_gt_n_ill_conditioned"
2,1.49611972738482,1.49611972738482,"OPLS","north_2","synthetic_regression_p_gt_n_ill_conditioned"
3,1.07741568019901,1.07741568019901,"OPLS","north_2","synthetic_regression_p_gt_n_ill_conditioned"
4,0.97634673393828,0.976346733938282,"OPLS","north_2","synthetic_regression_p_gt_n_ill_conditioned"
5,0.973988539827681,0.973988539827647,"OPLS","north_2","synthetic_regression_p_gt_n_ill_conditioned"
1,1.85051343025533,1.85051343025533,"OPLS","north_3","synthetic_regression_p_gt_n_ill_conditioned"
2,1.53188149148568,1.53188149148569,"OPLS","north_3","synthetic_regression_p_gt_n_ill_conditioned"
3,1.41404871713814,1.41404871713814,"OPLS","north_3","synthetic_regression_p_gt_n_ill_conditioned"
4,1.41295715454276,1.41295715454269,"OPLS","north_3","synthetic_regression_p_gt_n_ill_conditioned"
5,1.41147886735075,1.4114788673506,"OPLS","north_3","synthetic_regression_p_gt_n_ill_conditioned"
1,1.88529314707006,1.88529314707006,"kernelPLS","linear","synthetic_regression_p_gt_n_ill_conditioned"
2,1.58496252580466,1.58496252580466,"kernelPLS","linear","synthetic_regression_p_gt_n_ill_conditioned"
3,1.07114525625136,1.07114525625136,"kernelPLS","linear","synthetic_regression_p_gt_n_ill_conditioned"
4,0.822114050557917,0.822114050557918,"kernelPLS","linear","synthetic_regression_p_gt_n_ill_conditioned"
5,0.467713741188857,0.467713741188857,"kernelPLS","linear","synthetic_regression_p_gt_n_ill_conditioned"
1,2.11035091860367,2.11035091860367,"kernelPLS","rbf_gamma_0.25_over_p","synthetic_regression_p_gt_n_ill_conditioned"
2,1.68117312061909,1.68117312061909,"kernelPLS","rbf_gamma_0.25_over_p","synthetic_regression_p_gt_n_ill_conditioned"
3,1.24259367728484,1.24259367728484,"kernelPLS","rbf_gamma_0.25_over_p","synthetic_regression_p_gt_n_ill_conditioned"
4,0.97307251629494,0.97307251629494,"kernelPLS","rbf_gamma_0.25_over_p","synthetic_regression_p_gt_n_ill_conditioned"
5,0.609871068434778,0.609871068434779,"kernelPLS","rbf_gamma_0.25_over_p","synthetic_regression_p_gt_n_ill_conditioned"
1,2.11397144938291,2.11397144938291,"kernelPLS","rbf_gamma_1_over_p","synthetic_regression_p_gt_n_ill_conditioned"
2,1.71136835988101,1.71136835988101,"kernelPLS","rbf_gamma_1_over_p","synthetic_regression_p_gt_n_ill_conditioned"
3,1.34436043342602,1.34436043342602,"kernelPLS","rbf_gamma_1_over_p","synthetic_regression_p_gt_n_ill_conditioned"
4,1.19551637788425,1.19551637788425,"kernelPLS","rbf_gamma_1_over_p","synthetic_regression_p_gt_n_ill_conditioned"
5,1.02262945714952,1.02262945714952,"kernelPLS","rbf_gamma_1_over_p","synthetic_regression_p_gt_n_ill_conditioned"
1,2.21052613398353,2.21052613398353,"kernelPLS","rbf_gamma_4_over_p","synthetic_regression_p_gt_n_ill_conditioned"
2,2.00712879506795,2.00712879506795,"kernelPLS","rbf_gamma_4_over_p","synthetic_regression_p_gt_n_ill_conditioned"
3,1.88245514002914,1.88245514002914,"kernelPLS","rbf_gamma_4_over_p","synthetic_regression_p_gt_n_ill_conditioned"
4,1.84024820098662,1.84024820098662,"kernelPLS","rbf_gamma_4_over_p","synthetic_regression_p_gt_n_ill_conditioned"
5,1.81407172889169,1.81407172889169,"kernelPLS","rbf_gamma_4_over_p","synthetic_regression_p_gt_n_ill_conditioned"
1,2.1169615872381,2.1169615872381,"kernelPLS","poly_degree2_offset1","synthetic_regression_p_gt_n_ill_conditioned"
2,1.69735226117797,1.69735226117797,"kernelPLS","poly_degree2_offset1","synthetic_regression_p_gt_n_ill_conditioned"
3,1.26016900747399,1.26016900747399,"kernelPLS","poly_degree2_offset1","synthetic_regression_p_gt_n_ill_conditioned"
4,0.9943102397394,0.9943102397394,"kernelPLS","poly_degree2_offset1","synthetic_regression_p_gt_n_ill_conditioned"
5,0.640863680228974,0.640863680228974,"kernelPLS","poly_degree2_offset1","synthetic_regression_p_gt_n_ill_conditioned"
1,2.11979832981948,2.11979832981948,"kernelPLS","poly_degree3_offset1","synthetic_regression_p_gt_n_ill_conditioned"
2,1.72588930789751,1.72588930789751,"kernelPLS","poly_degree3_offset1","synthetic_regression_p_gt_n_ill_conditioned"
3,1.32860339144318,1.32860339144318,"kernelPLS","poly_degree3_offset1","synthetic_regression_p_gt_n_ill_conditioned"
4,1.11598347942698,1.11598347942698,"kernelPLS","poly_degree3_offset1","synthetic_regression_p_gt_n_ill_conditioned"
5,0.878925414876756,0.878925414876756,"kernelPLS","poly_degree3_offset1","synthetic_regression_p_gt_n_ill_conditioned"
1,2.11790752783311,2.11790752783311,"kernelPLS","poly_degree4_offset1","synthetic_regression_p_gt_n_ill_conditioned"
2,1.78742351503413,1.78742351503413,"kernelPLS","poly_degree4_offset1","synthetic_regression_p_gt_n_ill_conditioned"
3,1.46353937466693,1.46353937466693,"kernelPLS","poly_degree4_offset1","synthetic_regression_p_gt_n_ill_conditioned"
4,1.32655410084384,1.32655410084384,"kernelPLS","poly_degree4_offset1","synthetic_regression_p_gt_n_ill_conditioned"
5,1.17472250156663,1.17472250156663,"kernelPLS","poly_degree4_offset1","synthetic_regression_p_gt_n_ill_conditioned"
1,2.16164284390482,2.16164284390482,"kernelPLS","poly_degree3_offset0","synthetic_regression_p_gt_n_ill_conditioned"
2,1.84676721297063,1.84676721297063,"kernelPLS","poly_degree3_offset0","synthetic_regression_p_gt_n_ill_conditioned"
3,1.61053150671309,1.61053150671309,"kernelPLS","poly_degree3_offset0","synthetic_regression_p_gt_n_ill_conditioned"
4,1.49460374047464,1.49460374047464,"kernelPLS","poly_degree3_offset0","synthetic_regression_p_gt_n_ill_conditioned"
5,1.36288277552519,1.36288277552519,"kernelPLS","poly_degree3_offset0","synthetic_regression_p_gt_n_ill_conditioned"
1,0.45623452570821,0.45623452570821,"OPLS","north_1","synthetic_classification_p_lt_n"
2,0.667313738892686,0.667313738892686,"OPLS","north_1","synthetic_classification_p_lt_n"
3,0.679247360826308,0.679247360826308,"OPLS","north_1","synthetic_classification_p_lt_n"
4,0.70760917445128,0.70760917445128,"OPLS","north_1","synthetic_classification_p_lt_n"
5,0.713218652692337,0.713218652692337,"OPLS","north_1","synthetic_classification_p_lt_n"
1,0.472316397053239,0.472316397053239,"OPLS","north_2","synthetic_classification_p_lt_n"
2,0.600196703880914,0.600196703880914,"OPLS","north_2","synthetic_classification_p_lt_n"
3,0.628504594820384,0.628504594820384,"OPLS","north_2","synthetic_classification_p_lt_n"
4,0.640120756436546,0.640120756436546,"OPLS","north_2","synthetic_classification_p_lt_n"
5,0.601550087339561,0.601550087339561,"OPLS","north_2","synthetic_classification_p_lt_n"
1,0.472316397053239,0.472316397053239,"OPLS","north_3","synthetic_classification_p_lt_n"
2,0.52683223209539,0.52683223209539,"OPLS","north_3","synthetic_classification_p_lt_n"
3,0.548469658995975,0.548469658995975,"OPLS","north_3","synthetic_classification_p_lt_n"
4,0.532838915470494,0.532838915470494,"OPLS","north_3","synthetic_classification_p_lt_n"
5,0.550728335991494,0.550728335991494,"OPLS","north_3","synthetic_classification_p_lt_n"
1,0.450173919647604,0.450173919647604,"kernelPLS","linear","synthetic_classification_p_lt_n"
2,0.628133211817422,0.628133211817422,"kernelPLS","linear","synthetic_classification_p_lt_n"
3,0.683713070555176,0.683713070555176,"kernelPLS","linear","synthetic_classification_p_lt_n"
4,0.699502544239386,0.699502544239386,"kernelPLS","linear","synthetic_classification_p_lt_n"
5,0.717789169894433,0.717789169894433,"kernelPLS","linear","synthetic_classification_p_lt_n"
1,0.431992101465786,0.431992101465786,"kernelPLS","rbf_gamma_0.25_over_p","synthetic_classification_p_lt_n"
2,0.539512417407154,0.539512417407154,"kernelPLS","rbf_gamma_0.25_over_p","synthetic_classification_p_lt_n"
3,0.673028024606972,0.673028024606972,"kernelPLS","rbf_gamma_0.25_over_p","synthetic_classification_p_lt_n"
4,0.717417786891471,0.717417786891471,"kernelPLS","rbf_gamma_0.25_over_p","synthetic_classification_p_lt_n"
5,0.739772917141338,0.739772917141338,"kernelPLS","rbf_gamma_0.25_over_p","synthetic_classification_p_lt_n"
1,0.428670160249108,0.428670160249108,"kernelPLS","rbf_gamma_1_over_p","synthetic_classification_p_lt_n"
2,0.584248500037974,0.584248500037974,"kernelPLS","rbf_gamma_1_over_p","synthetic_classification_p_lt_n"
3,0.667472469051416,0.667472469051416,"kernelPLS","rbf_gamma_1_over_p","synthetic_classification_p_lt_n"
4,0.722680944786208,0.722680944786208,"kernelPLS","rbf_gamma_1_over_p","synthetic_classification_p_lt_n"
5,0.728795473532316,0.728795473532316,"kernelPLS","rbf_gamma_1_over_p","synthetic_classification_p_lt_n"
1,0.400492139439508,0.400492139439508,"kernelPLS","rbf_gamma_4_over_p","synthetic_classification_p_lt_n"
2,0.546103136629452,0.546103136629452,"kernelPLS","rbf_gamma_4_over_p","synthetic_classification_p_lt_n"
3,0.585948203842941,0.585948203842941,"kernelPLS","rbf_gamma_4_over_p","synthetic_classification_p_lt_n"
4,0.657743601427812,0.657743601427812,"kernelPLS","rbf_gamma_4_over_p","synthetic_classification_p_lt_n"
5,0.690412394622921,0.690412394622921,"kernelPLS","rbf_gamma_4_over_p","synthetic_classification_p_lt_n"
1,0.427526391736918,0.427526391736918,"kernelPLS","poly_degree2_offset1","synthetic_classification_p_lt_n"
2,0.483957621326042,0.483957621326042,"kernelPLS","poly_degree2_offset1","synthetic_classification_p_lt_n"
3,0.650726817042606,0.650726817042606,"kernelPLS","poly_degree2_offset1","synthetic_classification_p_lt_n"
4,0.684590263537632,0.684590263537632,"kernelPLS","poly_degree2_offset1","synthetic_classification_p_lt_n"
5,0.700433659907344,0.700433659907344,"kernelPLS","poly_degree2_offset1","synthetic_classification_p_lt_n"
1,0.41133971291866,0.41133971291866,"kernelPLS","poly_degree3_offset1","synthetic_classification_p_lt_n"
2,0.474228753702438,0.474228753702438,"kernelPLS","poly_degree3_offset1","synthetic_classification_p_lt_n"
3,0.640492898913952,0.640492898913952,"kernelPLS","poly_degree3_offset1","synthetic_classification_p_lt_n"
4,0.666462368041315,0.666462368041315,"kernelPLS","poly_degree3_offset1","synthetic_classification_p_lt_n"
5,0.68940229361282,0.68940229361282,"kernelPLS","poly_degree3_offset1","synthetic_classification_p_lt_n"
1,0.383482949798739,0.383482949798739,"kernelPLS","poly_degree4_offset1","synthetic_classification_p_lt_n"
2,0.454401154401154,0.454401154401154,"kernelPLS","poly_degree4_offset1","synthetic_classification_p_lt_n"
3,0.489166856535278,0.489166856535278,"kernelPLS","poly_degree4_offset1","synthetic_classification_p_lt_n"
4,0.583902179691653,0.583902179691653,"kernelPLS","poly_degree4_offset1","synthetic_classification_p_lt_n"
5,0.666303637882585,0.666303637882585,"kernelPLS","poly_degree4_offset1","synthetic_classification_p_lt_n"
1,0.299725070251386,0.299725070251386,"kernelPLS","poly_degree3_offset0","synthetic_classification_p_lt_n"
2,0.415989974937343,0.415989974937343,"kernelPLS","poly_degree3_offset0","synthetic_classification_p_lt_n"
3,0.504584947216526,0.504584947216526,"kernelPLS","poly_degree3_offset0","synthetic_classification_p_lt_n"
4,0.605059618743829,0.605059618743829,"kernelPLS","poly_degree3_offset0","synthetic_classification_p_lt_n"
5,0.685200121515911,0.685200121515911,"kernelPLS","poly_degree3_offset0","synthetic_classification_p_lt_n"
1,0.477474937343358,0.477474937343358,"OPLS","north_1","synthetic_classification_p_gt_n"
2,0.589634011499337,0.589634011499337,"OPLS","north_1","synthetic_classification_p_gt_n"
3,0.687052189296771,0.687052189296771,"OPLS","north_1","synthetic_classification_p_gt_n"
4,0.696575998820581,0.696575998820581,"OPLS","north_1","synthetic_classification_p_gt_n"
5,0.696575998820581,0.696575998820581,"OPLS","north_1","synthetic_classification_p_gt_n"
1,0.477474937343358,0.477474937343358,"OPLS","north_2","synthetic_classification_p_gt_n"
2,0.576131505233672,0.576131505233672,"OPLS","north_2","synthetic_classification_p_gt_n"
3,0.578372401592216,0.578372401592216,"OPLS","north_2","synthetic_classification_p_gt_n"
4,0.599660916998378,0.599660916998378,"OPLS","north_2","synthetic_classification_p_gt_n"
5,0.534289768538995,0.534289768538995,"OPLS","north_2","synthetic_classification_p_gt_n"
1,0.477474937343358,0.477474937343358,"OPLS","north_3","synthetic_classification_p_gt_n"
2,0.56734298982751,0.56734298982751,"OPLS","north_3","synthetic_classification_p_gt_n"
3,0.540605189444199,0.540605189444199,"OPLS","north_3","synthetic_classification_p_gt_n"
4,0.500737136960047,0.500737136960047,"OPLS","north_3","synthetic_classification_p_gt_n"
5,0.524030664897538,0.524030664897538,"OPLS","north_3","synthetic_classification_p_gt_n"
1,0.477474937343358,0.477474937343358,"kernelPLS","linear","synthetic_classification_p_gt_n"
2,0.565636517765001,0.565636517765001,"kernelPLS","linear","synthetic_classification_p_gt_n"
3,0.665763673890609,0.665763673890609,"kernelPLS","linear","synthetic_classification_p_gt_n"
4,0.795766991006929,0.795766991006929,"kernelPLS","linear","synthetic_classification_p_gt_n"
5,0.809002285124576,0.809002285124576,"kernelPLS","linear","synthetic_classification_p_gt_n"
1,0.477474937343358,0.477474937343358,"kernelPLS","rbf_gamma_0.25_over_p","synthetic_classification_p_gt_n"
2,0.555110201975527,0.555110201975527,"kernelPLS","rbf_gamma_0.25_over_p","synthetic_classification_p_gt_n"
3,0.65202528379773,0.65202528379773,"kernelPLS","rbf_gamma_0.25_over_p","synthetic_classification_p_gt_n"
4,0.741661138139466,0.741661138139466,"kernelPLS","rbf_gamma_0.25_over_p","synthetic_classification_p_gt_n"
5,0.777454666076957,0.777454666076957,"kernelPLS","rbf_gamma_0.25_over_p","synthetic_classification_p_gt_n"
1,0.466948621553885,0.466948621553885,"kernelPLS","rbf_gamma_1_over_p","synthetic_classification_p_gt_n"
2,0.544080790210821,0.544080790210821,"kernelPLS","rbf_gamma_1_over_p","synthetic_classification_p_gt_n"
3,0.608681630546956,0.608681630546956,"kernelPLS","rbf_gamma_1_over_p","synthetic_classification_p_gt_n"
4,0.754896432257113,0.754896432257113,"kernelPLS","rbf_gamma_1_over_p","synthetic_classification_p_gt_n"
5,0.740654946189002,0.740654946189002,"kernelPLS","rbf_gamma_1_over_p","synthetic_classification_p_gt_n"
1,0.433895400265369,0.433895400265369,"kernelPLS","rbf_gamma_4_over_p","synthetic_classification_p_gt_n"
2,0.555342400117942,0.555342400117942,"kernelPLS","rbf_gamma_4_over_p","synthetic_classification_p_gt_n"
3,0.575392525431225,0.575392525431225,"kernelPLS","rbf_gamma_4_over_p","synthetic_classification_p_gt_n"
4,0.63999336576736,0.63999336576736,"kernelPLS","rbf_gamma_4_over_p","synthetic_classification_p_gt_n"
5,0.683069806870116,0.683069806870116,"kernelPLS","rbf_gamma_4_over_p","synthetic_classification_p_gt_n"
1,0.477474937343358,0.477474937343358,"kernelPLS","poly_degree2_offset1","synthetic_classification_p_gt_n"
2,0.565636517765001,0.565636517765001,"kernelPLS","poly_degree2_offset1","synthetic_classification_p_gt_n"
3,0.655237358101135,0.655237358101135,"kernelPLS","poly_degree2_offset1","synthetic_classification_p_gt_n"
4,0.753425844021819,0.753425844021819,"kernelPLS","poly_degree2_offset1","synthetic_classification_p_gt_n"
5,0.752419652071355,0.752419652071355,"kernelPLS","poly_degree2_offset1","synthetic_classification_p_gt_n"
1,0.477474937343358,0.477474937343358,"kernelPLS","poly_degree3_offset1","synthetic_classification_p_gt_n"
2,0.55062840925844,0.55062840925844,"kernelPLS","poly_degree3_offset1","synthetic_classification_p_gt_n"
3,0.618205440070765,0.618205440070765,"kernelPLS","poly_degree3_offset1","synthetic_classification_p_gt_n"
4,0.698081601061477,0.698081601061477,"kernelPLS","poly_degree3_offset1","synthetic_classification_p_gt_n"
5,0.7140572018281,0.7140572018281,"kernelPLS","poly_degree3_offset1","synthetic_classification_p_gt_n"
1,0.32297471620227,0.32297471620227,"kernelPLS","poly_degree4_offset1","synthetic_classification_p_gt_n"
2,0.520051968155683,0.520051968155683,"kernelPLS","poly_degree4_offset1","synthetic_classification_p_gt_n"
3,0.514243328910512,0.514243328910512,"kernelPLS","poly_degree4_offset1","synthetic_classification_p_gt_n"
4,0.590872401592216,0.590872401592216,"kernelPLS","poly_degree4_offset1","synthetic_classification_p_gt_n"
5,0.673956951201533,0.673956951201533,"kernelPLS","poly_degree4_offset1","synthetic_classification_p_gt_n"
1,0.311210010319917,0.311210010319917,"kernelPLS","poly_degree3_offset0","synthetic_classification_p_gt_n"
2,0.4421808196963,0.4421808196963,"kernelPLS","poly_degree3_offset0","synthetic_classification_p_gt_n"
3,0.457424812030075,0.457424812030075,"kernelPLS","poly_degree3_offset0","synthetic_classification_p_gt_n"
4,0.543078283945157,0.543078283945157,"kernelPLS","poly_degree3_offset0","synthetic_classification_p_gt_n"
5,0.561797877045555,0.561797877045555,"kernelPLS","poly_degree3_offset0","synthetic_classification_p_gt_n"
1,0.656674066309404,0.656674066309404,"OPLS","north_1","gasoline_real_regression"
2,0.29301147271662,0.293011472716621,"OPLS","north_1","gasoline_real_regression"
3,0.238886788551265,0.238886788551228,"OPLS","north_1","gasoline_real_regression"
4,0.223642783587199,0.223642783587201,"OPLS","north_1","gasoline_real_regression"
5,0.21120803505354,0.211208035054045,"OPLS","north_1","gasoline_real_regression"
1,0.293011472716621,0.293011472716622,"OPLS","north_2","gasoline_real_regression"
2,0.238886788551244,0.23888678855123,"OPLS","north_2","gasoline_real_regression"
3,0.223642783587325,0.223642783587213,"OPLS","north_2","gasoline_real_regression"
4,0.211208035054453,0.211208035054065,"OPLS","north_2","gasoline_real_regression"
5,0.225895747319635,0.225895747318732,"OPLS","north_2","gasoline_real_regression"
1,0.238886788551229,0.238886788551233,"OPLS","north_3","gasoline_real_regression"
2,0.223642783587112,0.223642783587201,"OPLS","north_3","gasoline_real_regression"
3,0.211208035053352,0.211208035054039,"OPLS","north_3","gasoline_real_regression"
4,0.225895747319819,0.225895747318661,"OPLS","north_3","gasoline_real_regression"
5,0.252284343362786,0.25228434336188,"OPLS","north_3","gasoline_real_regression"
1,1.16720593824964,1.16720593824964,"kernelPLS","linear","gasoline_real_regression"
2,0.656674066309403,0.656674066309403,"kernelPLS","linear","gasoline_real_regression"
3,0.29301147271662,0.293011472716622,"kernelPLS","linear","gasoline_real_regression"
4,0.238886788551219,0.238886788551228,"kernelPLS","linear","gasoline_real_regression"
5,0.223642783587243,0.223642783587206,"kernelPLS","linear","gasoline_real_regression"
1,1.49101045742612,1.49101045742612,"kernelPLS","rbf_gamma_0.25_over_p","gasoline_real_regression"
2,1.24111591110095,1.24111591110095,"kernelPLS","rbf_gamma_0.25_over_p","gasoline_real_regression"
3,0.647557622477667,0.647557622477665,"kernelPLS","rbf_gamma_0.25_over_p","gasoline_real_regression"
4,0.40934471382991,0.409344713829904,"kernelPLS","rbf_gamma_0.25_over_p","gasoline_real_regression"
5,0.377410252352235,0.377410252352236,"kernelPLS","rbf_gamma_0.25_over_p","gasoline_real_regression"
1,1.33060877707983,1.33060877707983,"kernelPLS","rbf_gamma_1_over_p","gasoline_real_regression"
2,1.19840479744551,1.19840479744551,"kernelPLS","rbf_gamma_1_over_p","gasoline_real_regression"
3,0.88206494565783,0.882064945657828,"kernelPLS","rbf_gamma_1_over_p","gasoline_real_regression"
4,0.751849578785314,0.751849578785314,"kernelPLS","rbf_gamma_1_over_p","gasoline_real_regression"
5,0.651575004682235,0.651575004682232,"kernelPLS","rbf_gamma_1_over_p","gasoline_real_regression"
1,1.21885317445841,1.21885317445841,"kernelPLS","rbf_gamma_4_over_p","gasoline_real_regression"
2,1.13197682032188,1.13197682032188,"kernelPLS","rbf_gamma_4_over_p","gasoline_real_regression"
3,0.967064164448146,0.967064164448149,"kernelPLS","rbf_gamma_4_over_p","gasoline_real_regression"
4,0.951668368005161,0.951668368005161,"kernelPLS","rbf_gamma_4_over_p","gasoline_real_regression"
5,0.940091864188635,0.940091864188637,"kernelPLS","rbf_gamma_4_over_p","gasoline_real_regression"
1,1.57450571730554,1.57450571730554,"kernelPLS","poly_degree2_offset1","gasoline_real_regression"
2,1.17509810391145,1.17509810391145,"kernelPLS","poly_degree2_offset1","gasoline_real_regression"
3,0.927704290819891,0.927704290819889,"kernelPLS","poly_degree2_offset1","gasoline_real_regression"
4,0.83213261484114,0.832132614841134,"kernelPLS","poly_degree2_offset1","gasoline_real_regression"
5,0.382846512847915,0.382846512847929,"kernelPLS","poly_degree2_offset1","gasoline_real_regression"
1,1.45731315948704,1.45731315948704,"kernelPLS","poly_degree3_offset1","gasoline_real_regression"
2,1.22958187970443,1.22958187970443,"kernelPLS","poly_degree3_offset1","gasoline_real_regression"
3,1.21993073996881,1.2199307399688,"kernelPLS","poly_degree3_offset1","gasoline_real_regression"
4,1.02345275202709,1.02345275202709,"kernelPLS","poly_degree3_offset1","gasoline_real_regression"
5,0.908487753756228,0.908487753756213,"kernelPLS","poly_degree3_offset1","gasoline_real_regression"
1,1.52087547973411,1.52087547973412,"kernelPLS","poly_degree4_offset1","gasoline_real_regression"
2,1.50489636832571,1.50489636832573,"kernelPLS","poly_degree4_offset1","gasoline_real_regression"
3,1.35772324594431,1.35772324594432,"kernelPLS","poly_degree4_offset1","gasoline_real_regression"
4,1.37248616739935,1.37248616739945,"kernelPLS","poly_degree4_offset1","gasoline_real_regression"
5,1.27901130853596,1.27901130853629,"kernelPLS","poly_degree4_offset1","gasoline_real_regression"
1,1.59207005998401,1.59207005998401,"kernelPLS","poly_degree3_offset0","gasoline_real_regression"
2,1.49829957789278,1.49829957789278,"kernelPLS","poly_degree3_offset0","gasoline_real_regression"
3,1.3912135109905,1.3912135109905,"kernelPLS","poly_degree3_offset0","gasoline_real_regression"
4,1.39929704768012,1.39929704768008,"kernelPLS","poly_degree3_offset0","gasoline_real_regression"
5,1.24464154815488,1.24464154815493,"kernelPLS","poly_degree3_offset0","gasoline_real_regression"
1,0.8,0.8,"OPLS","north_1","breast_real_classification"
2,0.94,0.94,"OPLS","north_1","breast_real_classification"
3,0.96,0.96,"OPLS","north_1","breast_real_classification"
1,0.8,0.8,"OPLS","north_2","breast_real_classification"
2,0.946666666666667,0.946666666666667,"OPLS","north_2","breast_real_classification"
3,0.953333333333333,0.953333333333333,"OPLS","north_2","breast_real_classification"
1,0.8,0.8,"OPLS","north_3","breast_real_classification"
2,0.933333333333333,0.933333333333333,"OPLS","north_3","breast_real_classification"
3,0.933333333333333,0.933333333333333,"OPLS","north_3","breast_real_classification"
1,0.8,0.8,"kernelPLS","linear","breast_real_classification"
2,0.973333333333333,0.973333333333333,"kernelPLS","linear","breast_real_classification"
3,0.966666666666667,0.966666666666667,"kernelPLS","linear","breast_real_classification"
1,0.793333333333333,0.793333333333333,"kernelPLS","rbf_gamma_0.25_over_p","breast_real_classification"
2,0.933333333333333,0.933333333333333,"kernelPLS","rbf_gamma_0.25_over_p","breast_real_classification"
3,0.973333333333333,0.973333333333333,"kernelPLS","rbf_gamma_0.25_over_p","breast_real_classification"
1,0.793333333333333,0.793333333333333,"kernelPLS","rbf_gamma_1_over_p","breast_real_classification"
2,0.933333333333333,0.933333333333333,"kernelPLS","rbf_gamma_1_over_p","breast_real_classification"
3,0.946666666666667,0.946666666666667,"kernelPLS","rbf_gamma_1_over_p","breast_real_classification"
1,0.753333333333333,0.753333333333333,"kernelPLS","rbf_gamma_4_over_p","breast_real_classification"
2,0.766666666666667,0.766666666666667,"kernelPLS","rbf_gamma_4_over_p","breast_real_classification"
3,0.726666666666667,0.726666666666667,"kernelPLS","rbf_gamma_4_over_p","breast_real_classification"
1,0.8,0.8,"kernelPLS","poly_degree2_offset1","breast_real_classification"
2,0.933333333333333,0.933333333333333,"kernelPLS","poly_degree2_offset1","breast_real_classification"
3,0.966666666666667,0.966666666666667,"kernelPLS","poly_degree2_offset1","breast_real_classification"
1,0.8,0.8,"kernelPLS","poly_degree3_offset1","breast_real_classification"
2,0.893333333333333,0.893333333333333,"kernelPLS","poly_degree3_offset1","breast_real_classification"
3,0.946666666666667,0.946666666666667,"kernelPLS","poly_degree3_offset1","breast_real_classification"
1,0.773333333333333,0.773333333333333,"kernelPLS","poly_degree4_offset1","breast_real_classification"
2,0.786666666666667,0.786666666666667,"kernelPLS","poly_degree4_offset1","breast_real_classification"
3,0.826666666666667,0.826666666666667,"kernelPLS","poly_degree4_offset1","breast_real_classification"
1,0.626666666666667,0.626666666666667,"kernelPLS","poly_degree3_offset0","breast_real_classification"
2,0.653333333333333,0.653333333333333,"kernelPLS","poly_degree3_offset0","breast_real_classification"
3,0.68,0.68,"kernelPLS","poly_degree3_offset0","breast_real_classification"
