"dataset","task_type","n_train","n_test","p","q","ncomp","pair","configuration","optimized_value","optimization_applicable","metric_name","replicates","total_time_median_sec","total_time_iqr_sec","incremental_rss_median_mb","incremental_rss_iqr_mb","metric_median","prediction_agreement_min","max_abs_prediction_diff"
"ccle","classification",547,71,1000,18,20,"cached_deflation_products","deflation_cached",TRUE,TRUE,"accuracy",3,0.039,5e-04,13.53125,2.3515625,0.647887323943662,1,NA
"ccle","classification",547,71,1000,18,20,"cached_deflation_products","deflation_inline",FALSE,TRUE,"accuracy",3,0.039,5e-04,15.640625,4.578125,0.647887323943662,1,NA
"ccle","classification",547,71,1000,18,20,"cached_XtX","xtx_off",FALSE,FALSE,"accuracy",3,0.04,0.001,13.28125,1.2578125,0.647887323943662,1,NA
"ccle","classification",547,71,1000,18,20,"cached_XtX","xtx_on",TRUE,FALSE,"accuracy",3,0.039,5e-04,13.8125,2.09375,0.647887323943662,1,NA
"ccle","classification",547,71,1000,18,20,"compact_prediction","coefficient_cube",FALSE,TRUE,"accuracy",3,0.0399999999999999,5e-04,9.078125,4.765625,0.647887323943662,1,NA
"ccle","classification",547,71,1000,18,20,"compact_prediction","compact_prediction",TRUE,TRUE,"accuracy",3,0.036,5e-04,10.578125,2.9453125,0.647887323943662,1,NA
"ccle","classification",547,71,1000,18,20,"incremental_coefficients","coefficients_incremental",TRUE,TRUE,"accuracy",3,0.039,0.001,6.125,3.2265625,0.647887323943662,1,NA
"ccle","classification",547,71,1000,18,20,"incremental_coefficients","coefficients_recomputed",FALSE,TRUE,"accuracy",3,0.04,5e-04,16.5625,2.671875,0.647887323943662,1,NA
"ccle","classification",547,71,1000,18,20,"matrix_free","explicit_crosscov",FALSE,TRUE,"accuracy",3,0.036,0.000499999999999994,10.484375,4.640625,0.647887323943662,1,NA
"ccle","classification",547,71,1000,18,20,"matrix_free","matrix_free",TRUE,TRUE,"accuracy",3,0.285,0.002,6.828125,0.2421875,0.647887323943662,1,NA
"gtex_v8","classification",3000,797,1000,32,50,"cached_deflation_products","deflation_cached",TRUE,TRUE,"accuracy",3,0.591,0.002,132.125,12.3203125,0.957340025094103,1,NA
"gtex_v8","classification",3000,797,1000,32,50,"cached_deflation_products","deflation_inline",FALSE,TRUE,"accuracy",3,0.589,0.00149999999999995,148.84375,13.2109375,0.957340025094103,1,NA
"gtex_v8","classification",3000,797,1000,32,50,"cached_XtX","xtx_off",FALSE,FALSE,"accuracy",3,0.597,0.002,138.359375,19.8984375,0.957340025094103,1,NA
"gtex_v8","classification",3000,797,1000,32,50,"cached_XtX","xtx_on",TRUE,FALSE,"accuracy",3,0.591,0.00250000000000006,142.859375,6.9765625,0.957340025094103,1,NA
"gtex_v8","classification",3000,797,1000,32,50,"compact_prediction","coefficient_cube",FALSE,TRUE,"accuracy",3,0.59,0.014,140.671875,7.4375,0.957340025094103,1,NA
"gtex_v8","classification",3000,797,1000,32,50,"compact_prediction","compact_prediction",TRUE,TRUE,"accuracy",3,0.544,0.00149999999999995,118.5625,1.0234375,0.957340025094103,1,NA
"gtex_v8","classification",3000,797,1000,32,50,"incremental_coefficients","coefficients_incremental",TRUE,TRUE,"accuracy",3,0.59,0.00100000000000011,135.984375,5.890625,0.957340025094103,1,NA
"gtex_v8","classification",3000,797,1000,32,50,"incremental_coefficients","coefficients_recomputed",FALSE,TRUE,"accuracy",3,0.602,0.003,137.765625,14.0703125,0.957340025094103,1,NA
"gtex_v8","classification",3000,797,1000,32,50,"matrix_free","explicit_crosscov",FALSE,TRUE,"accuracy",3,0.547,0.000500000000000056,128.03125,5.15625,0.957340025094103,1,NA
"gtex_v8","classification",3000,797,1000,32,50,"matrix_free","matrix_free",TRUE,TRUE,"accuracy",3,5.187,0.00699999999999967,87.125,16.984375,0.957340025094103,1,NA
"metref","classification",773,100,375,22,22,"cached_deflation_products","deflation_cached",TRUE,TRUE,"accuracy",3,0.026,0.000999999999999997,7.921875,2.625,0.77,1,NA
"metref","classification",773,100,375,22,22,"cached_deflation_products","deflation_inline",FALSE,TRUE,"accuracy",3,0.027,0.000999999999999997,9.640625,3.359375,0.77,1,NA
"metref","classification",773,100,375,22,22,"cached_XtX","xtx_off",FALSE,FALSE,"accuracy",3,0.026,0.00149999999999995,9.265625,1.8984375,0.77,1,NA
"metref","classification",773,100,375,22,22,"cached_XtX","xtx_on",TRUE,FALSE,"accuracy",3,0.026,0.000999999999999997,8.265625,1.0234375,0.77,1,NA
"metref","classification",773,100,375,22,22,"compact_prediction","coefficient_cube",FALSE,TRUE,"accuracy",3,0.026,0.000499999999999997,8.328125,1.296875,0.77,1,NA
"metref","classification",773,100,375,22,22,"compact_prediction","compact_prediction",TRUE,TRUE,"accuracy",3,0.023,0,8.703125,1.234375,0.77,1,NA
"metref","classification",773,100,375,22,22,"incremental_coefficients","coefficients_incremental",TRUE,TRUE,"accuracy",3,0.027,0.001,8.890625,2.0546875,0.77,1,NA
"metref","classification",773,100,375,22,22,"incremental_coefficients","coefficients_recomputed",FALSE,TRUE,"accuracy",3,0.027,0.0015,9.3125,2.421875,0.77,1,NA
"metref","classification",773,100,375,22,22,"matrix_free","explicit_crosscov",FALSE,TRUE,"accuracy",3,0.023,5e-04,7.0625,2.09375,0.77,1,NA
"metref","classification",773,100,375,22,22,"matrix_free","matrix_free",TRUE,TRUE,"accuracy",3,0.185,0.0015,3.046875,0.5078125,0.77,1,NA
"prism","regression",479,54,1000,4686,5,"cached_deflation_products","deflation_cached",TRUE,TRUE,"rmsd",3,1.766,0.04,410.703125,25.3359375,0.54824784254272,1,3.99680288865056e-15
"prism","regression",479,54,1000,4686,5,"cached_deflation_products","deflation_inline",FALSE,TRUE,"rmsd",3,1.677,0.0330000000000001,503.5,34.453125,0.54824784254272,1,0
"prism","regression",479,54,1000,4686,5,"cached_XtX","xtx_off",FALSE,FALSE,"rmsd",3,1.788,0.0905,422.5625,18.2578125,0.54824784254272,1,0
"prism","regression",479,54,1000,4686,5,"cached_XtX","xtx_on",TRUE,FALSE,"rmsd",3,1.73,0.0294999999999999,412.859375,14.96875,0.54824784254272,1,0
"prism","regression",479,54,1000,4686,5,"compact_prediction","coefficient_cube",FALSE,TRUE,"rmsd",3,1.729,0.00999999999999979,407.921875,24.734375,0.54824784254272,1,0
"prism","regression",479,54,1000,4686,5,"compact_prediction","compact_prediction",TRUE,TRUE,"rmsd",3,1.168,0.00499999999999989,111.453125,6.21875,0.54824784254272,1,5.32907051820075e-15
"prism","regression",479,54,1000,4686,5,"incremental_coefficients","coefficients_incremental",TRUE,TRUE,"rmsd",3,1.794,0.00949999999999984,451.125,7.4375,0.54824784254272,1,0
"prism","regression",479,54,1000,4686,5,"incremental_coefficients","coefficients_recomputed",FALSE,TRUE,"rmsd",3,1.758,0.05,400.828125,9.71875,0.54824784254272,1,0
"prism","regression",479,54,1000,4686,5,"matrix_free","explicit_crosscov",FALSE,TRUE,"rmsd",3,1.176,0.00749999999999984,100,17.0390625,0.54824784254272,1,0
"prism","regression",479,54,1000,4686,5,"matrix_free","matrix_free",TRUE,TRUE,"rmsd",3,0.314,0.00800000000000001,70.34375,5.171875,0.54824784254272,1,5.77315972805081e-15
