"dataset","task_type","n_train","n_test","p","q","ncomp","method","backend","svd_method","pair","configuration","optimized_value","optimization_applicable","xprod","replicate","fit_time_sec","predict_time_sec","total_time_sec","metric_name","metric_value","rss_before_fit_mb","status","error","fit_window_peak_rss_mb","incremental_peak_rss_mb","prediction_agreement","max_abs_prediction_diff"
"ccle","classification",547,71,1000,18,20,"simpls","cpu","irlba","compact_prediction","coefficient_cube",FALSE,TRUE,FALSE,1,0.0289999999999999,0.011,0.0399999999999999,"accuracy",0.647887323943662,195.046875,"success",NA,201.796875,6.75,1,NA
"ccle","classification",547,71,1000,18,20,"simpls","cpu","irlba","compact_prediction","coefficient_cube",FALSE,TRUE,FALSE,2,0.029,0.011,0.04,"accuracy",0.647887323943662,195.890625,"success",NA,204.96875,9.078125,1,NA
"ccle","classification",547,71,1000,18,20,"simpls","cpu","irlba","compact_prediction","coefficient_cube",FALSE,TRUE,FALSE,3,0.028,0.011,0.039,"accuracy",0.647887323943662,192.578125,"success",NA,208.859375,16.28125,1,NA
"ccle","classification",547,71,1000,18,20,"simpls","cpu","irlba","incremental_coefficients","coefficients_incremental",TRUE,TRUE,FALSE,1,0.028,0.011,0.039,"accuracy",0.647887323943662,194.484375,"success",NA,206.109375,11.625,1,NA
"ccle","classification",547,71,1000,18,20,"simpls","cpu","irlba","incremental_coefficients","coefficients_incremental",TRUE,TRUE,FALSE,2,0.029,0.012,0.041,"accuracy",0.647887323943662,199.234375,"success",NA,205.359375,6.125,1,NA
"ccle","classification",547,71,1000,18,20,"simpls","cpu","irlba","incremental_coefficients","coefficients_incremental",TRUE,TRUE,FALSE,3,0.028,0.011,0.039,"accuracy",0.647887323943662,193.734375,"success",NA,198.90625,5.171875,1,NA
"ccle","classification",547,71,1000,18,20,"simpls","cpu","irlba","incremental_coefficients","coefficients_recomputed",FALSE,TRUE,FALSE,1,0.03,0.011,0.041,"accuracy",0.647887323943662,193.78125,"success",NA,210.34375,16.5625,1,NA
"ccle","classification",547,71,1000,18,20,"simpls","cpu","irlba","incremental_coefficients","coefficients_recomputed",FALSE,TRUE,FALSE,2,0.029,0.011,0.04,"accuracy",0.647887323943662,189.71875,"success",NA,201.40625,11.6875,1,NA
"ccle","classification",547,71,1000,18,20,"simpls","cpu","irlba","incremental_coefficients","coefficients_recomputed",FALSE,TRUE,FALSE,3,0.029,0.011,0.04,"accuracy",0.647887323943662,186.234375,"success",NA,203.265625,17.03125,1,NA
"ccle","classification",547,71,1000,18,20,"simpls","cpu","irlba","compact_prediction","compact_prediction",TRUE,TRUE,FALSE,1,0.028,0.00800000000000001,0.036,"accuracy",0.647887323943662,195.046875,"success",NA,205.625,10.578125,1,NA
"ccle","classification",547,71,1000,18,20,"simpls","cpu","irlba","compact_prediction","compact_prediction",TRUE,TRUE,FALSE,2,0.029,0.00800000000000001,0.037,"accuracy",0.647887323943662,194.59375,"success",NA,200.171875,5.578125,1,NA
"ccle","classification",547,71,1000,18,20,"simpls","cpu","irlba","compact_prediction","compact_prediction",TRUE,TRUE,FALSE,3,0.028,0.00800000000000001,0.036,"accuracy",0.647887323943662,188.359375,"success",NA,199.828125,11.46875,1,NA
"ccle","classification",547,71,1000,18,20,"simpls","cpu","irlba","cached_deflation_products","deflation_cached",TRUE,TRUE,FALSE,1,0.029,0.011,0.04,"accuracy",0.647887323943662,192.4375,"success",NA,207.359375,14.921875,1,NA
"ccle","classification",547,71,1000,18,20,"simpls","cpu","irlba","cached_deflation_products","deflation_cached",TRUE,TRUE,FALSE,2,0.028,0.011,0.039,"accuracy",0.647887323943662,190.09375,"success",NA,200.3125,10.21875,1,NA
"ccle","classification",547,71,1000,18,20,"simpls","cpu","irlba","cached_deflation_products","deflation_cached",TRUE,TRUE,FALSE,3,0.028,0.011,0.039,"accuracy",0.647887323943662,190.375,"success",NA,203.90625,13.53125,1,NA
"ccle","classification",547,71,1000,18,20,"simpls","cpu","irlba","cached_deflation_products","deflation_inline",FALSE,TRUE,FALSE,1,0.028,0.011,0.039,"accuracy",0.647887323943662,198.140625,"success",NA,205.09375,6.953125,1,NA
"ccle","classification",547,71,1000,18,20,"simpls","cpu","irlba","cached_deflation_products","deflation_inline",FALSE,TRUE,FALSE,2,0.028,0.011,0.039,"accuracy",0.647887323943662,188.140625,"success",NA,204.25,16.109375,1,NA
"ccle","classification",547,71,1000,18,20,"simpls","cpu","irlba","cached_deflation_products","deflation_inline",FALSE,TRUE,FALSE,3,0.029,0.011,0.04,"accuracy",0.647887323943662,197.625,"success",NA,213.265625,15.640625,1,NA
"ccle","classification",547,71,1000,18,20,"simpls","cpu","irlba","matrix_free","explicit_crosscov",FALSE,TRUE,FALSE,1,0.027,0.00800000000000001,0.035,"accuracy",0.647887323943662,197.15625,"success",NA,199.78125,2.625,1,NA
"ccle","classification",547,71,1000,18,20,"simpls","cpu","irlba","matrix_free","explicit_crosscov",FALSE,TRUE,FALSE,2,0.028,0.00800000000000001,0.036,"accuracy",0.647887323943662,192.4375,"success",NA,202.921875,10.484375,1,NA
"ccle","classification",547,71,1000,18,20,"simpls","cpu","irlba","matrix_free","explicit_crosscov",FALSE,TRUE,FALSE,3,0.028,0.00800000000000001,0.036,"accuracy",0.647887323943662,189.671875,"success",NA,201.578125,11.90625,1,NA
"ccle","classification",547,71,1000,18,20,"simpls","cpu","irlba","matrix_free","matrix_free",TRUE,TRUE,TRUE,1,0.28,0.00800000000000001,0.288,"accuracy",0.647887323943662,192.078125,"success",NA,198.859375,6.78125,1,NA
"ccle","classification",547,71,1000,18,20,"simpls","cpu","irlba","matrix_free","matrix_free",TRUE,TRUE,TRUE,2,0.276,0.00800000000000001,0.284,"accuracy",0.647887323943662,199.625,"success",NA,206.453125,6.828125,1,NA
"ccle","classification",547,71,1000,18,20,"simpls","cpu","irlba","matrix_free","matrix_free",TRUE,TRUE,TRUE,3,0.277,0.00800000000000001,0.285,"accuracy",0.647887323943662,194.796875,"success",NA,202.0625,7.265625,1,NA
"ccle","classification",547,71,1000,18,20,"simpls","cpu","irlba","cached_XtX","xtx_off",FALSE,FALSE,FALSE,1,0.029,0.011,0.04,"accuracy",0.647887323943662,191.71875,"success",NA,204.625,12.90625,1,NA
"ccle","classification",547,71,1000,18,20,"simpls","cpu","irlba","cached_XtX","xtx_off",FALSE,FALSE,FALSE,2,0.029,0.012,0.041,"accuracy",0.647887323943662,194.4375,"success",NA,207.71875,13.28125,1,NA
"ccle","classification",547,71,1000,18,20,"simpls","cpu","irlba","cached_XtX","xtx_off",FALSE,FALSE,FALSE,3,0.028,0.011,0.039,"accuracy",0.647887323943662,190.21875,"success",NA,205.640625,15.421875,1,NA
"ccle","classification",547,71,1000,18,20,"simpls","cpu","irlba","cached_XtX","xtx_on",TRUE,FALSE,FALSE,1,0.028,0.011,0.039,"accuracy",0.647887323943662,193.21875,"success",NA,202.984375,9.765625,1,NA
"ccle","classification",547,71,1000,18,20,"simpls","cpu","irlba","cached_XtX","xtx_on",TRUE,FALSE,FALSE,2,0.028,0.011,0.039,"accuracy",0.647887323943662,188.3125,"success",NA,202.265625,13.953125,1,NA
"ccle","classification",547,71,1000,18,20,"simpls","cpu","irlba","cached_XtX","xtx_on",TRUE,FALSE,FALSE,3,0.028,0.012,0.04,"accuracy",0.647887323943662,190.484375,"success",NA,204.296875,13.8125,1,NA
"gtex_v8","classification",3000,797,1000,32,50,"simpls","cpu","irlba","compact_prediction","coefficient_cube",FALSE,TRUE,FALSE,1,0.193,0.397,0.59,"accuracy",0.957340025094103,212.484375,"success",NA,353.15625,140.671875,1,NA
"gtex_v8","classification",3000,797,1000,32,50,"simpls","cpu","irlba","compact_prediction","coefficient_cube",FALSE,TRUE,FALSE,2,0.192,0.397,0.589,"accuracy",0.957340025094103,217.984375,"success",NA,354.296875,136.3125,1,NA
"gtex_v8","classification",3000,797,1000,32,50,"simpls","cpu","irlba","compact_prediction","coefficient_cube",FALSE,TRUE,FALSE,3,0.202,0.415,0.617,"accuracy",0.957340025094103,219.46875,"success",NA,370.65625,151.1875,1,NA
"gtex_v8","classification",3000,797,1000,32,50,"simpls","cpu","irlba","incremental_coefficients","coefficients_incremental",TRUE,TRUE,FALSE,1,0.192,0.398,0.59,"accuracy",0.957340025094103,215.34375,"success",NA,351.328125,135.984375,1,NA
"gtex_v8","classification",3000,797,1000,32,50,"simpls","cpu","irlba","incremental_coefficients","coefficients_incremental",TRUE,TRUE,FALSE,2,0.192,0.397,0.589,"accuracy",0.957340025094103,220.046875,"success",NA,348.28125,128.234375,1,NA
"gtex_v8","classification",3000,797,1000,32,50,"simpls","cpu","irlba","incremental_coefficients","coefficients_incremental",TRUE,TRUE,FALSE,3,0.194,0.397,0.591,"accuracy",0.957340025094103,221.296875,"success",NA,361.3125,140.015625,1,NA
"gtex_v8","classification",3000,797,1000,32,50,"simpls","cpu","irlba","incremental_coefficients","coefficients_recomputed",FALSE,TRUE,FALSE,1,0.205,0.397,0.602,"accuracy",0.957340025094103,217.640625,"success",NA,355.40625,137.765625,1,NA
"gtex_v8","classification",3000,797,1000,32,50,"simpls","cpu","irlba","incremental_coefficients","coefficients_recomputed",FALSE,TRUE,FALSE,2,0.205,0.397,0.602,"accuracy",0.957340025094103,219.015625,"success",NA,347.9375,128.921875,1,NA
"gtex_v8","classification",3000,797,1000,32,50,"simpls","cpu","irlba","incremental_coefficients","coefficients_recomputed",FALSE,TRUE,FALSE,3,0.207,0.401,0.608,"accuracy",0.957340025094103,215.765625,"success",NA,372.828125,157.0625,1,NA
"gtex_v8","classification",3000,797,1000,32,50,"simpls","cpu","irlba","compact_prediction","compact_prediction",TRUE,TRUE,FALSE,1,0.196,0.346,0.542,"accuracy",0.957340025094103,222.671875,"success",NA,339.375,116.703125,1,NA
"gtex_v8","classification",3000,797,1000,32,50,"simpls","cpu","irlba","compact_prediction","compact_prediction",TRUE,TRUE,FALSE,2,0.197,0.347,0.544,"accuracy",0.957340025094103,218.203125,"success",NA,336.953125,118.75,1,NA
"gtex_v8","classification",3000,797,1000,32,50,"simpls","cpu","irlba","compact_prediction","compact_prediction",TRUE,TRUE,FALSE,3,0.195,0.35,0.545,"accuracy",0.957340025094103,227.09375,"success",NA,345.65625,118.5625,1,NA
"gtex_v8","classification",3000,797,1000,32,50,"simpls","cpu","irlba","cached_deflation_products","deflation_cached",TRUE,TRUE,FALSE,1,0.195,0.397,0.592,"accuracy",0.957340025094103,222.53125,"success",NA,354.65625,132.125,1,NA
"gtex_v8","classification",3000,797,1000,32,50,"simpls","cpu","irlba","cached_deflation_products","deflation_cached",TRUE,TRUE,FALSE,2,0.194,0.397,0.591,"accuracy",0.957340025094103,218.078125,"success",NA,366.203125,148.125,1,NA
"gtex_v8","classification",3000,797,1000,32,50,"simpls","cpu","irlba","cached_deflation_products","deflation_cached",TRUE,TRUE,FALSE,3,0.192,0.396,0.588,"accuracy",0.957340025094103,219,"success",NA,342.484375,123.484375,1,NA
"gtex_v8","classification",3000,797,1000,32,50,"simpls","cpu","irlba","cached_deflation_products","deflation_inline",FALSE,TRUE,FALSE,1,0.192,0.396,0.588,"accuracy",0.957340025094103,218.1875,"success",NA,345.109375,126.921875,1,NA
"gtex_v8","classification",3000,797,1000,32,50,"simpls","cpu","irlba","cached_deflation_products","deflation_inline",FALSE,TRUE,FALSE,2,0.194,0.397,0.591,"accuracy",0.957340025094103,223.671875,"success",NA,377.015625,153.34375,1,NA
"gtex_v8","classification",3000,797,1000,32,50,"simpls","cpu","irlba","cached_deflation_products","deflation_inline",FALSE,TRUE,FALSE,3,0.19,0.399,0.589,"accuracy",0.957340025094103,211.203125,"success",NA,360.046875,148.84375,1,NA
"gtex_v8","classification",3000,797,1000,32,50,"simpls","cpu","irlba","matrix_free","explicit_crosscov",FALSE,TRUE,FALSE,1,0.199,0.348,0.547,"accuracy",0.957340025094103,222.15625,"success",NA,350.1875,128.03125,1,NA
"gtex_v8","classification",3000,797,1000,32,50,"simpls","cpu","irlba","matrix_free","explicit_crosscov",FALSE,TRUE,FALSE,2,0.198,0.348,0.546,"accuracy",0.957340025094103,220.34375,"success",NA,339.9375,119.59375,1,NA
"gtex_v8","classification",3000,797,1000,32,50,"simpls","cpu","irlba","matrix_free","explicit_crosscov",FALSE,TRUE,FALSE,3,0.199,0.348,0.547,"accuracy",0.957340025094103,222.453125,"success",NA,352.359375,129.90625,1,NA
"gtex_v8","classification",3000,797,1000,32,50,"simpls","cpu","irlba","matrix_free","matrix_free",TRUE,TRUE,TRUE,1,4.84,0.347,5.187,"accuracy",0.957340025094103,216.140625,"success",NA,286.21875,70.078125,1,NA
"gtex_v8","classification",3000,797,1000,32,50,"simpls","cpu","irlba","matrix_free","matrix_free",TRUE,TRUE,TRUE,2,4.843,0.344,5.187,"accuracy",0.957340025094103,219,"success",NA,323.046875,104.046875,1,NA
"gtex_v8","classification",3000,797,1000,32,50,"simpls","cpu","irlba","matrix_free","matrix_free",TRUE,TRUE,TRUE,3,4.839,0.362,5.201,"accuracy",0.957340025094103,218.984375,"success",NA,306.109375,87.125,1,NA
"gtex_v8","classification",3000,797,1000,32,50,"simpls","cpu","irlba","cached_XtX","xtx_off",FALSE,FALSE,FALSE,1,0.196,0.405,0.601,"accuracy",0.957340025094103,216.921875,"success",NA,315.65625,98.734375,1,NA
"gtex_v8","classification",3000,797,1000,32,50,"simpls","cpu","irlba","cached_XtX","xtx_off",FALSE,FALSE,FALSE,2,0.193,0.404,0.597,"accuracy",0.957340025094103,218.65625,"success",NA,357.015625,138.359375,1,NA
"gtex_v8","classification",3000,797,1000,32,50,"simpls","cpu","irlba","cached_XtX","xtx_off",FALSE,FALSE,FALSE,3,0.194,0.403,0.597,"accuracy",0.957340025094103,219.578125,"success",NA,358.109375,138.53125,1,NA
"gtex_v8","classification",3000,797,1000,32,50,"simpls","cpu","irlba","cached_XtX","xtx_on",TRUE,FALSE,FALSE,1,0.193,0.398,0.591,"accuracy",0.957340025094103,217.453125,"success",NA,360.3125,142.859375,1,NA
"gtex_v8","classification",3000,797,1000,32,50,"simpls","cpu","irlba","cached_XtX","xtx_on",TRUE,FALSE,FALSE,2,0.195,0.399,0.594,"accuracy",0.957340025094103,227.296875,"success",NA,376.875,149.578125,1,NA
"gtex_v8","classification",3000,797,1000,32,50,"simpls","cpu","irlba","cached_XtX","xtx_on",TRUE,FALSE,FALSE,3,0.19,0.399,0.589,"accuracy",0.957340025094103,220.203125,"success",NA,355.828125,135.625,1,NA
"metref","classification",773,100,375,22,22,"simpls","cpu","irlba","compact_prediction","coefficient_cube",FALSE,TRUE,FALSE,1,0.017,0.00900000000000001,0.026,"accuracy",0.77,191.828125,"success",NA,200.15625,8.328125,1,NA
"metref","classification",773,100,375,22,22,"simpls","cpu","irlba","compact_prediction","coefficient_cube",FALSE,TRUE,FALSE,2,0.016,0.00900000000000001,0.025,"accuracy",0.77,185.25,"success",NA,193.25,8,1,NA
"metref","classification",773,100,375,22,22,"simpls","cpu","irlba","compact_prediction","coefficient_cube",FALSE,TRUE,FALSE,3,0.016,0.01,0.026,"accuracy",0.77,190.515625,"success",NA,201.109375,10.59375,1,NA
"metref","classification",773,100,375,22,22,"simpls","cpu","irlba","incremental_coefficients","coefficients_incremental",TRUE,TRUE,FALSE,1,0.017,0.00900000000000001,0.026,"accuracy",0.77,190.140625,"success",NA,195.921875,5.78125,1,NA
"metref","classification",773,100,375,22,22,"simpls","cpu","irlba","incremental_coefficients","coefficients_incremental",TRUE,TRUE,FALSE,2,0.018,0.01,0.028,"accuracy",0.77,198.421875,"success",NA,208.3125,9.890625,1,NA
"metref","classification",773,100,375,22,22,"simpls","cpu","irlba","incremental_coefficients","coefficients_incremental",TRUE,TRUE,FALSE,3,0.017,0.01,0.027,"accuracy",0.77,188.515625,"success",NA,197.40625,8.890625,1,NA
"metref","classification",773,100,375,22,22,"simpls","cpu","irlba","incremental_coefficients","coefficients_recomputed",FALSE,TRUE,FALSE,1,0.019,0.01,0.029,"accuracy",0.77,191.34375,"success",NA,200.65625,9.3125,1,NA
"metref","classification",773,100,375,22,22,"simpls","cpu","irlba","incremental_coefficients","coefficients_recomputed",FALSE,TRUE,FALSE,2,0.017,0.00900000000000001,0.026,"accuracy",0.77,194.3125,"success",NA,198.96875,4.65625,1,NA
"metref","classification",773,100,375,22,22,"simpls","cpu","irlba","incremental_coefficients","coefficients_recomputed",FALSE,TRUE,FALSE,3,0.018,0.00900000000000001,0.027,"accuracy",0.77,189.53125,"success",NA,199.03125,9.5,1,NA
"metref","classification",773,100,375,22,22,"simpls","cpu","irlba","compact_prediction","compact_prediction",TRUE,TRUE,FALSE,1,0.016,0.00700000000000001,0.023,"accuracy",0.77,187.5,"success",NA,196.28125,8.78125,1,NA
"metref","classification",773,100,375,22,22,"simpls","cpu","irlba","compact_prediction","compact_prediction",TRUE,TRUE,FALSE,2,0.016,0.00700000000000001,0.023,"accuracy",0.77,191.265625,"success",NA,197.578125,6.3125,1,NA
"metref","classification",773,100,375,22,22,"simpls","cpu","irlba","compact_prediction","compact_prediction",TRUE,TRUE,FALSE,3,0.016,0.00700000000000001,0.023,"accuracy",0.77,185.453125,"success",NA,194.15625,8.703125,1,NA
"metref","classification",773,100,375,22,22,"simpls","cpu","irlba","cached_deflation_products","deflation_cached",TRUE,TRUE,FALSE,1,0.016,0.00900000000000001,0.025,"accuracy",0.77,193.015625,"success",NA,200.9375,7.921875,1,NA
"metref","classification",773,100,375,22,22,"simpls","cpu","irlba","cached_deflation_products","deflation_cached",TRUE,TRUE,FALSE,2,0.016,0.01,0.026,"accuracy",0.77,197.1875,"success",NA,202.015625,4.828125,1,NA
"metref","classification",773,100,375,22,22,"simpls","cpu","irlba","cached_deflation_products","deflation_cached",TRUE,TRUE,FALSE,3,0.017,0.01,0.027,"accuracy",0.77,186.953125,"success",NA,197.03125,10.078125,1,NA
"metref","classification",773,100,375,22,22,"simpls","cpu","irlba","cached_deflation_products","deflation_inline",FALSE,TRUE,FALSE,1,0.016,0.00900000000000001,0.025,"accuracy",0.77,197.984375,"success",NA,201.4375,3.453125,1,NA
"metref","classification",773,100,375,22,22,"simpls","cpu","irlba","cached_deflation_products","deflation_inline",FALSE,TRUE,FALSE,2,0.017,0.01,0.027,"accuracy",0.77,188.328125,"success",NA,197.96875,9.640625,1,NA
"metref","classification",773,100,375,22,22,"simpls","cpu","irlba","cached_deflation_products","deflation_inline",FALSE,TRUE,FALSE,3,0.017,0.01,0.027,"accuracy",0.77,188.03125,"success",NA,198.203125,10.171875,1,NA
"metref","classification",773,100,375,22,22,"simpls","cpu","irlba","matrix_free","explicit_crosscov",FALSE,TRUE,FALSE,1,0.016,0.00700000000000001,0.023,"accuracy",0.77,191.5625,"success",NA,195.515625,3.953125,1,NA
"metref","classification",773,100,375,22,22,"simpls","cpu","irlba","matrix_free","explicit_crosscov",FALSE,TRUE,FALSE,2,0.016,0.00700000000000001,0.023,"accuracy",0.77,190.78125,"success",NA,198.921875,8.140625,1,NA
"metref","classification",773,100,375,22,22,"simpls","cpu","irlba","matrix_free","explicit_crosscov",FALSE,TRUE,FALSE,3,0.017,0.00700000000000001,0.024,"accuracy",0.77,189.171875,"success",NA,196.234375,7.0625,1,NA
"metref","classification",773,100,375,22,22,"simpls","cpu","irlba","matrix_free","matrix_free",TRUE,TRUE,TRUE,1,0.179,0.00700000000000001,0.186,"accuracy",0.77,189.53125,"success",NA,193.5,3.96875,1,NA
"metref","classification",773,100,375,22,22,"simpls","cpu","irlba","matrix_free","matrix_free",TRUE,TRUE,TRUE,2,0.178,0.00700000000000001,0.185,"accuracy",0.77,195.1875,"success",NA,198.140625,2.953125,1,NA
"metref","classification",773,100,375,22,22,"simpls","cpu","irlba","matrix_free","matrix_free",TRUE,TRUE,TRUE,3,0.176,0.00700000000000001,0.183,"accuracy",0.77,192.078125,"success",NA,195.125,3.046875,1,NA
"metref","classification",773,100,375,22,22,"simpls","cpu","irlba","cached_XtX","xtx_off",FALSE,FALSE,FALSE,1,0.0189999999999999,0.01,0.0289999999999999,"accuracy",0.77,185.109375,"success",NA,195.125,10.015625,1,NA
"metref","classification",773,100,375,22,22,"simpls","cpu","irlba","cached_XtX","xtx_off",FALSE,FALSE,FALSE,2,0.016,0.01,0.026,"accuracy",0.77,194.15625,"success",NA,200.375,6.21875,1,NA
"metref","classification",773,100,375,22,22,"simpls","cpu","irlba","cached_XtX","xtx_off",FALSE,FALSE,FALSE,3,0.017,0.00900000000000001,0.026,"accuracy",0.77,187.109375,"success",NA,196.375,9.265625,1,NA
"metref","classification",773,100,375,22,22,"simpls","cpu","irlba","cached_XtX","xtx_on",TRUE,FALSE,FALSE,1,0.017,0.01,0.027,"accuracy",0.77,193.09375,"success",NA,202.609375,9.515625,1,NA
"metref","classification",773,100,375,22,22,"simpls","cpu","irlba","cached_XtX","xtx_on",TRUE,FALSE,FALSE,2,0.016,0.00900000000000001,0.025,"accuracy",0.77,191.71875,"success",NA,199.1875,7.46875,1,NA
"metref","classification",773,100,375,22,22,"simpls","cpu","irlba","cached_XtX","xtx_on",TRUE,FALSE,FALSE,3,0.017,0.00900000000000001,0.026,"accuracy",0.77,198.375,"success",NA,206.640625,8.265625,1,NA
"prism","regression",479,54,1000,4686,5,"simpls","cpu","irlba","compact_prediction","coefficient_cube",FALSE,TRUE,FALSE,1,1.303,0.426,1.729,"rmsd",0.54824784254272,217.234375,"success",NA,616.34375,399.109375,1,0
"prism","regression",479,54,1000,4686,5,"simpls","cpu","irlba","compact_prediction","coefficient_cube",FALSE,TRUE,FALSE,2,1.348,0.396,1.744,"rmsd",0.54824784254272,209.375,"success",NA,617.296875,407.921875,1,0
"prism","regression",479,54,1000,4686,5,"simpls","cpu","irlba","compact_prediction","coefficient_cube",FALSE,TRUE,FALSE,3,1.329,0.395,1.724,"rmsd",0.54824784254272,214.03125,"success",NA,662.609375,448.578125,1,0
"prism","regression",479,54,1000,4686,5,"simpls","cpu","irlba","incremental_coefficients","coefficients_incremental",TRUE,TRUE,FALSE,1,1.383,0.399,1.782,"rmsd",0.54824784254272,209.453125,"success",NA,648.96875,439.515625,1,0
"prism","regression",479,54,1000,4686,5,"simpls","cpu","irlba","incremental_coefficients","coefficients_incremental",TRUE,TRUE,FALSE,2,1.404,0.397,1.801,"rmsd",0.54824784254272,212.453125,"success",NA,663.578125,451.125,1,0
"prism","regression",479,54,1000,4686,5,"simpls","cpu","irlba","incremental_coefficients","coefficients_incremental",TRUE,TRUE,FALSE,3,1.392,0.402,1.794,"rmsd",0.54824784254272,204.890625,"success",NA,659.28125,454.390625,1,0
"prism","regression",479,54,1000,4686,5,"simpls","cpu","irlba","incremental_coefficients","coefficients_recomputed",FALSE,TRUE,FALSE,1,1.43,0.4,1.83,"rmsd",0.54824784254272,214.078125,"success",NA,617.078125,403,1,0
"prism","regression",479,54,1000,4686,5,"simpls","cpu","irlba","incremental_coefficients","coefficients_recomputed",FALSE,TRUE,FALSE,2,1.329,0.401,1.73,"rmsd",0.54824784254272,207.90625,"success",NA,608.734375,400.828125,1,0
"prism","regression",479,54,1000,4686,5,"simpls","cpu","irlba","incremental_coefficients","coefficients_recomputed",FALSE,TRUE,FALSE,3,1.351,0.407,1.758,"rmsd",0.54824784254272,214.453125,"success",NA,598.015625,383.5625,1,0
"prism","regression",479,54,1000,4686,5,"simpls","cpu","irlba","compact_prediction","compact_prediction",TRUE,TRUE,FALSE,1,1.146,0.0219999999999998,1.168,"rmsd",0.54824784254272,205.84375,"success",NA,317.296875,111.453125,1,5.32907051820075e-15
"prism","regression",479,54,1000,4686,5,"simpls","cpu","irlba","compact_prediction","compact_prediction",TRUE,TRUE,FALSE,2,1.155,0.022,1.177,"rmsd",0.54824784254272,208.21875,"success",NA,330.359375,122.140625,1,5.32907051820075e-15
"prism","regression",479,54,1000,4686,5,"simpls","cpu","irlba","compact_prediction","compact_prediction",TRUE,TRUE,FALSE,3,1.145,0.022,1.167,"rmsd",0.54824784254272,213.296875,"success",NA,323,109.703125,1,5.32907051820075e-15
"prism","regression",479,54,1000,4686,5,"simpls","cpu","irlba","cached_deflation_products","deflation_cached",TRUE,TRUE,FALSE,1,1.366,0.397,1.763,"rmsd",0.54824784254272,211.265625,"success",NA,621.96875,410.703125,1,3.99680288865056e-15
"prism","regression",479,54,1000,4686,5,"simpls","cpu","irlba","cached_deflation_products","deflation_cached",TRUE,TRUE,FALSE,2,1.36,0.406,1.766,"rmsd",0.54824784254272,211.546875,"success",NA,621.171875,409.625,1,3.99680288865056e-15
"prism","regression",479,54,1000,4686,5,"simpls","cpu","irlba","cached_deflation_products","deflation_cached",TRUE,TRUE,FALSE,3,1.433,0.41,1.843,"rmsd",0.54824784254272,208.578125,"success",NA,668.875,460.296875,1,3.99680288865056e-15
"prism","regression",479,54,1000,4686,5,"simpls","cpu","irlba","cached_deflation_products","deflation_inline",FALSE,TRUE,FALSE,1,1.335,0.402,1.737,"rmsd",0.54824784254272,211.84375,"success",NA,650.109375,438.265625,1,0
"prism","regression",479,54,1000,4686,5,"simpls","cpu","irlba","cached_deflation_products","deflation_inline",FALSE,TRUE,FALSE,2,1.283,0.394,1.677,"rmsd",0.54824784254272,213.5,"success",NA,720.671875,507.171875,1,0
"prism","regression",479,54,1000,4686,5,"simpls","cpu","irlba","cached_deflation_products","deflation_inline",FALSE,TRUE,FALSE,3,1.276,0.395,1.671,"rmsd",0.54824784254272,216.28125,"success",NA,719.78125,503.5,1,0
"prism","regression",479,54,1000,4686,5,"simpls","cpu","irlba","matrix_free","explicit_crosscov",FALSE,TRUE,FALSE,1,1.146,0.0209999999999999,1.167,"rmsd",0.54824784254272,207.75,"success",NA,321.265625,113.515625,1,0
"prism","regression",479,54,1000,4686,5,"simpls","cpu","irlba","matrix_free","explicit_crosscov",FALSE,TRUE,FALSE,2,1.152,0.024,1.176,"rmsd",0.54824784254272,216.671875,"success",NA,316.671875,100,1,0
"prism","regression",479,54,1000,4686,5,"simpls","cpu","irlba","matrix_free","explicit_crosscov",FALSE,TRUE,FALSE,3,1.157,0.0249999999999999,1.182,"rmsd",0.54824784254272,213.140625,"success",NA,292.578125,79.4375,1,0
"prism","regression",479,54,1000,4686,5,"simpls","cpu","irlba","matrix_free","matrix_free",TRUE,TRUE,TRUE,1,0.299,0.0239999999999999,0.323,"rmsd",0.54824784254272,214.265625,"success",NA,280.578125,66.3125,1,5.77315972805081e-15
"prism","regression",479,54,1000,4686,5,"simpls","cpu","irlba","matrix_free","matrix_free",TRUE,TRUE,TRUE,2,0.281,0.033,0.314,"rmsd",0.54824784254272,209.625,"success",NA,279.96875,70.34375,1,5.77315972805081e-15
"prism","regression",479,54,1000,4686,5,"simpls","cpu","irlba","matrix_free","matrix_free",TRUE,TRUE,TRUE,3,0.28,0.027,0.307,"rmsd",0.54824784254272,210.609375,"success",NA,287.265625,76.65625,1,5.77315972805081e-15
"prism","regression",479,54,1000,4686,5,"simpls","cpu","irlba","cached_XtX","xtx_off",FALSE,FALSE,FALSE,1,1.386,0.402,1.788,"rmsd",0.54824784254272,211.28125,"success",NA,633.84375,422.5625,1,0
"prism","regression",479,54,1000,4686,5,"simpls","cpu","irlba","cached_XtX","xtx_off",FALSE,FALSE,FALSE,2,1.504,0.417,1.921,"rmsd",0.54824784254272,207.484375,"success",NA,651.53125,444.046875,1,0
"prism","regression",479,54,1000,4686,5,"simpls","cpu","irlba","cached_XtX","xtx_off",FALSE,FALSE,FALSE,3,1.333,0.407,1.74,"rmsd",0.54824784254272,211.0625,"success",NA,618.59375,407.53125,1,0
"prism","regression",479,54,1000,4686,5,"simpls","cpu","irlba","cached_XtX","xtx_on",TRUE,FALSE,FALSE,1,1.312,0.398,1.71,"rmsd",0.54824784254272,210.640625,"success",NA,623.5,412.859375,1,0
"prism","regression",479,54,1000,4686,5,"simpls","cpu","irlba","cached_XtX","xtx_on",TRUE,FALSE,FALSE,2,1.371,0.398,1.769,"rmsd",0.54824784254272,213.265625,"success",NA,644.171875,430.90625,1,0
"prism","regression",479,54,1000,4686,5,"simpls","cpu","irlba","cached_XtX","xtx_on",TRUE,FALSE,FALSE,3,1.325,0.405,1.73,"rmsd",0.54824784254272,209.15625,"success",NA,610.125,400.96875,1,0
